date,gross_value,net_value,benchmark_value
2006-02-14,97664.12638127804,97564.12638127804,102335.87
2006-02-15,95759.35534576674,95661.30567400505,104331.76
2006-02-16,96139.3451844232,96040.9064344475,103917.75
2006-02-17,97794.27768687703,97694.1444226884,102128.92
2006-02-21,100965.37493724855,100764.30058693218,105440.58
2006-02-22,101574.0575272495,101371.77097466668,106076.24
2006-02-23,101984.56202545074,101680.08617484174,105647.54
2006-02-24,101313.78472136513,100909.63139640972,104952.67
2006-02-27,97745.89395308649,97355.97338945811,101256.63
2006-02-28,98616.45769338952,98223.0643424085,102158.46
2006-03-01,97888.66182134883,97399.94867454295,102912.39
2006-03-02,100546.44505937785,100044.46282107946,100118.21
2006-03-03,103872.21586041957,103353.62957540638,96806.6
2006-03-06,105188.85001991638,104560.3367554494,98033.68
2006-03-07,104157.7179227314,103535.36576945042,97072.69
2006-03-08,101413.41572811549,100807.46103835554,94515.055
2006-03-09,100239.58619473677,99640.6452467547,93421.07
2006-03-10,104189.47624975527,103566.9343374857,97102.28
2006-03-13,106791.0430936646,106152.95657500865,99526.89
2006-03-14,105061.87413114194,104434.11955954354,97915.336
2006-03-15,102016.2160625105,101406.65958410167,95076.85
2006-03-16,101460.95854380865,100753.31312167279,95594.34
2006-03-17,102512.34747619936,101797.36908012387,94603.74
2006-03-20,106004.66056278284,105265.3248237071,91380.85
2006-03-21,106244.82502025201,105503.81424004391,91173.81
2006-03-22,103643.41202555991,102815.0411390286,88941.42
2006-03-23,103298.89790437755,102473.2805500043,88645.77
2006-03-24,104074.21405898358,103139.92670284305,87980.44
2006-03-27,105473.23842086778,104526.3918464419,86797.76
2006-03-28,111976.56458554405,110866.81043942377,92149.57
2006-03-29,112731.10575733845,111613.87366083705,92770.516
2006-03-30,112677.21353320176,111560.51554059437,92726.164
2006-03-31,112551.48883638582,111436.03685006622,92622.7
2006-04-03,109892.65808777373,108803.55669059773,90434.66
2006-04-04,120743.51444446118,119546.87462730097,99364.22
2006-04-05,127983.54163988741,126715.14886059726,105322.305
2006-04-06,130588.49443983704,129167.56988495828,103178.59
2006-04-07,128492.7449457682,126965.4565291701,101522.734
2006-04-10,127220.37347095438,125708.20869589662,100517.43
2006-04-11,124825.27267015137,123341.57650405046,98625.055
2006-04-12,125274.33316242846,123661.95780415894,98270.25
2006-04-13,122145.7999049125,120450.02917661147,95816.1
2006-04-17,119488.48792569393,117709.1590783256,97900.6
2006-04-18,120516.92468702288,118722.2811660078,97057.98
2006-04-19,116882.20039412534,115141.68233656583,99985.195
2006-04-20,117901.83742170277,116146.13572922992,99112.96
2006-04-21,120170.5831780152,118381.09710311661,97205.77
2006-04-24,120938.2411148477,119018.94258292482,97826.73
2006-04-25,124557.07513513812,122580.3454486161,100753.984
2006-04-26,122345.5628839541,120281.34970950265,102542.875
2006-04-27,120528.69892510764,118495.13986210602,104065.67
2006-04-28,121881.46306399745,119825.08017729843,102897.68
2006-05-01,118344.159901256,116347.45835990732,105884.03
2006-05-02,117551.0320780458,115451.36472343412,105174.414
2006-05-03,117534.50474749874,115435.13259996261,105159.62
2006-05-04,116278.66426004368,114086.28849095001,106283.234
2006-05-05,116278.66426004368,113972.20220245907,106283.234
2006-05-08,114887.6753858693,112608.80448682804,105011.82
2006-05-09,114192.16808281727,111927.09301825236,104376.1
2006-05-10,110229.4239038971,108042.95241764774,100754.0
2006-05-11,109501.57370667269,107329.53959699784,100088.72
2006-05-12,109647.08453402709,107472.16412354723,100221.72
2006-05-15,105102.05874547627,103017.29184336998,96067.39
2006-05-16,105554.93000670947,103461.18011199958,96481.32
2006-05-17,108919.15673907797,106655.21406426137,93406.29
2006-05-18,111211.98396922625,108793.72844538272,95372.555
2006-05-19,109263.91529117659,106888.01966123462,93701.94
2006-05-22,108867.40021401229,106500.12662947783,93361.9
2006-05-23,109194.991052544,106820.59414976122,93642.836
2006-05-24,110901.6224525761,108490.1156029783,95106.4
2006-05-25,109557.00623991004,107174.73747660182,93953.29
2006-05-26,113573.79715039457,110997.01030349977,90508.586
2006-05-30,110883.74645589825,108256.99505003095,88364.84
2006-05-31,106431.29170953274,103801.75856660758,91913.07
2006-06-01,105558.18519043377,102846.42160027722,91159.06
2006-06-02,108399.98732137943,105512.37211788664,88704.91
2006-06-05,108905.90115794812,106004.80915872654,88290.914
2006-06-06,106790.56255063423,103839.8152315293,86575.99
2006-06-07,110802.47032059202,107740.86932852243,89828.48
2006-06-08,108030.57622919873,105045.56589143103,87581.27
2006-06-09,103945.7162179543,101073.57530833838,84269.65
2006-06-12,106371.08916740821,103431.9323852517,86235.914
2006-06-13,105058.10884296865,102155.23123267753,85171.48
2006-06-14,108285.89815232214,105293.83297316986,87788.266
2006-06-15,104966.90964791244,102066.55197734157,85097.53
2006-06-16,104310.42673711685,101428.20845211342,84565.32
2006-06-19,104802.80887585816,101906.98550028152,84964.49
2006-06-20,105514.02591731284,102598.55078854521,85541.08
2006-06-21,108650.57953558523,105648.4377861042,88083.914
2006-06-22,107282.89414363718,104318.54313059652,86975.125
2006-06-23,107574.71028390584,104602.29605185964,87211.7
2006-06-26,104729.84943522005,101836.04201375702,84905.35
2006-06-27,107301.1340491278,104234.44300429244,82820.79
2006-06-28,112951.56895211912,109619.15273755058,87182.1
2006-06-29,109695.39452692094,106459.0454015718,84668.81
2006-06-30,110997.87499734253,107723.09872061288,85674.13
2006-07-03,112817.50081946985,109381.31692550992,84269.64
2006-07-05,110383.01751906681,106911.6015513945,82451.19
2006-07-06,109650.66767874418,106202.28325149139,81904.16
2006-07-07,108858.99087616795,105435.503752463,81312.81
2006-07-10,110145.51290383084,106681.56617673789,82273.79
2006-07-11,115469.71559823207,111731.64739741253,78296.84
2006-07-12,113921.62835250316,110121.94429157618,77247.13
2006-07-13,110476.77334790168,106791.98722902907,74911.27
2006-07-14,106770.21691735093,103102.26540958507,77424.586
2006-07-17,105689.65760100874,102058.82729883784,78208.16
2006-07-18,103292.1728885955,99743.70504591597,79982.24
2006-07-19,115511.52056257475,111443.52926710015,89444.055
2006-07-20,115091.45220247604,110926.81100545272,89769.33
2006-07-21,113764.5761936583,109647.94866214979,90804.266
2006-07-24,112819.93735777063,108737.4920503714,91558.25
2006-07-25,116354.06995145668,112035.0028138243,94426.36
2006-07-26,117210.30225932931,112747.41674573034,93731.484
2006-07-27,113161.56877265956,108852.842353251,96969.195
2006-07-28,109072.61426359008,104919.57838923205,100473.055
2006-07-31,110324.52000160082,106123.81671341602,99319.86
2006-08-01,111933.95796474905,107565.85009158803,100768.76
2006-08-02,109585.6016100516,105201.57008429166,102882.875
2006-08-03,111616.98845872033,107151.69019851048,100975.74
2006-08-04,109835.6486326119,105334.46214967567,99364.23
2006-08-07,105864.51862499944,101526.07344631896,95771.69
2006-08-08,103919.80115268295,99661.05264906652,94012.375
2006-08-09,104704.23152980457,100413.33620086992,94722.02
2006-08-10,105390.5951047519,100971.15850042367,94101.09
2006-08-11,104910.41069631261,100511.1100875101,94529.836
2006-08-14,109028.72482398887,104356.21621325682,98240.66
2006-08-15,111539.09725142941,106759.00472827155,100502.63
2006-08-16,110899.2627741378,106146.59084229123,99926.11
2006-08-17,111424.23305172597,106649.06312087624,100399.13
2006-08-18,109209.23961814523,104528.99490913798,98403.31
2006-08-21,110948.37839578357,106193.6015767577,99970.37
2006-08-22,111456.98988741594,106574.22253597692,99512.086
2006-08-23,110629.0121376732,105782.51727778671,100251.32
2006-08-24,112162.54746877826,107143.08815664015,101641.0
2006-08-25,109274.89628298038,104384.66413233122,99024.23
2006-08-28,108459.14887455352,103605.42276819445,98285.0
2006-08-29,109242.28640749649,104353.5136026527,98994.68
2006-08-30,107790.32780584357,102862.17903372055,100310.43
2006-08-31,108632.32575174597,103562.81884990705,101093.99
2006-09-01,113557.1441553336,108257.81246870323,105677.055
2006-09-05,111253.55762800935,106061.72661135395,103533.31
2006-09-06,106852.87692894186,101760.34921880248,107628.62
2006-09-07,106441.86608654098,101267.1664946556,107214.62
2006-09-08,106471.23901749407,101193.84428627398,107185.03
2006-09-11,106280.27382300787,101012.3445466893,107377.28
2006-09-12,103982.95953792891,98828.89983254716,109698.305
2006-09-13,103940.95379146011,98690.14725936847,109654.0
2006-09-14,103842.8697564714,98597.01815574056,109550.52
2006-09-15,103548.55075903624,98317.56733160841,109240.03
2006-09-18,103380.40511188853,98157.91593268703,109062.65
2006-09-19,101292.35035012919,96077.18594668174,111265.47
2006-09-20,102113.36885894684,96855.93328213875,110363.62
2006-09-21,104370.37422814193,98996.73388346015,107924.26
2006-09-22,108302.13040051164,102627.0618968457,111989.89
2006-09-25,110961.4465985418,105147.02902075405,114739.766
2006-09-26,109245.7550360307,103521.24028021334,112965.66
2006-09-27,110103.58945395054,104334.12388259062,113852.695
2006-09-28,110146.49027596298,104270.44256304174,113808.336
2006-09-29,107113.09489775458,101294.60101764984,110674.09
2006-10-02,105997.0544394266,100239.18502902774,109520.96
2006-10-03,107857.14094583294,101998.22971637055,111442.89
2006-10-04,107070.2290420603,101254.06367948424,110629.82
2006-10-05,106197.36893682499,100428.61823615697,109727.945
2006-10-06,106784.02339549187,100983.40501906721,110334.1
2006-10-09,105610.68026419319,99873.79909781966,109121.75
2006-10-10,104780.83405404864,99089.03099040162,108264.31
2006-10-11,107685.4493950099,101835.86462781325,111265.49
2006-10-12,107342.0435734557,101511.11296495936,110910.664
2006-10-13,107885.72959072841,102025.26539656529,111472.43
2006-10-16,106297.5260203945,100523.33468356194,109831.43
2006-10-17,106640.96599291643,100848.11864226773,110186.29
2006-10-18,113022.49420995945,106882.99565936152,116779.984
2006-10-19,114396.07201462857,108181.95929983398,118199.23
2006-10-20,112235.46848354097,106030.54002349317,120431.664
2006-10-23,111670.61837351778,105390.8870643957,119825.56
2006-10-24,110802.62264575032,104466.31167696847,120756.945
2006-10-25,111494.44213378947,105014.10276259846,121510.92
2006-10-26,113909.04251457055,107183.34635075899,118879.4
2006-10-27,113894.94118712422,107170.07762836154,118894.11
2006-10-30,114829.63558513919,107942.41343703488,119869.83
2006-10-31,112110.48867848315,105386.35481942585,117031.32
2006-11-01,111855.52182698467,105146.68030372311,116765.164
2006-11-02,112832.67879247181,105960.08292146439,115745.12
2006-11-03,114879.22560421922,107776.01525655654,117844.5
2006-11-06,116032.16057951123,108857.66197582484,119027.195
2006-11-07,118828.11053267322,111480.7327984531,121895.33
2006-11-08,120110.80465332032,112684.11539778078,123211.125
2006-11-09,120427.92601947878,112868.94440555661,122885.81
2006-11-10,118645.81220558278,111198.68974259359,124704.305
2006-11-13,117731.56348795135,110341.82629659766,125665.234
2006-11-14,116415.775647358,108998.28558082241,124260.78
2006-11-15,118576.4485127518,111021.29008102282,126567.055
2006-11-16,118908.92502222372,111332.58268141841,126921.94
2006-11-17,118050.19731881481,110417.23666557604,127838.53
2006-11-20,120958.15549641315,113026.75309782522,130987.61
2006-11-21,118623.68508517992,110732.33055788059,133515.66
2006-11-22,116889.8390465087,109113.82736812762,135467.17
2006-11-24,119555.9781591391,111602.60351195668,132377.3
2006-11-27,122586.9380772353,114320.32841852262,135733.31
2006-11-28,122600.3355838745,114218.50214031046,135718.47
2006-11-29,122413.36710702525,113930.09766003658,135511.5
2006-11-30,122867.38786257165,114238.72459386366,135008.89
2006-12-01,123136.51411827245,114488.95079904975,134713.17
2006-12-04,122933.79938221176,114300.47220186613,134934.95
2006-12-05,124873.39751974693,116103.85730926733,132806.0
2006-12-06,128751.77369865436,119709.86502116868,128681.26
2006-12-07,126947.1450002268,118031.97079341442,130484.91
2006-12-08,126242.33079872704,117376.65389561374,131209.36
2006-12-11,122529.77370900098,113807.4435672968,127350.734
2006-12-12,118390.51834527994,109849.03528135718,131652.86
2006-12-13,117725.76554583218,109122.3931553745,130913.64
2006-12-14,116622.34026811876,108099.60594805457,129686.61
2006-12-15,113630.98438541408,105326.85767849194,126360.16
2006-12-18,114747.78137969112,106362.0394003453,127602.06
2006-12-19,112687.07742160278,104451.931222677,125310.516
2006-12-20,110214.24308059824,102159.81105751099,122560.67
2006-12-21,111144.89492450144,102920.29126353322,121525.766
2006-12-22,112077.88410630422,103784.24024114567,120505.63
2006-12-26,112064.12011319557,103771.4947688444,120520.42
2006-12-27,112957.66301655403,104598.91645053822,119559.45
2006-12-28,118502.88702091893,109629.20087747875,125428.77
2006-12-29,117050.21178172836,108285.30428887624,123891.19
2007-01-03,114452.13906653448,105773.49411908763,126641.09
2007-01-04,115267.25651294418,106526.80306662999,125739.17
2007-01-05,114698.0035841695,106000.7152905071,126360.14
2007-01-08,105169.9880115486,97195.18743094195,136856.95
2007-01-09,110202.94411808166,101749.3107551426,143406.31
2007-01-10,108839.62453348801,100490.57098932692,141632.22
2007-01-11,107499.00481640118,99252.78979128397,139887.69
2007-01-12,104681.4668335626,96552.1314757648,143554.14
2007-01-16,106999.33679312606,98690.00068842417,140375.55
2007-01-17,113625.53993580383,104801.62728641742,131682.44
2007-01-18,114352.66051437244,105472.2812600794,130839.766
2007-01-19,116562.15114782895,107510.18764970943,128311.72
2007-01-22,118026.13970834982,108860.48603824047,126700.164
2007-01-23,116648.90459333792,107590.20401105902,128178.62
2007-01-24,117254.30300378033,108148.58849580445,127513.38
2007-01-25,116071.57869990102,106949.56340412302,126227.18
2007-01-26,115310.31252235692,106141.17524365144,127055.04
2007-01-29,115833.59814159686,106622.8507278234,126478.46
2007-01-30,116077.32324629967,106740.57267751858,126744.57
2007-01-31,114736.91070366443,105507.97703847697,125280.98
2007-02-01,114723.40034792126,105390.04541943182,125295.734
2007-02-02,113626.93876611456,104277.3967366566,124098.23
2007-02-05,113911.16029127686,104538.23172052827,124408.65
2007-02-06,116618.54095013675,107022.84153354276,127365.53
2007-02-07,116659.13787037432,107060.0980257432,127409.87
2007-02-08,112719.93311747759,103445.02204723559,123107.63
2007-02-09,110540.47412207826,101341.45000599326,125487.94
2007-02-12,110306.02968339462,101025.1742565758,125221.79
2007-02-13,111087.40409918687,101740.80591099775,126108.81
2007-02-14,110970.20259427628,101633.46542842657,125975.766
2007-02-15,110475.34489321744,101180.24373578503,125413.99
2007-02-16,111868.7784821025,102456.4375353092,126995.85
2007-02-20,116166.44638216689,106392.51110941099,131874.66
2007-02-21,115762.72815016193,105916.36814262909,132332.95
2007-02-22,115193.64330149209,105289.77122989942,131682.42
2007-02-23,114469.43393815147,104627.82638638827,130854.55
2007-02-26,108546.11485927585,99213.76973480536,124083.37
2007-02-27,109425.5722369595,100017.615011757,125088.7
2007-02-28,106256.98383938368,97021.43109849475,128710.84
2007-03-01,108270.81339600803,98860.22435718052,126271.46
2007-03-02,107117.27642603432,97806.94951718465,127616.79
2007-03-05,104796.68604115164,95688.05820294358,130381.48
2007-03-06,105355.20138962264,96198.02899677903,129686.61
2007-03-07,105691.50484231193,96408.90388745596,130100.57
2007-03-08,105655.45662834412,96376.02169128589,130056.2
2007-03-09,107937.4748236905,98457.61635864177,132865.25
2007-03-12,109703.04398514153,99969.66270707146,130691.94
2007-03-13,107717.46190359759,98160.2510101997,133057.42
2007-03-14,108232.09481200791,98629.22321373044,132421.72
2007-03-15,108207.95161355576,98607.2221158734,132451.27
2007-03-16,106347.9284720602,96912.22916647226,134728.02
2007-03-19,106756.4508449212,97187.59324195179,135245.56
2007-03-20,103967.40388249246,94551.34819998498,138778.89
2007-03-21,104067.10564811832,94547.4688894219,138911.97
2007-03-22,103579.75410652263,94104.69829029488,138261.42
2007-03-23,106160.36693691665,96449.24712518153,141706.11
2007-03-26,106592.27573196181,96745.1974082276,141129.6
2007-03-27,104113.35225257263,94398.5336334502,137847.45
2007-03-28,104682.79384223132,94914.84061896804,138601.4
2007-03-29,105620.72430445044,95670.33793363957,137359.58
2007-03-30,104779.43041031357,94908.30120568095,138453.69
2007-04-02,105730.38346181251,95674.75794807871,139710.27
2007-04-03,105473.10371118423,95441.94712246401,139370.3
2007-04-04,105931.80754640554,95857.02533335981,139976.42
2007-04-05,104779.43039380322,94814.24650734765,138453.69
2007-04-09,105450.69557018451,95421.67013683301,139340.67
2007-04-10,103593.45441380785,93741.06431408269,136886.55
2007-04-11,103145.87899537297,93336.05613743371,136295.12
2007-04-12,100964.1157547772,91361.79232499412,133412.19
2007-04-13,102295.56223100786,92566.60985391382,135171.53
2007-04-16,101087.213650605,91473.18283547589,133574.84
2007-04-17,101143.19396339712,91523.83906787458,133648.81
2007-04-18,100997.71459643687,91392.19570515672,133456.58
2007-04-19,101780.88698529889,92100.88346625857,134491.44
2007-04-20,104622.75137256843,94672.46864802878,138246.64
2007-04-23,104924.8474218941,94851.16099136732,137847.45
2007-04-24,107299.28152600168,96902.77786922398,140966.92
2007-04-25,103371.90625265786,93259.03332028759,146126.61
2007-04-26,104501.401211662,94184.77076130344,147723.25
2007-04-27,104626.90435987814,94203.69916517429,147545.84
2007-04-30,104280.95533896238,93798.01078917361,147057.98
2007-05-01,105245.4432781437,94665.54263936906,148418.11
2007-05-02,105255.93745210915,94674.98187628086,148432.9
2007-05-03,104826.09343715632,94193.67336749495,149039.08
2007-05-04,101592.18866275619,91287.78075971553,153636.95
2007-05-07,100477.75062499527,90286.37920905967,155322.31
2007-05-08,98737.12024031814,88722.29946009806,158013.03
2007-05-09,98312.1591517099,88340.4418074683,158693.11
2007-05-10,97029.9322228384,87188.27004792893,160762.86
2007-05-11,96476.68389477642,86691.13721968111,161679.5
2007-05-14,98099.91235062623,88149.72301600104,158959.22
2007-05-15,97935.68486908148,87914.00326297275,158693.11
2007-05-16,96019.68071140313,86106.14830054686,161797.78
2007-05-17,96528.55070962053,86476.37397096903,162655.25
2007-05-18,98248.22260932438,88016.96469995979,165552.97
2007-05-21,99616.91463192255,89243.12548168885,167859.28
2007-05-22,99046.60185268012,88732.20326421401,166898.28
2007-05-23,97116.39354449518,87003.00071975029,163645.78
2007-05-24,99687.08401075144,89305.9876442336,167977.52
2007-05-25,100327.58719919248,89879.79086458699,169056.8
2007-05-29,96449.60579065059,86315.77033430166,175591.38
2007-05-30,98414.80354700294,87988.17153132315,179169.12
2007-05-31,96149.14855875836,85962.55310247315,175044.38
2007-06-01,93769.79956824046,83749.32351671757,179376.1
2007-06-04,94805.40470072039,84590.51196287709,181357.16
2007-06-05,95555.07627753742,85259.40950819277,182791.25
2007-06-06,95222.75599599285,84877.63596175067,183426.97
2007-06-07,94900.38515944753,84590.28789854056,184047.94
2007-06-08,91622.44442014767,81583.87647803173,177690.77
2007-06-11,91767.2836270939,81712.84644869187,177971.67
2007-06-12,89571.82137400059,79757.92893473436,173713.84
2007-06-13,88618.95070933453,78829.70114562898,175561.83
2007-06-14,89924.9355098775,79912.59126517056,178149.11
2007-06-15,86499.623870927,76788.7451152406,184934.95
2007-06-18,85510.82796385247,75834.16761820388,182820.92
2007-06-19,84051.74258987613,74540.19669716257,179701.4
2007-06-20,82426.70705421896,73024.51483301882,183175.7
2007-06-21,81827.95301425409,72421.03453710038,181845.11
2007-06-22,82266.99908569838,72737.18696104766,180869.4
2007-06-25,84075.92576178674,74336.56750609953,176892.36
2007-06-26,85649.94744621041,75653.91789464008,180204.05
2007-06-27,84715.39311377837,74828.43347997307,178237.77
2007-06-28,85755.33256251842,75747.0037303493,180425.77
2007-06-29,85207.25533690037,75262.89147268716,179272.62
2007-07-02,81054.4197631786,71519.46192271654,188010.02
2007-07-03,84610.96063850145,74586.10433342734,196259.6
2007-07-05,84324.17562202291,74333.29811306398,195594.38
2007-07-06,83068.52313158385,73226.41755111703,192681.83
2007-07-09,84356.050714919,74361.39658856223,195668.31
2007-07-10,84381.53561577795,74383.86199328107,195727.42
2007-07-11,83310.73359455107,73365.54662793443,198211.19
2007-07-12,85585.03346198564,75294.98727170944,203622.17
2007-07-13,85355.14307824126,75017.44204490712,204169.12
2007-07-16,85855.77839386948,75382.42598322833,205366.66
2007-07-17,85367.49717224014,74953.70908452856,204198.69
2007-07-18,86529.52823295096,75973.9866018133,206978.27
2007-07-19,84211.80055012148,73863.01929538333,212522.27
2007-07-20,84182.51741117053,73763.47173967815,212448.36
2007-07-23,79021.40386908426,69241.13545639145,199423.44
2007-07-24,80409.76593681243,70457.66365365486,202927.2
2007-07-25,85529.87765472781,74944.07279919951,215848.66
2007-07-26,86789.40687489268,75972.76937405577,212670.05
2007-07-27,88249.46743462034,77250.86134599702,209092.28
2007-07-30,82215.56274098624,71891.7164583985,194795.97
2007-07-31,84237.25449670095,73659.54344422132,199586.02
2007-08-01,85167.02332011232,74472.56076595555,201788.95
2007-08-02,88062.27934693934,76929.78559210479,194929.12
2007-08-03,90333.10653628204,78836.61377971497,199955.69
2007-08-06,90186.21308117632,78708.41512662995,199630.53
2007-08-07,89504.90167961385,78113.81270578744,198122.44
2007-08-08,84415.5642866571,73672.18391842762,186857.0
2007-08-09,83487.17532133913,72861.94894364875,184801.97
2007-08-10,81623.72240283946,71162.79156808389,188926.8
2007-08-13,84025.40897185632,73256.67696918474,183367.84
2007-08-14,86823.31871298092,75696.00541283625,177261.98
2007-08-15,88887.06524059588,77495.26131137527,173048.56
2007-08-16,92691.60729186003,80734.71638062983,180455.38
2007-08-17,92570.09117638215,80548.1406997281,180691.95
2007-08-20,88518.00030345221,77022.28929769214,188601.4
2007-08-21,85090.22253208225,74039.67231301586,195904.83
2007-08-22,84165.55599123811,73161.05127229597,193775.95
2007-08-23,81449.28961617425,70726.77110056128,200029.66
2007-08-24,79613.22712666856,69061.69314440375,195520.52
2007-08-27,82882.04070154966,71828.21302736505,187492.69
2007-08-28,78137.35629170264,67716.31858493324,198225.94
2007-08-29,76872.77343488598,66620.39085364991,201434.05
2007-08-30,75614.59363299896,65530.012213455804,204730.92
2007-08-31,72513.13691565729,62842.191161962255,213128.3
2007-09-04,68790.93115382116,59553.56705073891,202188.11
2007-09-05,69671.19167277099,60256.07111189757,199600.88
2007-09-06,71343.21476723798,61702.14286784133,194810.7
2007-09-07,68668.58030165164,59388.94912610591,202114.08
2007-09-10,69281.37001231982,59918.92858384341,200310.44
2007-09-11,68585.91809883264,59317.457603544884,202321.2
2007-09-12,68410.49016092716,59165.73638208087,202838.69
2007-09-13,67607.75029188395,58471.47596436612,205218.81
2007-09-14,67802.57291308338,58639.97093962555,204627.44
2007-09-17,66572.97249417775,57576.534410094326,208338.38
2007-09-18,66643.86095032233,57637.843248825295,208116.53
2007-09-19,66861.643341486,57826.195291237746,207436.44
2007-09-20,65031.798311158185,56243.62910248866,213113.47
2007-09-21,63168.53064915558,54632.15689932256,219219.52
2007-09-24,61081.111880057884,52826.82458375347,226463.7
2007-09-25,61244.612613436875,52968.230401291425,225857.5
2007-09-26,60551.06529686519,52368.40663735914,228415.16
2007-09-27,60954.75103051137,52717.53969636708,226892.36
2007-09-28,59814.84087802984,51731.67300512825,231135.47
2007-10-01,59007.52979731628,51033.45911326065,234255.08
2007-10-02,59204.9421523533,51204.19385480701,233471.38
2007-10-03,59834.76937087185,51748.90843132106,230987.69
2007-10-04,57839.53357669928,50023.301806658535,238690.14
2007-10-05,55525.18866301898,48021.70935003518,248240.9
2007-10-08,55541.76576160031,48036.04627763701,248166.78
2007-10-09,55895.77974912946,48342.22005613863,246585.02
2007-10-10,57423.94842710203,49663.877377049306,239843.48
2007-10-11,55647.06449776842,48127.11531179877,247265.03
2007-10-12,55736.893115526764,48204.80480511119,246865.88
2007-10-15,54869.01934832721,47454.21245586385,250709.8
2007-10-16,53843.346020058256,46567.14502495174,255396.34
2007-10-17,53609.5820056805,46364.97105985142,256505.17
2007-10-18,54561.26834938714,47188.049847881106,251951.64
2007-10-19,55822.680717616226,48231.8113215957,257776.58
2007-10-22,59600.54396084972,51495.95386731417,275221.9
2007-10-23,59674.18273516032,51508.083153633175,274881.84
2007-10-24,60685.17707130503,52380.72820627018,270224.8
2007-10-25,60047.70312869642,51830.489236263944,273063.4
2007-10-26,60174.48842301729,51888.09413739608,273639.97
2007-10-29,59553.506959801736,51300.73751722164,276463.84
2007-10-30,58614.02217175125,50491.444077194115,280825.2
2007-10-31,59388.573219171856,51158.659863566434,277114.25
2007-11-01,59252.32627710089,51041.29366685488,277750.0
2007-11-02,59785.353005735065,51500.454943684184,275251.38
2007-11-05,57983.87951509439,49948.62494398373,283545.38
2007-11-06,59643.676182020856,51378.41132414482,275428.84
2007-11-07,56176.49997790372,48340.32893091361,259417.75
2007-11-08,52942.98123505335,45557.86011040782,244485.67
2007-11-09,49226.05280879259,42359.41337896706,227321.25
2007-11-12,54412.454416817636,46822.35357279124,251271.53
2007-11-13,55645.039905265105,47836.18092097022,245579.58
2007-11-14,55038.73579554178,47267.12536209157,242903.75
2007-11-15,55738.85634833317,47868.387100011925,245993.61
2007-11-16,54921.478612161314,47166.42519326793,242386.27
2007-11-19,56562.913882193025,48576.08559990525,249630.45
2007-11-20,56693.56274975077,48639.710427207996,249053.86
2007-11-21,55656.991350561824,47750.3937173687,253607.48
2007-11-23,55332.55708559793,47472.048382640605,255085.83
2007-11-26,54604.57601471639,46847.483850676654,258441.83
2007-11-27,56294.48189289284,48250.475265230736,266440.1
2007-11-28,57565.816058826225,49340.146502349904,272457.28
2007-11-29,56919.21269626095,48785.93730630063,269396.94
2007-11-30,55869.67644391647,47886.370931747966,264429.5
2007-12-03,56166.392993904956,48140.68918949911,265833.84
2007-12-04,57943.77431440341,49664.09771122176,274246.16
2007-12-05,59333.81198300571,50855.51072172327,280825.16
2007-12-06,60692.5917663739,52020.13233513543,287256.22
2007-12-07,60664.4457229662,51996.00812392338,287123.0
2007-12-10,58893.36274175108,50477.99796192596,278740.53
2007-12-11,59618.03135655454,51099.11754413634,282170.38
2007-12-12,59315.021452935835,50788.30608236118,283604.5
2007-12-13,59760.282007826805,51169.559073496785,281475.56
2007-12-14,61640.466608590104,52779.46139934652,272619.75
2007-12-17,62115.1091636716,53185.872638467794,270520.53
2007-12-18,62067.59058063457,53145.184996774864,270727.47
2007-12-19,60681.31809196441,51958.193409424566,276774.16
2007-12-20,58509.58615560753,50098.65456731103,286679.66
2007-12-21,57034.107395194034,48835.28038204899,293909.06
2007-12-24,56991.062417361485,48798.42325115841,294130.9
2007-12-26,57099.92121112491,48891.63326106796,293569.1
2007-12-27,56737.61765754445,48581.41194910954,295431.8
2007-12-28,57234.49094916519,49006.85818854162,292844.6
2007-12-31,58170.68708373102,49808.473271378265,288054.47
2008-01-02,58143.794825962366,49785.446857742325,288187.62
2008-01-03,62582.21428453934,53585.82997254868,266188.75
2008-01-04,63419.89270802756,54303.08956596326,262625.78
2008-01-07,65701.21909658733,56256.46832327983,253178.64
2008-01-08,68828.0381746765,58877.54114713535,265227.78
2008-01-09,69357.47218705258,59271.55713128755,263187.62
2008-01-10,71434.08398230845,61046.18949288897,255307.61
2008-01-11,68914.93289741968,58893.37159537911,264311.16
2008-01-14,72669.41237187872,62101.877292767924,249911.5
2008-01-15,68628.3867388955,58586.39290135471,236014.34
2008-01-16,68091.03366003052,58069.08118936766,237862.3
2008-01-17,68289.9555436184,58180.6557512177,238557.2
2008-01-18,65869.1768315881,56118.236881951474,230100.67
2008-01-22,58856.48481060486,50143.668336486015,205603.27
2008-01-23,57387.91797288594,48892.50070937569,200473.12
2008-01-24,55022.165120669975,46876.96194980915,192208.84
2008-01-25,55022.165120669975,46876.96194980915,192208.84
2008-01-28,55669.696768110036,47428.63628562952,194470.86
2008-01-29,55940.536325053006,47659.38212373813,195416.98
2008-01-30,57286.3723575178,48805.987393563,200118.4
2008-01-31,56604.97309925542,48225.45903681547,197738.08
2008-02-01,55716.25997796567,47468.30651328918,194633.53
2008-02-04,54747.072264289076,46642.59244920971,191247.88
2008-02-05,51632.22560972354,43988.85194689883,180366.78
2008-02-06,51310.56956604445,43714.8122378579,179243.14
2008-02-07,53105.005334308975,45243.608806401375,185511.64
2008-02-08,54785.14941485929,46675.03285090098,191380.88
2008-02-11,52842.60828189617,45020.0556871317,184595.02
2008-02-12,54763.99442110692,46657.00953547885,191306.98
2008-02-13,53942.97942183434,45957.53344622068,188438.92
2008-02-14,52745.26896694324,44937.12599228486,184254.97
2008-02-15,53782.14466126426,45775.570724544996,180632.86
2008-02-19,53060.24474012482,45161.14039447372,183057.44
2008-02-20,52083.20801806413,44284.39446227047,179686.67
2008-02-21,52974.541919311036,44997.97778722215,176611.58
2008-02-22,53098.70542247468,45058.44757479761,177025.53
2008-02-25,52837.068639847654,44836.42808939131,176153.27
2008-02-26,54526.628053928915,46270.1527664465,181786.08
2008-02-27,51444.6646075175,43608.59308312225,192061.02
2008-02-28,49508.212031102266,41923.49313084936,184831.56
2008-02-29,48205.37162144853,40820.24947239533,179967.61
2008-03-03,49349.803468005586,41789.35295421201,184240.17
2008-03-04,49401.2723843024,41791.14741635228,184048.02
2008-03-05,47988.567613547464,40554.27463478021,178784.89
2008-03-06,48512.370739280916,40996.93122721316,180736.34
2008-03-07,47496.48581326964,40138.42516346551,176951.6
2008-03-10,50536.21504576904,42707.24561884724,188276.34
2008-03-11,50012.377196355825,42264.55968205761,186324.73
2008-03-12,49254.41844307472,41581.75782420206,189148.56
2008-03-13,48742.38927977123,41107.9088030455,187182.27
2008-03-14,48788.57201254342,41146.857972241494,187359.61
2008-03-17,51133.10541602266,43124.16903064537,196363.16
2008-03-18,49920.4410263901,42101.44327028949,191706.23
2008-03-19,48534.51173620959,40890.48950545575,197028.55
2008-03-20,50814.2749590336,42770.307204887555,206283.38
2008-03-24,50286.20340844634,42283.059780514566,208427.12
2008-03-25,48830.91760895289,41059.385446663786,214459.02
2008-03-26,50450.07193897062,42420.84832692806,207347.89
2008-03-27,49457.275373689,41586.057197863796,211428.27
2008-03-28,49287.82437258568,41443.57464153869,212152.64
2008-03-31,47216.69378184476,39702.0683705196,221067.55
2008-04-01,47860.8570324449,40243.71183109872,218051.58
2008-04-02,46523.89866320236,39119.532894948476,224142.69
2008-04-03,46072.80799933495,38740.23415664815,226315.95
2008-04-04,45227.07609470742,38029.10207154729,230470.3
2008-04-07,46111.94827019536,38773.14517995953,225961.11
2008-04-08,46534.34002464862,39128.31249412872,223891.28
2008-04-09,47489.97798153543,39892.73056455334,228489.16
2008-04-10,45213.0400162859,37980.04758130962,217534.1
2008-04-11,45016.38954374391,37776.87637866903,218480.25
2008-04-14,44833.600438507885,37623.48332556426,219367.39
2008-04-15,46441.065210540146,38934.81293669154,227232.58
2008-04-16,46202.38389062745,38695.774777715,228400.42
2008-04-17,44243.496847262555,37055.152682879576,238084.12
2008-04-18,46199.60295826137,38656.390517236214,248610.38
2008-04-21,44012.736372304214,36826.58326040267,236842.34
2008-04-22,43273.724785993734,36171.40676398416,240819.14
2008-04-23,41666.47107516675,34827.94423482229,249763.53
2008-04-24,41471.62652091717,34665.07862382247,250931.53
2008-04-25,40858.33538262746,34152.44414787822,254642.34
2008-04-28,41524.916831135146,34675.470195633614,258796.72
2008-04-29,41263.98017547017,34457.57448585402,257170.47
2008-04-30,42699.139383063004,35656.00723723671,266114.84
2008-05-01,42922.13980699908,35842.22421595467,267504.62
2008-05-02,43821.17078794209,36592.96195039527,273107.66
2008-05-05,44279.0141935334,36975.285060864335,275961.1
2008-05-06,45244.491191340174,37744.533398072526,269943.94
2008-05-07,44632.44033321407,37233.9392141715,273595.62
2008-05-08,45020.74668471938,37557.87792288839,271215.3
2008-05-09,43864.85491850553,36593.59267565444,278178.7
2008-05-12,43445.22403731339,36243.52195117581,280839.88
2008-05-13,44291.44504339316,36949.46904407277,275369.7
2008-05-14,43466.298482177954,36261.10298849309,280499.8
2008-05-15,42982.90333315942,35821.57678369506,277380.3
2008-05-16,43903.86501486184,36553.276640729775,271437.1
2008-05-19,43353.875034873774,36095.36852987603,274837.44
2008-05-20,45151.92959392903,37592.384468906086,263438.84
2008-05-21,45440.80399922476,37832.89418365732,261753.42
2008-05-22,44383.37347840387,36952.50357697992,267844.53
2008-05-23,43094.76662396514,35879.641248902546,275621.0
2008-05-27,42960.70772761768,35768.0271137306,276478.4
2008-05-28,43034.20545603929,35829.2195121345,276005.4
2008-05-29,42559.3449630901,35433.862361718486,279051.0
2008-05-30,43156.859608217404,35931.338338214686,275133.22
2008-06-02,42987.560520307765,35754.45274919058,274053.9
2008-06-03,43029.30034316073,35753.414956467976,273787.8
2008-06-04,42044.14126822088,34934.83782591854,280056.22
2008-06-05,42885.33090636136,35633.78951580577,274453.03
2008-06-06,43816.314925168146,36407.35212725386,268495.03
2008-06-09,44788.6167830279,37178.83873365642,274453.06
2008-06-10,43623.29665636013,36211.51149351529,267312.28
2008-06-11,41801.746826648654,34699.45079085422,256150.31
2008-06-12,42016.48159228511,34843.001748214694,254834.48
2008-06-13,40926.88260356715,33939.43014892771,261443.02
2008-06-16,39864.589652375886,33058.50262351897,268229.0
2008-06-17,39275.72178579888,32537.113748454714,264266.8
2008-06-18,39748.12736337485,32928.46782965588,267445.4
2008-06-19,38511.08351699297,31903.665877929398,259121.94
2008-06-20,38974.698265247025,32255.833722733616,256002.52
2008-06-23,38954.43874068147,32239.06674608531,256135.61
2008-06-24,39885.28687539397,32977.20651460468,262256.2
2008-06-25,37832.45578223668,31279.923125114678,248758.3
2008-06-26,37420.99859304085,30908.449868482407,251463.75
2008-06-27,36837.98674035975,30395.99380366931,247545.98
2008-06-30,38430.82161079212,31710.28383784444,258249.6
2008-07-01,39860.842029557054,32858.52109278665,248640.06
2008-07-02,39401.039715605766,32479.49186856009,251508.17
2008-07-03,40568.3354584517,33409.250248118886,258959.34
2008-07-07,39551.584314371525,32538.51570392507,265449.56
2008-07-08,38384.09796552851,31545.503074365155,257614.0
2008-07-09,38908.37554323072,31976.37421152405,261132.67
2008-07-10,39800.54205701835,32677.61401263618,255144.94
2008-07-11,39500.71308882626,32431.4441168003,257067.02
2008-07-14,38537.49844110771,31608.180316069556,250798.52
2008-07-15,37817.348762793765,30985.91052543926,255485.17
2008-07-16,38036.20390827245,31165.23102721136,254006.64
2008-07-17,36561.78933159123,29925.993849178823,244160.47
2008-07-18,36814.160983309004,30132.561214591857,245845.8
2008-07-21,37759.46950421497,30876.16805452208,239533.0
2008-07-22,38747.602132915825,31653.294475076982,245801.38
2008-07-23,37062.61686819423,30276.813561820927,235112.4
2008-07-24,36342.461422642074,29658.23473391257,239680.81
2008-07-25,34611.86270926653,28216.27527184567,228267.4
2008-07-28,35212.634644228754,28706.036439422332,232229.52
2008-07-29,35840.31972970123,29217.737739768167,236369.16
2008-07-30,35631.83579508892,29047.777511444383,234994.2
2008-07-31,35118.48509811285,28629.283866691985,231608.61
2008-08-01,34349.59174557476,28002.466793246855,226537.7
2008-08-04,36010.69223643321,29356.62877805421,237492.78
2008-08-05,36806.48445608054,30005.37434015742,242741.08
2008-08-06,36667.51299599269,29892.08205636134,241824.56
2008-08-07,38008.05688108675,30984.91995397835,250665.52
2008-08-08,38906.96016464782,31717.723695423178,256593.83
2008-08-11,39617.5857761638,32297.039753567326,261280.44
2008-08-12,40193.692141317035,32766.693060630565,265079.88
2008-08-13,40189.20781005705,32730.270652004874,265109.47
2008-08-14,40991.542094035874,33383.69528262021,259816.84
2008-08-15,40909.90773735346,33283.82820201321,259299.39
2008-08-18,40476.06003437266,32930.85472418094,256549.53
2008-08-19,41014.86459813908,33369.21989112283,259964.66
2008-08-20,40653.31926109238,33075.07078272692,257673.08
2008-08-21,41236.4488550056,33549.49828199981,261369.14
2008-08-22,40247.463740739455,32744.871421217937,255100.62
2008-08-25,40501.70621569118,32951.72016094807,256712.11
2008-08-26,40741.96186546195,33147.18938133529,258234.9
2008-08-27,40525.03244079912,32970.69810815048,256859.95
2008-08-28,39543.040795277746,32171.761052726542,250635.8
2008-08-29,38763.99169915206,31537.93571039497,245697.95
2008-09-02,38943.58580084191,31684.05139623608,246836.28
2008-09-03,40282.44568315593,32741.648273939063,238350.17
2008-09-04,40022.592986532174,32497.69786086445,236812.64
2008-09-05,40587.282545706665,32923.718947266585,233471.39
2008-09-08,38983.532479921545,31589.860228098292,224246.1
2008-09-09,38965.552247201726,31575.290151905727,224142.67
2008-09-10,39232.846648676175,31791.889116780963,225680.23
2008-09-11,38279.3217255018,31019.21108760029,220195.25
2008-09-12,36074.15005304313,29232.275412958435,207510.38
2008-09-15,35950.79976883111,29132.319919203197,206800.81
2008-09-16,39047.80065260085,31612.806887761053,188985.84
2008-09-17,37135.552217433724,30064.664879964388,198240.86
2008-09-18,35246.81109563375,28535.554216968347,208323.55
2008-09-19,32780.453703268206,26510.274194228783,193746.33
2008-09-22,33833.518204319116,27335.400353128985,187522.28
2008-09-23,33334.713976385225,26932.397236927325,190286.9
2008-09-24,34168.66636047033,27579.247038654932,195047.4
2008-09-25,35124.342930011946,28323.042358079743,189592.05
2008-09-26,41418.455379146304,33398.39462469904,155618.08
2008-09-29,38113.15824164433,30733.11855055167,168036.78
2008-09-30,36590.78042643438,29474.793176934334,161324.78
2008-10-01,33566.12446653133,27038.356790212216,147989.4
2008-10-02,32550.102981813794,26219.925951176698,143509.88
2008-10-03,32191.317903066625,25904.695627857687,145091.72
2008-10-06,29245.75525892452,23508.465368702033,131815.58
2008-10-07,29039.10520789984,23318.846453288726,132746.98
2008-10-08,29378.687966284357,23591.53661175816,131194.66
2008-10-09,32047.07227877191,25710.69856619868,143110.69
2008-10-10,27590.952445442745,22109.935743901442,163010.12
2008-10-13,29137.397238154077,23349.175131013868,153873.56
2008-10-14,27421.284143407393,21950.623329980597,144810.83
2008-10-15,28524.304765086406,22833.586726773163,150635.84
2008-10-16,27267.305337944235,21827.3639398716,143997.69
2008-10-17,26976.155189008234,21572.472098778188,145535.23
2008-10-20,28880.698557797037,23095.51007050702,135260.3
2008-10-21,30578.99855817337,24430.522456716764,143214.14
2008-10-22,31008.311487478433,24773.51404097003,145224.8
2008-10-23,31592.294836317775,25215.303167658665,142489.77
2008-10-24,30186.08403176129,24067.724581347444,136147.38
2008-10-27,32749.386776384283,26111.476411206724,147708.58
2008-10-28,34270.32922841535,27324.14195606664,154568.44
2008-10-29,32142.99253243251,25600.666911037595,164163.3
2008-10-30,33141.67146455191,26396.0765688802,159062.75
2008-10-31,33335.72339330197,26550.631524718927,158131.4
2008-11-03,34591.7270200551,27524.439850286282,164089.39
2008-11-04,32195.03026629342,25617.401916041366,152720.42
2008-11-05,30886.02514860605,24575.834011535928,146511.02
2008-11-06,31154.048363622394,24764.52272068874,145239.61
2008-11-07,30405.637266383525,24144.842140649824,141750.53
2008-11-10,30053.637351369798,23865.322184956443,140109.53
2008-11-11,31528.26904085406,25012.448578757056,133234.83
2008-11-12,33739.31406978466,26741.533382386508,142578.44
2008-11-13,31570.25397292466,25022.35222569163,133412.23
2008-11-14,30835.58288633894,24440.057299767202,130307.62
2008-11-17,30216.363195550093,23924.828247824233,132924.36
2008-11-18,28999.778847584996,22937.63158617646,127572.49
2008-11-19,30948.9947506442,24456.443514173963,118997.73
2008-11-20,30145.37016112712,23821.405137694335,122087.63
2008-11-21,33930.868462213206,26788.951501346175,137418.77
2008-11-24,34715.71376989729,27381.81019921232,134240.17
2008-11-25,33109.922524593705,26115.2520235718,140449.52
2008-11-26,32297.86443197124,25448.63084070939,137004.83
2008-11-28,30994.374962728056,24421.56533991159,131475.53
2008-12-01,32228.156015967463,25393.705111823907,136709.12
2008-12-02,33423.5995249679,26335.637375350274,141780.11
2008-12-03,31858.728266618902,25102.619909107547,135142.05
2008-12-04,30956.056911442854,24366.27057080493,138971.11
2008-12-05,32839.78169760703,25824.630215615212,147427.72
2008-12-08,32951.73169901148,25912.665739588203,147930.3
2008-12-09,33560.97115415146,26365.848330529312,145195.25
2008-12-10,32464.026921139917,25477.71167283251,140449.53
2008-12-11,33581.481733833316,26354.688259698334,145283.98
2008-12-12,32378.604821843026,25410.672558379425,140079.97
2008-12-15,32146.24236369173,25202.904234173267,141085.23
2008-12-16,34258.32479928187,26858.79330377663,131815.6
2008-12-17,34362.080359785316,26913.279677523693,132214.83
2008-12-18,34581.081158066416,27084.806828150988,133057.47
2008-12-19,36217.91875254859,28339.73601773208,126759.41
2008-12-22,35947.57387062364,28128.197010208107,127705.6
2008-12-23,36505.226142949025,28564.54782029649,125724.51
2008-12-24,36835.76518318143,28794.622903531254,126862.88
2008-12-26,36492.3453452415,28497.376011972603,128045.63
2008-12-29,36627.18563900369,28602.674657936648,127572.5
2008-12-30,36228.195836935076,28262.49534146732,126182.82
2008-12-31,38520.309074957746,30050.628540352336,134166.25
2009-01-02,36894.60411908053,28752.325996952975,139828.58
2009-01-05,36286.06966066092,28249.336813111244,137522.25
2009-01-06,37070.14326688981,28831.50242605071,134550.66
2009-01-07,37758.51961228817,29338.05931232062,137049.2
2009-01-08,38622.053667336615,29979.68011435559,133914.9
2009-01-09,39440.698165936024,30615.138301193118,131076.4
2009-01-12,39863.314883642044,30943.186988529502,129671.9
2009-01-13,40945.00807165836,31782.832027551143,126153.24
2009-01-14,41880.69360957929,32509.14123306659,123270.36
2009-01-15,42408.09629530799,32918.52815862437,121718.016
2009-01-16,44535.452844284315,34569.85072621294,115612.164
2009-01-20,47172.25460053981,36582.051196360815,122457.195
2009-01-21,44022.876557848336,34103.128625932295,130632.85
2009-01-22,44022.876557848336,34103.128625932295,130632.85
2009-01-23,44660.62162874142,34563.06641157151,132525.28
2009-01-26,44117.58605273441,34108.24554325561,134136.67
2009-01-27,42430.29204843285,32803.76260682319,139266.78
2009-01-28,42970.788378501544,33221.63183292218,137492.73
2009-01-29,41644.68714553025,32163.17309008021,133249.64
2009-01-30,42282.32515978503,32655.635952140456,135289.88
2009-02-02,42961.534386392756,33180.2052409773,137463.12
2009-02-03,42698.1620108324,32943.61634466629,138305.84
2009-02-04,41369.98205479107,31918.863782778477,142608.02
2009-02-05,39971.80571937426,30840.105761192506,147427.73
2009-02-06,38853.49124448424,29977.274171296038,151552.42
2009-02-09,40627.29994945591,31345.850023122894,144633.47
2009-02-10,41046.7351880081,31669.463802488655,143140.28
2009-02-11,40008.067771063324,30868.08361931231,146762.39
2009-02-12,39963.75494024698,30803.026127324807,146599.83
2009-02-13,41829.77157046897,32210.500337675683,139754.69
2009-02-17,41758.981116308394,32123.778520110234,139518.17
2009-02-18,40108.44204879474,30854.074374409916,134003.66
2009-02-19,40356.24913095735,31044.70402126204,134831.58
2009-02-20,42236.887887621255,32460.371408398896,128548.3
2009-02-23,40633.88573555034,31228.414040632357,133427.05
2009-02-24,40224.16752244184,30913.53275947184,134772.42
2009-02-25,41093.42021834772,31581.580685539007,131859.95
2009-02-26,41148.702167996504,31592.485014860722,132037.34
2009-02-27,40517.489300033805,31107.862608280706,130011.914
2009-03-02,40715.604633702314,31259.968394863798,130647.625
2009-03-03,42005.68047411382,32250.441958035684,134787.19
2009-03-04,40932.1643715497,31426.235127769087,131342.5
2009-03-05,39301.13242998738,30173.987803851232,126108.875
2009-03-06,38292.10394072847,29399.29223031082,122871.11
2009-03-09,40835.41085160705,31351.9512751109,131032.02
2009-03-10,38969.41867464732,29887.958030611793,137019.6
2009-03-11,37426.285014176596,28704.437320055782,142445.38
2009-03-12,37589.4331055957,28829.565265889905,141824.42
2009-03-13,37389.58639568441,28647.461408075476,141070.4
2009-03-16,39051.002349388145,29920.4187741399,147338.9
2009-03-17,38322.18358783398,29332.085990913543,150088.73
2009-03-18,38284.42434129816,29303.184781153348,150236.61
2009-03-19,38273.128761237545,29265.235874896127,150192.28
2009-03-20,35986.313380670974,27487.375902172833,159166.25
2009-03-23,35598.56719345181,27163.716893183835,157451.27
2009-03-24,35601.907815216,27139.10225932977,157436.48
2009-03-25,36731.930887584414,27973.372379171215,162433.61
2009-03-26,35722.26721878634,27204.45832803008,157968.75
2009-03-27,36511.272797409736,27778.124728563864,154479.66
2009-03-30,36731.41361216304,27917.83183624547,155411.08
2009-03-31,37978.85879382272,28865.956653172674,160689.05
2009-04-01,39383.521552342165,29933.575206954578,166632.19
2009-04-02,40529.651752967584,30804.69523901637,171481.47
2009-04-03,39670.05551325983,30120.551591984786,175118.44
2009-04-06,40825.50386165009,30997.856681157886,170017.84
2009-04-07,40356.90837304631,30642.063012415892,171969.33
2009-04-08,41484.48615998141,31467.564568713573,176774.19
2009-04-09,41710.00171651628,31638.62671732363,177735.16
2009-04-13,41047.32750824919,31135.963062379247,174911.38
2009-04-14,40814.88813115044,30959.64893186406,173920.89
2009-04-15,42136.73039862338,31962.316693999317,179553.55
2009-04-16,42820.2450527575,32480.788621786527,182466.16
2009-04-17,41807.158714146484,31712.3240046527,178149.17
2009-04-20,42244.31735688321,32043.925504163606,180012.0
2009-04-21,42157.56531039565,31978.120769020257,179642.33
2009-04-22,40807.93940462554,30922.399937068807,185393.38
2009-04-23,41296.065098573614,31292.27938082505,183175.8
2009-04-24,41572.714958399265,31470.619779125893,184402.92
2009-04-27,41296.06508588413,31261.195329493974,183175.8
2009-04-28,40882.77303480054,30917.071310305084,185009.02
2009-04-29,41108.18557073468,31056.61957024274,186029.1
2009-04-30,41568.8447833989,31404.64071787094,188113.73
2009-05-01,43146.76113476354,32596.732929133217,195254.36
2009-05-04,42937.65820276321,32406.162057477322,196200.64
2009-05-05,43005.619305979555,32457.454061201275,195890.08
2009-05-06,41889.10706648853,31582.335919842164,190804.39
2009-05-07,41931.29710157385,31614.14514075537,190996.56
2009-05-08,42054.644071812945,31707.142717490595,191558.39
2009-05-11,40383.10660475046,30446.88530251211,183944.56
2009-05-12,38782.973987088335,29240.463648140525,176655.97
2009-05-13,39905.98410278646,30087.158295010497,181771.28
2009-05-14,39733.96466181431,29957.46405825098,180987.73
2009-05-15,41106.89954972182,30992.589747541555,187241.44
2009-05-18,41366.558354372704,31188.359773863966,188424.17
2009-05-19,41879.39871041288,31543.827934889272,186088.19
2009-05-20,41317.118521147575,31088.771112796432,183589.73
2009-05-21,40758.145040357005,30668.17550437988,181105.97
2009-05-22,43513.05388890422,32741.087016475405,193347.23
2009-05-26,44268.343485689715,33309.39928603317,196703.31
2009-05-27,44940.43061466738,33815.10645217905,199689.69
2009-05-28,45186.64115499893,34000.365817011276,200783.7
2009-05-29,46364.46358633396,34886.609903964,206017.28
2009-06-01,46411.05397670102,34921.66651086257,206224.3
2009-06-02,45925.27278876322,34521.22225460551,208382.84
2009-06-03,46834.317738246675,35170.014180753664,212507.58
2009-06-04,46531.311396483616,34907.302956381165,213882.45
2009-06-05,46795.05261770739,35105.15886104066,212670.16
2009-06-08,46427.467718385946,34794.29535671906,210999.58
2009-06-09,45623.97242932073,34192.129143927836,207347.94
2009-06-10,45526.36602209687,34118.97964152001,206904.34
2009-06-11,44556.969831126575,33392.48175042479,202498.72
2009-06-12,44270.67356912789,33177.921767099186,201197.6
2009-06-15,44355.28063460649,33241.32912852118,201582.12
2009-06-16,44104.783049200516,33053.59786939613,200443.67
2009-06-17,44202.363576078555,33126.72797620818,200887.16
2009-06-18,43031.257505763664,32215.935234833487,206209.5
2009-06-19,42380.311833892796,31696.379983438117,203090.1
2009-06-22,43416.92593264081,32439.970828779664,198122.56
2009-06-23,42700.93281444297,31904.99983834197,201389.81
2009-06-24,43841.99227039445,32725.664076648165,206771.38
2009-06-25,43033.26041106314,32089.264040446058,210585.6
2009-06-26,42891.28738382279,31951.307595666367,209890.84
2009-06-29,43030.24103377835,32054.81931289557,210570.81
2009-06-30,43151.09287184633,32144.84632041011,211162.2
2009-07-01,42302.14906689502,31512.436656398364,207007.86
2009-07-02,41876.17710896994,31195.114377563572,204923.34
2009-07-06,40906.38625859667,30472.681276256706,200177.62
2009-07-07,41456.23426010798,30882.283405237715,202868.31
2009-07-08,41196.40952734858,30688.730344377884,201596.86
2009-07-09,41848.97391041159,31174.849708029495,204790.2
2009-07-10,43003.06183890754,32034.572524596842,210437.8
2009-07-13,42981.91180585742,32018.81708210812,210334.3
2009-07-14,44374.67437594222,33056.337473750515,217149.86
2009-07-15,44568.02001349828,33200.36779586586,218096.0
2009-07-16,45845.95515688435,34152.34898701661,224349.62
2009-07-17,46196.41395618228,34413.41871886614,226064.61
2009-07-20,46619.38095925485,34694.08907688386,223994.8
2009-07-21,48228.656470597096,35857.01595125463,231726.98
2009-07-22,48560.96129369753,36104.0777650096,233323.62
2009-07-23,49228.685271636634,36600.51683422967,236531.88
2009-07-24,49262.48769799499,36625.64824426307,236694.28
2009-07-27,49231.750653755844,36602.79588290298,236546.61
2009-07-28,49240.97127779399,36609.65122757588,236590.9
2009-07-29,50090.22841825504,37241.056476253994,240671.38
2009-07-30,50274.85145496313,37378.31991373429,241558.45
2009-07-31,51210.24771835499,38073.76783187471,246052.81
2009-08-03,50939.45616816123,37872.43987365795,244751.73
2009-08-04,51074.84215244411,37935.224133623466,244101.23
2009-08-05,50703.65762579881,37621.59607090613,242327.23
2009-08-06,51198.58835532692,37988.82961699081,244692.64
2009-08-07,50954.212091928355,37807.504925609566,243524.69
2009-08-10,50369.57678240805,37373.711497413744,240730.58
2009-08-11,51136.73738369544,37942.93682778641,244397.06
2009-08-12,52098.76496910305,38656.75147000383,248994.88
2009-08-13,51591.45814635619,38280.33498916033,246570.3
2009-08-14,49367.299744337804,36630.03217242878,235940.4
2009-08-17,50731.48161065415,37642.241183474456,242460.23
2009-08-18,50917.09848305738,37779.9670069059,243347.33
2009-08-19,51452.249063554445,38177.04327160377,245904.97
2009-08-20,50558.27525398009,37475.54679268137,250177.53
2009-08-21,50510.47600184802,37402.64078270672,249940.98
2009-08-24,50612.070206936274,37477.87055401954,250443.7
2009-08-25,50017.53461161355,37037.6212619009,247501.75
2009-08-26,50626.99528373536,37488.92246503598,250517.56
2009-08-27,50806.25792772473,37621.66515149665,251404.62
2009-08-28,50256.521372065465,37214.58922301612,248684.36
2009-08-31,49387.086620642025,36570.77910152166,244382.14
2009-09-01,49351.250258431224,36544.242535469886,244204.81
2009-09-02,49760.57501187309,36847.344543772,246230.27
2009-09-03,48637.18561926728,35978.63550960169,251789.11
2009-09-04,49385.38374472896,36496.12532219837,255662.44
2009-09-08,48874.2050028394,36118.360849971585,253016.11
2009-09-09,49279.735770005864,36418.05076990856,255115.52
2009-09-10,49393.96882282396,36466.05170093975,254524.14
2009-09-11,48946.39653150877,36135.62281045006,256830.44
2009-09-14,48540.671142995154,35836.088204373125,258959.36
2009-09-15,46681.19255343806,34463.29221329158,268879.5
2009-09-16,47369.093323028676,34936.684953441014,272841.75
2009-09-17,47248.46243686955,34812.777951140444,273536.6
2009-09-18,47503.82794275133,35000.93185486845,272058.2
2009-09-21,47622.55400816316,35053.408566497055,272738.16
2009-09-22,47885.88760341712,35247.23983607028,274246.3
2009-09-23,47452.18827241416,34928.007905711034,271762.5
2009-09-24,47826.47939984655,35168.58338740089,269618.9
2009-09-25,46835.18739029005,34439.64962232297,275207.22
2009-09-28,46641.461927594886,34262.756457941636,274068.88
2009-09-29,46649.009464760995,34234.03811233816,274024.53
2009-09-30,45518.947623718865,33370.492142859744,267386.38
2009-10-01,46535.747719447216,34115.92061554441,273359.22
2009-10-02,46817.624333267835,34322.56777717289,275015.03
2009-10-05,47821.83176095294,35058.764412305674,280913.94
2009-10-06,47882.22759796733,35103.04133235248,281268.7
2009-10-07,47635.58154500343,34922.22212184396,279819.84
2009-10-08,47937.58877341904,35143.62728099308,281593.88
2009-10-09,47852.011651571855,35045.746028584705,282096.56
2009-10-12,47653.917387817804,34865.620462134066,280928.75
2009-10-13,47335.422030669426,34597.73017444644,282806.3
2009-10-14,47516.07502724628,34729.77048089436,281727.0
2009-10-15,46890.190733854695,34237.578307539865,278016.1
2009-10-16,47341.53772669181,34567.136105648286,280692.2
2009-10-19,49560.72944858515,36187.51233292838,293849.94
2009-10-20,51096.7361335609,37309.05072581431,302957.06
2009-10-21,51026.935503487235,37220.7756947702,303370.9
2009-10-22,51340.26050006007,37449.325563617494,301508.1
2009-10-23,51707.78394591543,37717.40961776997,299349.72
2009-10-26,53012.72835752819,38669.280286849506,291795.06
2009-10-27,54347.65802133822,39643.02321486783,284447.28
2009-10-28,53231.879528355275,38829.13657631928,290287.1
2009-10-29,55360.07291246161,40381.51293996554,278681.5
2009-10-30,55122.19063366851,40207.993545681835,279879.0
2009-11-02,55285.24489371564,40326.93084770492,279051.1
2009-11-03,55888.59869434517,40726.710622388935,282096.5
2009-11-04,54945.440869474805,39998.693181597926,286857.06
2009-11-05,54857.66162269652,39934.79242652096,287315.3
2009-11-06,52847.83877656517,38471.699472862725,297841.72
2009-11-09,52449.10685632677,38181.43415717962,300088.9
2009-11-10,52379.34002518641,38130.64592017803,300488.06
2009-11-11,52704.05901477797,38367.03196111937,298625.22
2009-11-12,52062.173122653076,37899.75758038065,302262.2
2009-11-13,51507.04551988938,37495.640727222104,305485.16
2009-11-16,51414.82955952676,37428.5101728645,306032.1
2009-11-17,51673.12799435785,37616.54396931067,304494.62
2009-11-18,50305.77669187001,36583.53518980368,296437.22
2009-11-19,50157.739437907054,36475.87904281826,295564.88
2009-11-20,48662.44220036649,35351.98810518592,304376.2
2009-11-23,48322.083951061264,35069.374774721524,302247.3
2009-11-24,48263.005365778285,35026.49895317071,301877.78
2009-11-25,47412.09093045026,34408.95445190374,296555.44
2009-11-27,47572.82484971568,34491.196883171,295550.1
2009-11-30,48272.45751657462,34998.443785888274,291203.56
2009-12-01,48091.09551242485,34831.954462340305,290109.5
2009-12-02,48029.808173522666,34752.73263122799,290479.2
2009-12-03,48802.290465904276,35311.67449650689,285807.28
2009-12-04,49905.46024550943,36109.89055972663,279346.62
2009-12-07,49662.4700223365,35934.071113864535,280706.75
2009-12-08,47588.29731776825,34433.270420003166,292430.62
2009-12-09,47917.911753761124,34671.76819463654,290405.12
2009-12-10,48347.24509778395,34982.419173307775,287803.2
2009-12-11,48920.93924978071,35362.54229451915,291218.28
2009-12-14,49618.808880941455,35831.63540508892,287063.97
2009-12-15,49838.55235341061,35954.488916823415,288335.28
2009-12-16,50648.59868116158,36502.91740730593,283648.84
2009-12-17,49706.16851291692,35823.699196153655,288926.78
2009-12-18,48993.999355332315,35310.43224274807,293066.38
2009-12-21,49520.42564670349,35654.52214803339,296215.28
2009-12-22,49950.47010857676,35964.15255993436,298787.66
2009-12-23,48235.18521115453,34693.18966560979,309047.94
2009-12-24,48828.20286420809,35085.024824957014,312847.47
2009-12-28,49407.3728787826,35466.09671657086,309136.7
2009-12-29,48807.191470211284,35035.2684688091,312891.97
2009-12-30,49017.05528691564,35185.915021881374,311546.56
2009-12-31,48254.10151126882,34638.24387847227,316395.8
2010-01-04,48170.6958356819,34578.37277857926,316942.66
2010-01-05,48936.91473978915,35128.38772929935,311901.28
2010-01-06,49027.38186135253,35193.327747278214,311324.7
2010-01-07,48701.43198927577,34959.35113580789,313394.47
2010-01-08,49131.04443714979,35267.73985876883,310629.9
2010-01-11,49689.923188490844,35668.91981821594,307096.44
2010-01-12,48989.010421429426,35165.783574816225,311428.25
2010-01-13,49272.74201112498,35369.45463472823,309624.53
2010-01-14,50096.18048731678,35960.54351347542,304450.12
2010-01-15,52312.35235790593,37515.41772443667,317918.5
2010-01-19,51507.13301390944,36937.96060985023,313024.94
2010-01-20,52397.49638806271,37539.54017717279,307613.9
2010-01-21,54996.34123225141,39401.450519608275,292356.66
2010-01-22,53516.79690817966,38341.44923279006,300221.8
2010-01-25,54273.15233089632,38844.98929959404,304464.88
2010-01-26,53761.898780121184,38440.22418484904,307332.94
2010-01-27,55983.424946923056,40028.63467298358,294633.47
2010-01-28,58014.43846331434,41480.826962765714,283944.5
2010-01-29,58820.95092724252,42016.00954659635,287891.88
2010-02-01,58479.607843652426,41730.17098687497,289562.53
2010-02-02,59485.80504478735,42406.448046068814,294544.75
2010-02-03,61629.59659947753,43892.31519400289,283929.72
2010-02-04,60535.309737497286,43112.96912476218,288971.12
2010-02-05,60950.3388375257,43408.55094061468,286989.94
2010-02-08,60300.377071908675,42945.65116105074,290050.34
2010-02-09,60629.251177846534,43179.873786436096,288468.44
2010-02-10,59526.18295157235,42394.27366994066,293716.75
2010-02-11,60038.557024458525,42716.78985399301,296244.9
2010-02-12,59133.70212212256,42030.27849899491,300709.7
2010-02-16,59380.808118145986,42205.913263248076,299453.12
2010-02-17,59492.21567164672,42242.89215209408,300014.94
2010-02-18,59861.62087436845,42462.948183638546,298152.03
2010-02-19,59490.58493532441,42157.29022630271,296304.03
2010-02-22,58493.234015096765,41450.52944647147,291336.53
2010-02-23,59561.83887849078,42207.78347939644,296658.9
2010-02-24,59164.11345292657,41883.73233844933,298639.88
2010-02-25,59931.499584752615,42385.10013934331,302513.38
2010-02-26,61211.44288321231,43290.30900703028,308974.06
2010-03-01,61170.43886744642,43261.309910955686,308767.1
2010-03-02,61029.85434196485,43118.62360364162,309476.72
2010-03-03,61432.1725994939,43359.749628862905,311516.84
2010-03-04,63834.56638783478,45055.39522895445,323699.2
2010-03-05,63796.68274396976,44983.60098918348,323891.28
2010-03-08,64944.01351813658,45747.610387953515,329716.2
2010-03-09,64414.026050351946,45328.53105885466,332406.9
2010-03-10,64224.95927598976,45195.48365164595,333382.6
2010-03-11,63911.62892906511,44974.99123356369,335009.03
2010-03-12,63133.182337372295,44382.21877223216,330928.62
2010-03-15,63305.23237323776,44503.16883444741,331830.47
2010-03-16,63398.320095174466,44524.10573194648,331342.53
2010-03-17,63248.39366150686,44418.813661516084,332126.12
2010-03-18,63924.07295788125,44893.337535137616,328578.03
2010-03-19,64643.11283683437,45353.41984282359,332274.0
2010-03-22,63604.79415805746,44579.58505965165,337611.12
2010-03-23,63323.48185790734,44382.41775836764,339104.3
2010-03-24,62572.52787806094,43811.70368175262,335082.88
2010-03-25,63745.86631916374,44633.24562425146,341366.25
2010-03-26,64157.2186028867,44921.26410415695,343569.1
2010-03-29,63201.98781101378,44207.51436499456,348684.47
2010-03-30,62974.202095220724,44003.97894573561,347427.75
2010-03-31,62714.265482752395,43778.34114148174,348861.78
2010-04-01,62044.54147347171,43310.83337553344,352587.28
2010-04-05,61771.33573842766,43120.11928873834,354139.84
2010-04-06,62044.66164128873,43267.79714063124,355706.84
2010-04-07,61877.04731107653,43150.90871468714,354745.9
2010-04-08,62351.53256515832,43481.798289660175,357466.16
2010-04-09,62222.60130213987,43348.40429609383,358205.3
2010-04-12,62258.53361046001,43330.088728673036,358412.16
2010-04-13,63095.7743651685,43912.783406574745,363232.03
2010-04-14,63925.28670942782,44490.09934053448,368007.38
2010-04-15,63534.91929280057,44218.415222417054,365760.1
2010-04-16,63450.1808461303,44159.43978242474,365272.25
2010-04-19,64087.071990023025,44558.537646902725,361605.78
2010-04-20,67920.3913063978,47179.21404303273,383234.97
2010-04-21,69819.99011772264,48498.7232094492,393953.3
2010-04-22,68677.56212872264,47656.665238640046,400399.34
2010-04-23,68340.28697914047,47374.966938859645,398433.0
2010-04-26,70231.9835669095,48638.95701390937,387404.12
2010-04-27,70349.94534435126,48720.65110157255,386753.44
2010-04-28,68456.71106873415,47409.497181773724,397161.6
2010-04-29,70380.68196273485,48741.93765770247,385999.4
2010-04-30,68962.7640858159,47759.96273456775,393775.9
2010-05-03,70948.64104525898,49135.276077003015,382436.6
2010-05-04,71686.4432168059,49646.23883619166,378459.6
2010-05-05,74414.00766958435,51535.20570617859,364059.75
2010-05-06,77553.74952471479,53709.62484359298,348699.03
2010-05-07,83515.147493722,57784.46413380474,375502.8
2010-05-10,82683.2490112446,57151.0857868092,379243.2
2010-05-11,80887.88419081623,55910.12041476671,387477.97
2010-05-12,82039.08518109785,56705.83644359011,381963.38
2010-05-13,80597.46254078737,55652.67364429318,375251.38
2010-05-14,80724.50402464034,55740.39598712225,375842.88
2010-05-17,81315.13575535962,56092.48772278629,373092.97
2010-05-18,82610.49289147902,56986.04589715868,367149.56
2010-05-19,86129.92225953142,59413.80484738192,351508.0
2010-05-20,84478.00475097315,58274.285596665395,358249.7
2010-05-21,82930.15356408944,57206.55296742666,364813.75
2010-05-24,83447.68448936359,57563.55411859535,362537.12
2010-05-25,83825.44658186386,57824.14048223934,360895.94
2010-05-26,86998.41960188438,59955.08413408661,374556.62
2010-05-27,88210.60748698842,60790.46513261868,379775.5
2010-05-28,89566.98987440523,61725.217976724445,385615.2
2010-06-01,90638.37696931127,62463.56591119513,390227.84
2010-06-02,90923.38323283488,62597.51481560807,389000.8
2010-06-03,93397.6057053614,64300.92896908799,378415.25
2010-06-04,95229.33375697777,65562.00857009224,370993.72
2010-06-07,94618.30918561609,65075.77788094119,368613.28
2010-06-08,96944.57497736954,66610.64145157688,359550.66
2010-06-09,94030.62683758876,64608.46696380655,370358.0
2010-06-10,92904.56825137345,63834.75183062486,374793.2
2010-06-11,93186.72635404883,63964.78798094998,375931.47
2010-06-14,95169.35646505286,65325.695479869864,383929.72
2010-06-15,92398.82391571076,63358.63405392038,395106.56
2010-06-16,93996.17910135826,64390.595017807405,401937.0
2010-06-17,94756.78717997114,64911.637545551246,405189.47
2010-06-18,96105.18039552697,65770.42134219978,399423.6
2010-06-21,94796.11565690607,64874.55143103609,404864.22
2010-06-22,95793.04475531288,65556.80858492377,400606.44
2010-06-23,95096.59475482522,65014.630122986426,397693.9
2010-06-24,95909.74427384847,65505.54092163701,394293.3
2010-06-25,95334.32403340876,65112.533783596504,396658.9
2010-06-28,99644.40836826121,68056.28478522824,378725.88
2010-06-29,101449.27926170007,69288.9962793894,371865.97
2010-06-30,102679.43325251667,70129.18100926698,367356.8
2010-07-01,102043.11762418141,69624.45365737761,365080.25
2010-07-02,101344.83422306828,69078.38746583083,367578.5
2010-07-06,105437.25501923349,71798.77369782931,382421.75
2010-07-07,105200.87475066638,71637.80769576119,381564.4
2010-07-08,104577.18503581185,71141.4608354034,383826.53
2010-07-09,105515.78544491497,71779.96916990711,380381.6
2010-07-12,107767.24618864134,73311.58628378721,372265.12
2010-07-13,108165.2718736467,73509.04244356198,373640.03
2010-07-14,107617.45021468308,73136.74323067506,371747.7
2010-07-15,106954.05817580363,72685.90246914416,369456.1
2010-07-16,108802.93842407642,73869.71427882528,363069.44
2010-07-19,111598.55512788499,75693.8760895641,372398.28
2010-07-20,110557.378255391,74911.9838842617,375872.62
2010-07-21,112635.95537074962,76245.4838745493,382939.38
2010-07-22,113035.97957054003,76516.26808882756,384299.38
2010-07-23,113322.95976401724,76634.01433346889,383323.7
2010-07-26,115420.86820516302,77976.07910607022,390420.0
2010-07-27,114057.2399434251,77054.83854652473,385807.4
2010-07-28,112811.62002506318,76213.3221136589,381594.0
2010-07-29,112435.71245495525,75959.36631797727,380322.47
2010-07-30,114446.21003155854,77317.61912367542,387123.1
2010-08-02,114481.1896628568,77341.25067782702,387241.44
2010-08-03,114940.09128576965,77651.27563091046,388793.72
2010-08-04,114380.63279042947,77273.31642329416,386901.3
2010-08-05,113677.02680778684,76797.97399505558,384521.3
2010-08-06,114402.50810661039,77288.09495867965,386975.34
2010-08-09,113379.77993314297,76597.15982538513,383515.88
2010-08-10,109350.01382173393,73874.72872632556,369884.9
2010-08-11,110049.28649019358,74347.14365233011,372250.28
2010-08-12,111224.96793283035,75067.06387644379,368273.44
2010-08-13,110573.06009522831,74552.01639992853,366114.94
2010-08-16,112506.47847256505,75855.59105410735,372516.6
2010-08-17,112997.57485034714,76186.70448425775,374142.66
2010-08-18,111573.23049459886,75226.36438263227,369426.56
2010-08-19,111680.3505023209,75223.36187246491,369071.88
2010-08-20,109962.43849501932,73991.02254516921,363394.66
2010-08-23,107336.41776921877,72224.03773302727,354716.4
2010-08-24,106012.24046018293,71260.80732559548,359092.44
2010-08-25,104873.09903889109,70423.82232465873,355233.84
2010-08-26,105457.91955067351,70816.53786554601,357214.78
2010-08-27,105842.03707354127,71074.47840921389,358515.88
2010-08-30,106103.9199168892,71250.33657492872,359402.97
2010-08-31,109259.51671783286,73369.36605412343,370091.8
2010-09-01,110062.62037239116,73908.66192308527,372812.16
2010-09-02,112943.2552262782,75843.05042682472,382569.62
2010-09-03,112524.27602713146,75561.6997568355,381150.44
2010-09-07,114754.61103628384,77059.40238838228,388705.2
2010-09-08,114820.02096796138,77103.32611571504,388926.72
2010-09-09,114968.42796423435,77202.98358777456,389429.4
2010-09-10,116552.79030189214,78266.90610734955,394796.06
2010-09-13,116997.98347857347,78565.85984727032,396304.06
2010-09-14,117940.75610412474,79198.94547630996,399497.5
2010-09-15,120712.24229364633,81060.03905297384,408885.28
2010-09-16,120188.55998784104,80708.37871303363,407111.47
2010-09-17,116757.97324515486,78323.98108082892,418731.78
2010-09-20,116535.39116375722,78174.66781126987,419530.06
2010-09-21,114900.9382475333,77078.2385419896,425414.1
2010-09-22,114433.74292730677,76764.83298684485,427143.88
2010-09-23,113087.0511282223,75861.44060976301,432170.62
2010-09-24,113535.84057372772,76162.49907336991,430455.53
2010-09-27,115212.61460630823,77287.3183379944,424098.3
2010-09-28,115417.45507438295,77347.44279977001,424852.3
2010-09-29,116871.3570655769,78244.433259568,419500.5
2010-09-30,117377.9353166602,78583.58332296116,417682.16
2010-10-01,118989.99270694795,79662.84277584995,411945.78
2010-10-04,114591.48845502651,76718.07956763047,427173.53
2010-10-05,114492.31026734441,76651.68056892164,427543.22
2010-10-06,114480.4652554022,76643.75042872613,427587.47
2010-10-07,112560.72299795972,75358.49843277516,434757.75
2010-10-08,113054.54493295237,75613.74974674461,436665.1
2010-10-11,114271.72696504518,76427.83199019163,441366.34
2010-10-12,113659.31662419694,75941.80857508995,443731.75
2010-10-13,112837.56583967313,75392.7533579002,446939.9
2010-10-14,108198.0630086985,72292.85581902607,465316.53
2010-10-15,109318.78209104233,72969.3747328503,470136.25
2010-10-18,112244.32423001243,74849.18032095475,457554.7
2010-10-19,111867.08686943512,74597.62277076814,459092.47
2010-10-20,112230.93870741337,74840.25429817737,457599.25
2010-10-21,112974.24002305519,75335.9185073829,454568.56
2010-10-22,112470.89757403708,75000.26884324002,456593.84
2010-10-25,112758.57491965411,75192.10405329677,455425.97
2010-10-26,112839.10289609178,75245.80345476417,455100.72
2010-10-27,113788.44412444449,75878.86364087636,451271.88
2010-10-28,115376.55132694881,76937.87952595278,444973.62
2010-10-29,116603.23739170471,77678.94689602828,449704.6
2010-11-01,118588.88526718007,79001.74924117343,457362.66
2010-11-02,117270.17941238631,78044.24973871898,462448.5
2010-11-03,119320.83440831293,79330.93291953405,470535.12
2010-11-04,118893.46795872433,79046.79663007135,468849.84
2010-11-05,119452.14085386248,79418.23253385078,471052.97
2010-11-08,118499.8349925114,78785.0881816482,467297.6
2010-11-09,119230.95799974828,79271.17823063796,470180.75
2010-11-10,118713.5719300095,78927.192037485,468140.47
2010-11-11,115481.85089958496,76778.56941386218,455396.3
2010-11-12,115110.73476418143,76531.8313702586,453932.84
2010-11-15,117154.0273464939,77813.79076622691,445875.25
2010-11-16,117577.4163874965,78095.00607734763,444263.88
2010-11-17,120680.22563209762,80077.79924400737,455987.78
2010-11-18,120015.0550466796,79636.4229015028,453474.47
2010-11-19,122609.21024606688,81357.78394616662,463276.44
2010-11-22,120797.57562987352,80155.66725853887,456431.2
2010-11-23,118422.51621982006,78499.53234832914,465405.28
2010-11-24,118347.31185562468,78449.68112401525,465700.8
2010-11-26,119049.88686258506,78836.95207817684,468465.47
2010-11-29,121198.89122186966,80181.22402736347,460009.1
2010-11-30,123243.84108160196,81453.9147741511,467770.66
2010-12-01,123925.48273427793,81904.42313705433,470357.84
2010-12-02,124202.01493201703,82005.28346604829,469308.28
2010-12-03,123141.69781371744,81305.2013788321,473314.8
2010-12-06,122395.5361303644,80731.23750047156,470446.8
2010-12-07,123472.45053146534,81441.56268904998,474586.1
2010-12-08,122991.70396679037,81124.46562556743,472738.28
2010-12-09,122683.97915800869,80840.36803356836,473921.06
2010-12-10,123108.75277591014,81039.42448529704,475561.9
2010-12-13,122580.63312935703,80691.77648098377,473521.8
2010-12-14,122607.419777424,80709.40946397069,473625.28
2010-12-15,122948.02070176402,80933.61856580376,474940.97
2010-12-16,122703.0915799653,80772.38782775552,473994.8
2010-12-17,123315.40826724237,81175.46064606277,476360.2
2010-12-20,124077.06750850323,81676.84194653004,479302.4
2010-12-21,124444.45507844289,81918.68402972582,480721.56
2010-12-22,123847.45023632696,81525.69061756709,478415.4
2010-12-23,124260.73690951688,81797.74693677716,480011.9
2010-12-27,124563.10079436777,81996.78554825635,481179.9
2010-12-28,124494.20343989028,81951.43213650034,480913.75
2010-12-29,123870.3997732559,81540.79772590008,478504.0
2010-12-30,123449.37797917805,81263.64956934341,476877.6
2010-12-31,126132.23305638856,83029.70621870572,487241.3
2011-01-03,126790.52192890292,83463.04138107834,489784.25
2011-01-04,127827.70971307997,84145.79625607806,493790.88
2011-01-05,127724.32714213482,84077.74208558007,493391.5
2011-01-06,128639.00771368675,84679.85351498736,496924.88
2011-01-07,131061.60962566447,86274.59199033378,506283.25
2011-01-10,130751.64463625102,86070.54976111568,505085.84
2011-01-11,131815.58255351643,86770.91358220171,509195.8
2011-01-12,131333.34981830072,86366.70087468805,511058.66
2011-01-13,132397.16184385313,86979.91227126458,515198.28
2011-01-14,129422.33852775005,85025.56621540031,503622.34
2011-01-18,130110.01385621593,85392.31725004301,500946.38
2011-01-19,132475.39665769655,86944.73825604677,491839.22
2011-01-20,130102.09977567851,85300.17843289969,483027.94
2011-01-21,125829.37203563462,82413.50579968434,498891.22
2011-01-24,124356.44865568858,81448.79638762993,504731.12
2011-01-25,125248.85678336029,81951.84134827011,508353.2
2011-01-26,125015.74364410626,81799.31260273923,507407.03
2011-01-27,127605.59847476037,83412.08661916837,496895.47
2011-01-28,126383.06965690458,82612.9549128147,501655.97
2011-01-31,124256.35461429255,81222.78283988853,510097.6
2011-02-01,124000.69665004067,80974.4438449549,509048.1
2011-02-02,124317.644180023,81100.44122192789,507746.94
2011-02-03,123209.95262658065,80377.82236670016,512271.06
2011-02-04,125122.97913579422,81545.43548712994,520224.84
2011-02-07,126303.51443118742,82314.81666263958,525133.25
2011-02-08,125250.95944617665,81546.52829244047,529509.44
2011-02-09,126516.89835071527,82370.7369304575,524157.56
2011-02-10,127341.19771547226,82825.03874092163,527572.7
2011-02-11,126509.73151723693,82201.41291409264,531017.44
2011-02-14,126256.1379281095,82036.63704205319,532081.9
2011-02-15,125123.02199881928,81300.37960741916,536857.25
2011-02-16,126787.293568937,82381.76261958525,529716.44
2011-02-17,129526.15258046107,84161.37338801929,518273.53
2011-02-18,125110.81192895897,81208.28457562985,500606.4
2011-02-22,126592.45098683696,82170.00294669156,506534.88
2011-02-23,126688.4836903128,82232.33689682899,506919.16
2011-02-24,128639.40822061866,83498.66417901956,514725.34
2011-02-25,130505.26039974208,84709.77177557447,522191.2
2011-02-28,129064.2877034237,83774.44956813181,516425.4
2011-03-01,130102.53693941914,84448.36765816085,520579.8
2011-03-02,132851.53487438426,86232.7170933418,531579.4
2011-03-03,133014.0707627494,86338.21765298651,532229.75
2011-03-04,131299.68825149906,85225.4276334944,525370.0
2011-03-07,131151.91125306615,85044.28150678267,525961.25
2011-03-08,129939.0299068381,84172.75518580402,521097.22
2011-03-09,132077.20136566611,85473.66113159238,512522.5
2011-03-10,134104.03017152686,86699.84820170434,520387.6
2011-03-11,134702.1935288652,87086.56791635217,522708.75
2011-03-14,131604.76291062898,85084.04223481298,510689.25
2011-03-15,137479.57611389738,88797.0947011175,487892.2
2011-03-16,139408.44250581865,89954.13889070533,494737.44
2011-03-17,137754.4976278998,88886.92097626896,488867.84
2011-03-18,141349.73303478342,91206.76832067991,501626.72
2011-03-21,140558.28935000877,90604.87773820343,504435.4
2011-03-22,139730.3186004668,89980.5569986689,501464.0
2011-03-23,142111.42126183872,91513.88881875784,510009.28
2011-03-24,144817.94558342695,93256.77875435796,519722.47
2011-03-25,144364.76247577535,92964.94754079383,518096.12
2011-03-28,144578.99615423538,93102.90518598337,518864.9
2011-03-29,143619.16002765932,92484.81034327635,515420.25
2011-03-30,143569.71543235763,92452.97006501476,515242.8
2011-03-31,145196.9158900082,93408.36701753199,509403.12
2011-04-01,146617.049902309,94321.97043825175,504420.8
2011-04-04,147605.3636698306,94957.7744052938,501020.62
2011-04-05,147235.12391502663,94624.6332597802,499763.9
2011-04-06,147217.6703683488,94518.79163284691,499823.16
2011-04-07,148532.8346847746,95363.17221349447,495358.0
2011-04-08,150421.26363899803,96575.60834559111,489060.06
2011-04-11,151148.86457144344,96946.17748117198,491425.66
2011-04-12,149452.73067828154,95761.33892749248,496940.28
2011-04-13,147803.1425977395,94608.60952545491,491455.28
2011-04-14,145597.7292011932,93196.92712676655,484122.12
2011-04-15,147549.6275604619,94446.33486235181,490612.38
2011-04-18,150221.86558649087,96156.83113137711,499497.7
2011-04-19,152244.87670836688,97451.75805871666,506224.34
2011-04-20,155930.89169639206,99811.17171243137,518480.6
2011-04-21,156957.92884104504,100468.57692370661,521895.5
2011-04-25,155806.35603708855,99731.45659030364,518066.47
2011-04-26,155926.3772805471,99708.55058381917,517667.38
2011-04-27,154412.35337507023,98640.68557505806,512640.9
2011-04-28,155917.5187903024,99602.20546137007,517638.03
2011-04-29,154203.02348480618,98506.96282920467,511945.97
2011-05-02,153348.00109720966,97862.25607956386,514784.56
2011-05-03,152744.68305080276,97477.23596366767,516809.9
2011-05-04,151512.52715587267,96593.43249679895,512640.9
2011-05-05,151551.92688632576,96521.95748371836,512507.6
2011-05-06,151140.95745053492,96260.21502208499,513897.38
2011-05-09,150336.5425522403,95747.89094803543,516632.5
2011-05-10,151291.57854957937,96356.14414431268,513350.53
2011-05-11,151003.97122730195,96076.6136763362,512374.62
2011-05-12,148359.2151513574,94393.88172093498,503400.66
2011-05-13,151496.33861551556,96295.4896441414,492756.03
2011-05-16,152787.20927593432,97019.7091811195,496954.72
2011-05-17,154482.6525069821,98096.31376071018,502469.3
2011-05-18,154182.6915802884,97807.74258971869,503444.97
2011-05-19,156586.92701334448,99332.89977792992,495594.56
2011-05-20,156203.9380306531,98990.6129677627,494382.38
2011-05-23,155171.6221680938,98336.40679793467,491115.1
2011-05-24,157315.67648198965,99695.15135613573,497900.97
2011-05-25,156484.2068771493,99168.22683115312,495269.34
2011-05-26,155358.41856720415,98355.61644480651,498832.47
2011-05-27,160156.1904477542,101294.67466936918,514237.4
2011-05-31,161224.43649407677,101869.01816657797,510807.4
2011-06-01,160949.1100572943,101695.05425390914,511679.7
2011-06-02,159712.1008644587,100811.75986721269,507747.06
2011-06-03,162223.2410329891,102296.00307996549,499763.8
2011-06-06,159343.83310212253,100377.98745071616,490893.2
2011-06-07,159439.81642729274,100438.45174871781,491188.88
2011-06-08,159079.89424508557,100211.720261308,490080.06
2011-06-09,161762.50911462764,101801.41066319172,481815.7
2011-06-10,162110.00685667925,101918.29874082068,482850.7
2011-06-13,165008.64945565024,103740.67064785527,491484.4
2011-06-14,162184.44824782235,101965.09992285943,483072.44
2011-06-15,162973.6643245358,102359.31369207113,480721.72
2011-06-16,160517.7096825347,100714.43625033667,473477.4
2011-06-17,158041.71842487692,99160.91256644561,466174.03
2011-06-20,163043.8087670384,102299.39934077357,480928.66
2011-06-21,164391.97396462114,103042.98603160569,476951.97
2011-06-22,168784.39989276748,105693.17164088406,489695.75
2011-06-23,166297.74150285302,104136.02055236846,482481.16
2011-06-24,169197.11835653128,105951.61687313102,490893.12
2011-06-27,170837.95274069847,106979.11106282052,495653.72
2011-06-28,170216.2232723555,106589.78266841015,493849.9
2011-06-29,171046.83395929215,107109.91295270728,496259.75
2011-06-30,174914.50225664017,109531.85555795589,507481.06
2011-07-01,178058.50649360855,111500.63809750741,516602.75
2011-07-05,179245.8322913334,112244.14418819062,520047.56
2011-07-06,182017.87571370357,113980.00402726754,528090.1
2011-07-07,183296.9347704511,114780.95369151098,531801.06
2011-07-08,180387.25903550073,112958.90818808287,523359.22
2011-07-11,180514.67351165586,112925.7365120463,522989.56
2011-07-12,182693.68907397144,114175.95169066772,529302.6
2011-07-13,182821.2999179218,114141.52720509465,528932.9
2011-07-14,179167.63707150824,111860.42179030227,539503.5
2011-07-15,183527.5014267157,114470.57229466693,552631.75
2011-07-18,185024.97759539066,115404.58465081672,557140.94
2011-07-19,189959.27626134944,118482.22689938541,571998.94
2011-07-20,190150.84806770185,118601.71490057438,572575.8
2011-07-21,187200.08891186587,116642.65283697151,581461.0
2011-07-22,184725.0179720588,115100.45890930349,589148.8
2011-07-25,182449.05440343264,113682.32695248675,596407.6
2011-07-26,187342.5406335207,116731.41319393288,580411.3
2011-07-27,187710.03900863277,116960.39804984568,579272.8
2011-07-28,187068.10931679024,116443.45716767019,577291.75
2011-07-29,190071.92388914834,118313.22831558766,586561.56
2011-08-01,186315.96644731273,115975.27412821018,574970.75
2011-08-02,184562.49609867815,114767.82393523175,580381.94
2011-08-03,191708.62197437513,119211.55076845846,557909.94
2011-08-04,193613.75954703102,120396.23616301481,552365.56
2011-08-05,204190.4133202336,126973.19282390551,522191.2
2011-08-08,192165.90383471834,119495.90563548726,552942.3
2011-08-09,197468.29428208678,122793.12921104008,537685.1
2011-08-10,192033.27220726517,119413.4303569797,552484.06
2011-08-11,193723.8746501807,120345.29639896617,557348.0
2011-08-12,190424.79157239667,118175.49214167417,566839.5
2011-08-15,188969.48311827995,117154.16852809793,562507.5
2011-08-16,188989.27462976545,117049.2843728743,562448.6
2011-08-17,181840.79694198704,112504.87168732914,541174.1
2011-08-18,186818.37707662562,115471.99484069699,526360.44
2011-08-19,186603.26560409807,115339.0349508052,526966.5
2011-08-22,195586.90581494634,120776.46257784218,552336.2
2011-08-23,194236.28720672836,119821.66843339195,556150.3
2011-08-24,192966.16749358684,118918.32755066887,552513.6
2011-08-25,187875.1048919377,115661.96467567445,567090.7
2011-08-26,191004.82264608637,117473.05774612376,576537.6
2011-08-29,191014.6595256391,117479.10768928085,576567.3
2011-08-30,188487.3454679843,115924.74217052333,568938.75
2011-08-31,186626.13308060204,114780.04693596435,563320.8
2011-09-01,183207.3731785782,112677.41845869953,553001.5
2011-09-02,180420.4339859751,110850.69914238666,561413.7
2011-09-06,182411.1311716159,111962.9370365586,567608.2
2011-09-07,182510.92235098212,112024.18830702887,567918.7
2011-09-08,179346.6842570206,110081.99657669206,558072.5
2011-09-09,178177.9523967048,109254.55346926271,561709.25
2011-09-12,180372.73832709147,110491.0903201707,568628.4
2011-09-13,178178.02710389197,109036.18300465865,575547.25
2011-09-14,179853.2438668895,109952.29702963203,580958.5
2011-09-15,176402.29454910776,107732.62574024567,592105.7
2011-09-16,171500.09635271507,104738.74924364797,608560.2
2011-09-19,170741.81306502168,104275.64954391353,611250.94
2011-09-20,170200.87976083707,103841.01444321219,609314.4
2011-09-21,165938.98938185102,101240.79862163975,594056.94
2011-09-22,166963.14016892028,101865.64178826453,597723.3
2011-09-23,167429.79601942725,102048.48687758762,596052.7
2011-09-26,165806.10757807072,100956.80003158646,590272.3
2011-09-27,166740.5007092548,101424.78090142584,586945.9
2011-09-28,164035.69529628832,99678.079206852,577424.6
2011-09-29,167920.54142138947,101939.07024338139,563749.5
2011-09-30,164961.29651220597,100040.67034642106,553814.6
2011-10-03,164036.44054798383,99479.79205199142,550709.6
2011-10-04,166568.641055587,101015.4433931739,559210.8
2011-10-05,166181.10838554,100780.4244589612,557909.75
2011-10-06,169514.69662357352,102701.29644050857,546718.1
2011-10-07,160800.6191093024,97421.83055451486,574822.7
2011-10-10,156052.82528527523,94545.35676981045,591794.94
2011-10-11,156793.47550984516,94899.5379234104,594603.7
2011-10-12,154360.7824482886,93332.24645909776,603829.1
2011-10-13,149232.11613919024,90231.26484721978,623891.5
2011-10-14,148521.27559407713,89711.23305987364,620919.7
2011-10-17,149316.97129830046,90191.85674480222,624246.25
2011-10-18,140964.2374448328,85146.55902285472,589326.2
2011-10-19,139793.70010106993,84439.5199267282,584432.56
2011-10-20,138930.83161236593,83918.32189782283,580825.2
2011-10-21,134369.0031823616,81078.92459268634,599896.7
2011-10-24,137018.18067682904,82677.4514643567,588069.3
2011-10-25,137993.0155742735,83182.99423681521,592253.25
2011-10-26,139401.86334373683,84032.2558853132,598299.9
2011-10-27,139491.4485155504,84086.25834913111,598684.44
2011-10-28,139432.90184838945,84050.9660768609,598433.1
2011-10-31,136584.17877389138,82333.7392005433,586206.6
2011-11-01,136894.21297371192,82520.62962358075,587537.25
2011-11-02,138843.8608575351,83695.8887336811,595905.0
2011-11-03,137869.0259355885,83108.25255980183,591721.06
2011-11-04,137693.2982297086,83002.32287426938,590966.9
2011-11-07,139932.4013034597,84352.0672602758,600576.9
2011-11-08,136160.47193158066,82078.32624594301,584388.1
2011-11-09,132695.12317472012,79989.39381359586,569515.2
2011-11-10,132488.47755589255,79864.82662989848,568628.25
2011-11-11,130642.15244226997,78751.8510880089,560704.0
2011-11-14,127345.6569954466,76685.95256421698,574852.25
2011-11-15,128675.30485791728,77486.64977929501,568850.06
2011-11-16,126213.96499188924,75926.97522720357,557968.94
2011-11-17,125387.90890083132,75430.04178274625,554317.06
2011-11-18,123404.76540612841,74237.03523229065,545549.94
2011-11-21,125912.92881067524,75745.87984148301,556638.1
2011-11-22,122729.291470949,73830.68802066248,542563.8
2011-11-23,123873.020476326,74444.89438039224,537507.56
2011-11-25,119597.09498507099,71875.15949905266,556061.6
2011-11-28,120525.58484323282,72433.16098443125,551744.6
2011-11-29,117619.00261609459,70686.3705527845,565050.44
2011-11-30,119382.35509139026,71675.41929060325,573521.7
2011-12-01,119927.06114971344,72002.45283832107,576138.56
2011-12-02,120945.67547290136,72614.01397442045,581032.06
2011-12-05,120311.72776303347,72233.40104482701,577986.56
2011-12-06,119739.35101845775,71889.7544219383,575236.9
2011-12-07,119256.19635390682,71527.7856760491,577557.94
2011-12-08,120159.7451539159,71998.19069462841,581933.9
2011-12-09,120703.09476090109,72251.76067626523,579302.44
2011-12-12,121636.4514334251,72810.4593828923,574822.9
2011-12-13,124333.17344935982,74424.69234097587,562078.8
2011-12-14,124741.92741311471,74669.36869847271,560230.94
2011-12-15,125426.65137692203,75004.56878722527,563306.06
2011-12-16,125818.3727430138,75238.81638792189,565065.4
2011-12-19,121295.40408966094,72458.8628258345,585378.6
2011-12-20,121142.20708195661,72367.34673707676,586117.94
2011-12-21,121783.89064650703,72678.30521979142,589222.56
2011-12-22,120323.26257494031,71733.95191523978,596289.5
2011-12-23,121277.90917444722,72231.35623135006,601020.44
2011-12-27,120117.4352560482,71540.19486843029,595269.44
2011-12-28,119377.58889123953,71028.01295491138,598935.9
2011-12-29,119412.96625047599,71049.06199396047,598758.44
2011-12-30,117576.09113774577,69956.14672807732,607968.8
2012-01-03,116944.23071545444,69580.19852308306,611236.1
2012-01-04,115645.91747034225,68807.72011361062,618022.0
2012-01-05,114436.95031317258,68088.40138972733,624482.9
2012-01-06,114618.46389902364,68196.39946078125,623492.3
2012-01-09,114208.09894630719,67952.23799422372,625724.56
2012-01-10,114394.29231209298,68063.02046956087,624704.44
2012-01-11,114708.31073772954,68249.85708614318,622989.56
2012-01-12,115138.41585513891,68505.76367744785,620653.6
2012-01-13,113797.27262459844,67707.80201950211,627883.06
2012-01-17,114978.95038171796,68343.1761260784,634403.06
2012-01-18,114614.52603993853,68126.56328614398,632392.3
2012-01-19,112618.31551238082,66940.02116502804,621378.1
2012-01-20,110713.23877812205,65740.70870220395,631889.56
2012-01-23,112526.44930853626,66817.37980867045,621540.75
2012-01-24,119552.48222493553,70922.56921311618,660349.06
2012-01-25,120095.79101686845,71173.9557644068,657348.1
2012-01-26,119380.04462741794,70749.77352263173,661265.75
2012-01-27,117850.69417152034,69843.41435071836,669737.1
2012-01-30,116947.97391950228,69308.42331780412,674867.25
2012-01-31,117022.29202975171,69352.46744163726,674438.4
2012-02-01,117296.75493381817,69515.1260196573,672856.56
2012-02-02,116121.50547302993,68818.62240012133,679598.2
2012-02-03,115037.80299102016,68176.37347646416,685940.56
2012-02-06,113832.7941761725,67462.23317764519,693125.75
2012-02-07,111926.76993007128,66332.64083948541,704731.44
2012-02-08,108054.88331241698,64037.99350408446,729110.2
2012-02-09,108000.11894463203,64005.53777306185,729479.75
2012-02-10,105990.77780141913,62814.715376775275,743051.75
2012-02-13,104544.13940277728,61957.37494444018,753193.44
2012-02-14,102124.78840139075,60461.60561244662,735763.06
2012-02-15,103056.45604361253,61013.186892835605,742475.3
2012-02-16,103074.93982764064,60963.11678134715,742342.1
2012-02-17,105688.15169451195,62447.72371758618,761162.44
2012-02-21,105316.58581644589,62228.17741154971,758486.44
2012-02-22,104628.93183496162,61759.636651691355,763438.9
2012-02-23,105848.67271284321,62417.85715921247,772338.94
2012-02-24,106527.48238841399,62818.1441376143,777291.94
2012-02-27,108482.71285724311,63971.123131009925,791558.44
2012-02-28,109907.11753454621,64811.07969736214,801951.8
2012-02-29,110318.39266496604,65053.60434774982,804952.7
2012-03-01,110462.26867085132,65138.44652624693,806002.5
2012-03-02,108026.84324969705,63702.301583060726,788232.1
2012-03-05,107439.2538878608,63355.806271259644,783944.7
2012-03-06,107352.15441032957,63241.08881247211,784580.25
2012-03-07,105066.28765586976,61894.48609894184,801286.5
2012-03-08,104449.8529123115,61531.34476676648,805987.75
2012-03-09,105758.43252073899,62240.69687272616,816085.44
2012-03-12,108843.05584627842,64056.05193043081,839887.9
2012-03-13,112958.4804782829,66478.0516794618,871644.7
2012-03-14,113728.72463174305,66864.87585372168,865701.1
2012-03-15,113726.78355294817,66863.73462934706,865715.9
2012-03-16,110710.61062692842,65090.42688405492,888675.7
2012-03-19,111605.72646859077,65551.60464334156,895860.75
2012-03-20,112242.9778278156,65860.34251720537,890745.56
2012-03-21,112831.63319849133,66205.7453663419,886074.06
2012-03-22,112212.22768575701,65776.09363963045,881209.9
2012-03-23,114269.91808397198,66982.26197890793,897369.0
2012-03-26,115681.82623274674,67809.8883839771,908456.8
2012-03-27,116272.98544376838,68156.41161430618,913099.3
2012-03-28,114812.08674524266,67300.06813397405,901626.75
2012-03-29,112871.156504791,66162.34177494071,886384.5
2012-03-30,116463.11186566159,68267.85912397366,914592.4
2012-04-02,118475.622561573,69447.54421458369,930396.75
2012-04-03,117532.43301734538,68894.6693179657,922989.9
2012-04-04,119296.44325826746,69928.68945267948,936842.75
2012-04-05,119776.52268830771,70210.10040223498,940612.8
2012-04-09,118309.95550696073,69350.43419438433,929095.75
2012-04-10,117888.23820858636,69103.2337147271,925783.94
2012-04-11,117242.52776390091,68724.73387072921,920713.1
2012-04-12,113940.46561554648,66789.14491083183,894781.75
2012-04-13,109215.1466733692,64019.27724464323,857673.56
2012-04-16,103648.26235036201,60692.08503105389,901390.6
2012-04-17,103879.51931188007,60827.49943023631,899379.44
2012-04-18,100310.6699653876,58676.90310025717,868480.7
2012-04-19,97841.43734322418,57232.52112820305,847102.4
2012-04-20,97622.92925631892,57104.704437851105,845210.56
2012-04-23,95672.81350113906,55963.98079159835,828326.6
2012-04-24,104162.98635321588,60930.32235743221,901833.8
2012-04-25,103770.22182253585,60700.57405332975,898433.3
2012-04-26,102967.64864950099,60231.10746197629,891484.75
2012-04-27,99719.83277776682,58331.291846558895,863365.44
2012-04-30,99403.95151500004,58146.51654545735,860630.6
2012-05-01,100061.3671347615,58531.07297031872,866322.5
2012-05-02,99350.98216511628,58115.53203093376,860172.06
2012-05-03,96521.52958825503,56460.43876182743,835674.94
2012-05-04,97243.8063456106,56882.93582338174,841928.3
2012-05-07,97021.83073555908,56753.09079925711,840006.44
2012-05-08,97192.59792377362,56852.981366821106,841484.94
2012-05-09,97421.4324758757,56986.8385411807,843466.2
2012-05-10,96770.81058609278,56606.25612063789,837833.2
2012-05-11,95321.11557606618,55758.254470787404,825281.8
2012-05-14,94458.71404221363,55253.79117438195,817815.2
2012-05-15,93248.02790350479,54545.598184839015,807333.2
2012-05-16,90522.76942463029,52951.453436894946,783738.1
2012-05-17,90567.17324135278,52977.42752770708,784122.6
2012-05-18,95843.60235916547,56063.88403495701,829805.5
2012-05-21,96579.55351838426,56438.31607793464,823433.7
2012-05-22,94223.02073311084,55061.22602793809,843525.44
2012-05-23,93357.65368741525,54500.46916479894,835778.25
2012-05-24,93858.0736495895,54738.10460137622,831298.25
2012-05-25,92192.17110904407,53766.548889924925,846053.1
2012-05-29,93303.7981281805,54361.084119296276,856254.56
2012-05-30,93535.79814862713,54441.89194448389,854125.5
2012-05-31,90825.59311396268,52809.99315833356,829377.2
2012-06-01,90291.36212741266,52446.557781102296,834255.5
2012-06-04,90057.7136112696,52258.39436056002,832096.7
2012-06-05,91438.61203155326,53059.69756186656,844855.7
2012-06-06,91480.24076130154,53083.8537444819,845240.3
2012-06-07,92856.31120612714,53882.35538404172,857954.7
2012-06-08,91392.19605112945,53032.76344914757,844426.94
2012-06-11,92190.64878561176,53496.08698028841,851804.4
2012-06-12,92830.69433245639,53813.99442171774,845890.6
2012-06-13,92932.8801994067,53873.23161382952,844959.44
2012-06-14,92510.14207749708,53628.170138227295,848803.1
2012-06-15,90632.95204331765,52539.96224800023,866026.8
2012-06-18,90885.20707804897,52633.654640573004,868437.2
2012-06-19,91143.59810159344,52730.66100252815,865968.25
2012-06-20,89887.8293187603,51951.41175586124,854037.0
2012-06-21,90577.1758547554,52349.82526751653,860586.56
2012-06-22,88814.17857111254,51330.8864578786,843836.1
2012-06-25,88618.12380103963,51166.24410129234,845698.94
2012-06-26,89000.76462868883,51336.00663734188,849350.56
2012-06-27,89845.0970878795,51771.68506153521,841292.94
2012-06-28,87484.67073205188,50411.5301519654,863395.6
2012-06-29,88760.98088860027,51096.57030039565,875991.6
2012-07-02,89793.12309164568,51690.738211902906,886178.0
2012-07-03,91370.54977471779,52598.80719219586,901745.9
2012-07-05,90762.366170955,52248.697313349265,895743.6
2012-07-06,89562.45801315141,51505.70375353627,907585.6
2012-07-09,88733.77012872467,50977.635060933535,899188.06
2012-07-10,88182.30213806342,50660.81617749228,893599.7
2012-07-11,88989.09105849206,51073.65636095846,885424.1
2012-07-12,89891.02588041988,51540.231650183945,894398.2
2012-07-13,89602.76541324797,51323.41339319011,897266.3
2012-07-16,89607.18253757224,51274.62005681696,897310.56
2012-07-17,89707.59222891238,51280.80141994911,896305.06
2012-07-18,88514.97737426194,50599.05036619493,908220.94
2012-07-19,87071.27658981185,49723.16851202443,893407.75
2012-07-20,87139.01226409212,49712.12666849607,892712.7
2012-07-23,86719.05859424,49422.834249508946,888410.4
2012-07-24,90463.85277460514,51507.64055790612,850046.06
2012-07-25,90449.63071000669,51448.03526321497,849912.4
2012-07-26,92067.08021187464,52368.04564197891,865110.75
2012-07-27,90514.17082326117,51432.37783757823,879702.75
2012-07-30,88121.39458680252,50072.743535512745,902958.0
2012-07-31,88691.31115082231,50396.584142900014,897118.2
2012-08-01,88548.06565269442,50315.18852808926,898567.1
2012-08-02,87395.67936309525,49660.374298202085,910261.25
2012-08-03,86423.3664372934,49107.882182090805,920388.3
2012-08-06,86651.00592942745,49237.232539760815,917964.0
2012-08-07,86797.5233547394,49320.48734406265,916411.8
2012-08-08,86302.56308489584,49039.23874639398,921637.6
2012-08-09,86167.67708941015,48962.593206566155,923078.06
2012-08-10,85017.31864616027,48308.9312488446,935401.4
2012-08-13,84789.2529146034,48179.33869145223,937910.6
2012-08-14,84904.6622025054,48244.91708704877,936634.06
2012-08-15,84163.05673417005,47823.51862195853,944815.2
2012-08-16,85719.76463174268,48660.25481418046,962290.75
2012-08-17,83466.06704562902,47332.24551675605,987590.8
2012-08-20,82325.46857210147,46638.098476964515,974094.94
2012-08-21,83932.89932892319,47548.722069296644,993114.5
2012-08-22,83149.88770675875,47105.13913224807,983849.7
2012-08-23,83223.88188875606,47147.05748396314,984725.3
2012-08-24,84787.44742922956,48032.83104731584,1.0032258e+06
2012-08-27,84897.88591427037,48047.36258462641,1.00191906e+06
2012-08-28,85065.21580196018,48142.06175997685,999944.3
2012-08-29,83852.6606414974,47407.68261679595,985690.7
2012-08-30,84025.71124273917,47505.52003683192,987724.9
2012-08-31,85254.70276033293,48200.35356219755,1.0021717e+06
2012-09-04,84656.01891606547,47861.87636350519,995134.2
2012-09-05,83893.16315493695,47382.71960002301,1.00410156e+06
2012-09-06,84410.48843461301,47627.52134155274,1.0102933e+06
2012-09-07,82214.74969241707,46388.60428581954,984012.9
2012-09-10,82481.47195292011,46492.710251461685,980820.56
2012-09-11,81332.76942214946,45845.21581830312,994480.25
2012-09-12,79731.05454184455,44942.369832746794,1.0140649e+06
2012-09-13,78762.146850069,44396.221182540285,1.026388e+06
2012-09-14,77793.69860302047,43850.331509653945,1.03900825e+06
2012-09-17,77556.89741819601,43716.8526978363,1.042171e+06
2012-09-18,77577.88729143105,43684.967303421465,1.042453e+06
2012-09-19,77953.54088632923,43852.81703477376,1.0374051e+06
2012-09-20,78108.59685066855,43896.191055122006,1.0394687e+06
2012-09-21,77070.99624069883,43313.07067592457,1.0256603e+06
2012-09-24,78995.54720715678,44351.334542041805,1.00004844e+06
2012-09-25,79976.04872931348,44901.828241567855,987635.7
2012-09-26,78035.50732201917,43812.3288433056,1.0115996e+06
2012-09-27,79664.18744124216,44726.7365458082,990486.5
2012-09-28,80584.93320996332,45243.680918756625,979038.6
2012-10-01,80350.28158795307,45111.93789074369,981889.3
2012-10-02,81582.32692411817,45758.546648602125,996945.1
2012-10-03,81017.34876769247,45441.657191032566,990041.06
2012-10-04,79290.81566485671,44473.26552453904,968942.6
2012-10-05,77538.77577221474,43490.56740620468,947532.44
2012-10-08,77256.86043740076,43332.4444831966,944087.44
2012-10-09,77871.65855755901,43677.27735964669,951600.25
2012-10-10,76315.23277448902,42804.296844320874,932580.56
2012-10-11,76510.84687233026,42914.0144407498,934970.94
2012-10-12,77124.4205098969,43258.16051963107,942468.94
2012-10-15,75298.24742898351,42190.62382646894,964785.0
2012-10-16,74697.97897455333,41812.0946898551,957093.8
2012-10-17,73310.93612945754,41035.69929637614,939321.8
2012-10-18,75953.03827963531,42473.576772510336,905468.94
2012-10-19,72940.33225816244,40788.846268051486,941384.7
2012-10-22,70562.42141490076,39418.309711262424,910694.9
2012-10-23,70961.62506968538,39641.31698605027,915847.1
2012-10-24,71800.28379662037,40070.17588174818,905023.2
2012-10-25,71147.6879705197,39665.90617699523,896797.4
2012-10-26,72170.0992629707,40196.24994446309,883910.2
2012-10-31,72317.97898918492,40238.41758894763,885721.4
2012-11-01,69924.91705141267,38906.89495910897,856412.1
2012-11-02,70872.89944725133,39434.36146251377,868022.6
2012-11-05,70658.32977207209,39314.972835889144,865394.7
2012-11-06,67954.75506745567,37810.67792239966,832282.4
2012-11-07,65488.66376580494,36438.521053592056,802078.75
2012-11-08,66622.45435159343,37069.37301719848,815964.9
2012-11-09,66107.29195163722,36782.73171353785,809655.4
2012-11-12,66098.74727763253,36741.1946431997,809760.0
2012-11-13,65365.816010209266,36297.05131968744,800781.06
2012-11-14,63994.880930891726,35535.78336699828,783986.06
2012-11-15,63744.038189232,35360.95685916802,787059.06
2012-11-16,68340.4681566349,37875.38983442559,843812.0
2012-11-19,68922.70397402675,38160.198926481724,836623.0
2012-11-20,68825.63546735901,38106.45533677384,837801.25
2012-11-21,67624.84586133454,37441.618242570265,852418.3
2012-11-23,69758.3274612042,38585.41412028687,879311.06
2012-11-26,69196.2703809076,38274.523564395255,872226.3
2012-11-27,68978.54334299841,38154.092237718425,869481.9
2012-11-28,69738.18388785158,38574.27210831554,879057.2
2012-11-29,70220.94333030806,38802.72650053439,872971.94
2012-11-30,70111.765763876,38742.39710236141,874329.2
2012-12-03,71348.48992123644,39425.78680006074,858906.56
2012-12-04,75940.23846871704,41963.09767338555,803630.25
2012-12-05,77131.19571834985,42579.234371010476,816233.44
2012-12-06,75159.36369004821,41490.711143911765,795366.7
2012-12-07,75642.77041908907,41716.07858556397,790251.1
2012-12-10,73990.95066165592,40805.11984583914,807507.9
2012-12-11,73664.31742266749,40584.18042114425,803943.2
2012-12-12,72391.93263895555,39883.18032457111,790056.9
2012-12-13,69672.23517204334,38384.80639605454,760375.2
2012-12-14,70907.70360452712,39065.46801789319,773858.6
2012-12-17,72967.33069620494,40200.186704137435,796336.5
2012-12-18,71929.98252818047,39628.676281131826,785015.3
2012-12-19,72555.9131931292,39933.89411841643,778184.2
2012-12-20,72222.16774272984,39710.27077856978,774604.6
2012-12-21,72338.97207267117,39774.49387952408,775857.44
2012-12-24,71341.84220266917,39226.237044029614,765162.94
2012-12-26,71055.33091699453,39029.47689335695,768235.9
2012-12-27,71809.9890118809,39443.99766606519,760076.7
2012-12-28,74991.91957165001,41152.33365416615,793756.0
2012-12-31,72616.05466259838,39807.409047272566,818903.56
2013-01-02,73532.64309114477,40309.873835158316,808567.06
2013-01-03,71484.40600787586,39146.74047857792,786044.56
2013-01-04,71063.91475315145,38916.46841028383,781420.9
2013-01-07,70872.62014167225,38772.79398235855,783524.3
2013-01-08,69764.95110125089,38128.04072061525,771278.6
2013-01-09,68900.1622875707,37617.28706227072,780839.2
2013-01-10,69322.58275783903,37847.91514155944,776051.94
2013-01-11,71794.12754954895,39197.299625284875,748383.5
2013-01-14,69529.03797309753,37921.43579266215,724772.2
2013-01-15,72415.0765018698,39495.49359576785,754856.4
2013-01-16,72902.97526901578,39722.100184280636,749770.5
2013-01-17,73291.6504860023,39933.87474973994,745773.2
2013-01-18,72592.45783309132,39552.910865830425,752887.75
2013-01-22,71263.63937702868,38828.88746838104,766669.44
2013-01-23,62458.47425180052,33992.45395705725,671941.6
2013-01-24,63930.869174452855,34759.798987155395,656101.25
2013-01-25,62484.75208366879,33973.531882755844,670942.25
2013-01-28,61312.39466548387,33336.11041917448,683530.7
2013-01-29,61505.043587866596,33440.85540236629,681383.06
2013-01-30,61685.45095397247,33538.94453931405,679384.44
2013-01-31,61432.19611057397,33367.70861735631,676595.2
2013-02-01,59901.86625845467,32536.489747986125,659740.56
2013-02-04,62003.70711910523,33678.13236925927,682889.6
2013-02-05,62070.062829607,33680.49621737098,682158.75
2013-02-06,60224.48634510362,32679.048353916674,702441.94
2013-02-07,61093.98316715148,33118.176213611034,712583.5
2013-02-08,61730.6733492214,33463.316873135176,720009.7
2013-02-11,63278.00678634146,34268.64092574081,701962.0
2013-02-12,63398.38078488207,34333.83029472191,700626.7
2013-02-13,63341.3707443935,34268.622283872464,699996.6
2013-02-14,64214.26011878453,34706.59977680642,690350.1
2013-02-15,64237.992060409255,34719.42644487629,690095.06
2013-02-19,62682.28662851839,33843.87749403353,673382.44
2013-02-20,62292.66273967077,33633.508921472414,669196.75
2013-02-21,62955.992725356395,33991.65888665651,676322.75
2013-02-22,64074.60590151147,34561.63701466305,664305.7
2013-02-25,64967.42793027359,35008.66071777833,673562.2
2013-02-26,65604.12313188185,35316.74469600054,666961.1
2013-02-27,66071.8861078016,35568.55608848863,662205.6
2013-02-28,64435.782376690775,34652.221888270455,645807.8
2013-03-01,62876.070987687,33813.44158422355,630175.56
2013-03-04,64536.081702296724,34706.16077684983,646813.0
2013-03-05,63715.79027344036,34265.02512896392,638591.7
2013-03-06,62979.318664600905,33834.70100960801,645972.94
2013-03-07,63146.05413914996,33890.44245912976,647683.1
2013-03-08,62246.5249119962,33373.7753186052,656909.56
2013-03-11,63588.47756940907,34093.26972475913,642747.44
2013-03-12,63576.58787708056,34052.801739000985,642627.3
2013-03-13,64192.55215558425,34382.72365136826,648853.4
2013-03-14,62536.16998796639,33461.15186266419,665595.94
2013-03-15,60836.24065956853,32551.572759494567,683689.0
2013-03-18,61000.434404897176,32639.427705654507,681843.7
2013-03-19,61323.92258360339,32812.51612913084,678227.9
2013-03-20,61235.744529453914,32765.33480572365,679203.06
2013-03-21,59994.046519613854,32100.940972797503,692975.5
2013-03-22,59777.14408240713,31984.883251447554,695480.9
2013-03-25,60091.787672348415,32153.23921164891,691820.1
2013-03-26,61272.42078411227,32784.959124371766,678227.8
2013-03-27,62549.14015608509,33468.09179462977,664095.75
2013-03-28,64492.056079682756,34507.68543761109,643467.44
2013-04-01,64624.36877920375,34543.974146210465,644787.56
2013-04-02,64293.56108300109,34332.601945795075,648088.2
2013-04-03,64929.06928702246,34671.9617484631,641682.2
2013-04-04,64242.919539077826,34270.88752535943,634901.1
2013-04-05,64699.84322244534,34514.63703538654,639416.75
2013-04-08,64582.94712961874,34417.763264019195,640572.0
2013-04-09,63265.51582996116,33715.67330678606,653639.1
2013-04-10,63463.01713176351,33820.92637051086,651598.6
2013-04-11,64124.9113268643,34173.66527025611,644802.7
2013-04-12,62640.39676998605,33348.359071531166,629875.25
2013-04-15,63593.76852476983,33855.91306618305,639461.8
2013-04-16,67090.95930824461,35683.88402527434,604296.06
2013-04-17,65300.43914776108,34695.87043229291,588168.6
2013-04-18,65047.24477875389,34561.34148982468,585888.06
2013-04-19,66403.06370675267,35281.72436120248,598100.06
2013-04-22,65160.522714796265,34586.24736363369,609291.75
2013-04-23,65267.9986014527,34643.29398398993,608286.8
2013-04-24,64797.943831732715,34393.79582371352,612667.6
2013-04-25,63398.49021759031,33650.98642231395,625899.5
2013-04-26,61435.14054907755,32608.869286549,645282.6
2013-04-29,59626.898836238295,31649.08117301231,664275.5
2013-04-30,60096.86655461457,31898.53312771545,659039.8
2013-05-01,59244.57567825455,31446.14966227615,668386.25
2013-05-02,58651.46981131436,31131.337788887697,675077.6
2013-05-03,57252.897972159124,30388.99642068607,691175.1
2013-05-06,57507.6512070666,30524.215691988742,688099.7
2013-05-07,56858.185028816864,30179.488594055892,695870.75
2013-05-08,57354.220618144456,30442.776991368803,689799.9
2013-05-09,57831.36115686196,30696.036173642882,684061.3
2013-05-10,57605.398883830894,30576.09872157381,686734.06
2013-05-13,56227.15286599704,29813.969901745524,670303.5
2013-05-14,58128.58883718853,30792.376194219578,647635.8
2013-05-15,57351.9204462551,30380.95273202671,656289.0
2013-05-16,57526.10926276381,30473.22553055938,654295.75
2013-05-17,58810.04822302271,31122.89149756009,668899.1
2013-05-20,58375.857327831625,30893.113142864393,663960.7
2013-05-21,58600.24452378294,31011.861189568095,666512.8
2013-05-22,58495.34267006003,30925.334172211173,667706.0
2013-05-23,58893.56823962205,31104.942843867222,672251.6
2013-05-24,59384.402959155814,31333.074798247253,666648.9
2013-05-28,58912.21170142174,31083.9318708049,671949.6
2013-05-29,58034.397261643004,30620.76942191262,681961.9
2013-05-30,58272.1461482973,30746.213196330336,679168.06
2013-05-31,58143.87587225292,30678.533772888884,680663.06
2013-06-03,58325.76292972374,30774.50309298942,678533.8
2013-06-04,58870.98186408866,31062.177714617363,672191.0
2013-06-05,57991.455198600386,30567.0496639874,662148.5
2013-06-06,58434.51752964188,30800.5859363711,667207.44
2013-06-07,58048.29842740281,30597.011488396096,662797.56
2013-06-10,57877.694557835144,30507.086913541338,660849.56
2013-06-11,58593.23185084304,30853.73649387997,652679.56
2013-06-12,58082.12052087695,30584.597997919303,658372.9
2013-06-13,58869.50191443059,30999.213428225838,649447.75
2013-06-14,59136.446339693946,31108.78050027837,652392.6
2013-06-17,59167.92909548028,31094.233251623864,652045.3
2013-06-18,57966.142517189015,30431.56997826342,638801.3
2013-06-19,57121.97468348306,29988.39140212815,629498.3
2013-06-20,56664.27748607979,29748.105544094688,624454.4
2013-06-21,55162.375140194265,28959.623779489084,607903.06
2013-06-24,55174.71948446554,28966.1044207775,608039.06
2013-06-25,54549.8292079124,28638.04408496985,601152.7
2013-06-26,53961.93780556911,28329.40774014625,594673.94
2013-06-27,54338.79685259076,28527.254482457596,598827.0
2013-06-28,56077.76535669026,29440.19330199018,617990.9
2013-07-01,54807.44219007712,28743.847797051596,631990.1
2013-07-02,54504.91132977045,28585.18501960602,635478.6
2013-07-03,54067.10338086072,28326.990778864423,630374.2
2013-07-05,53760.13695859147,28166.1640567116,626795.25
2013-07-08,54705.67970023745,28661.555502688512,637819.4
2013-07-09,54495.846526428126,28551.619108690735,635372.94
2013-07-10,53646.153556415076,28077.893928925823,645279.56
2013-07-11,53744.083350707486,28129.149465331284,644101.6
2013-07-12,53861.27272251422,28162.35613461625,645506.06
2013-07-15,53513.481754190325,27952.344880094086,649674.25
2013-07-16,53527.1638788836,27931.53928507182,649840.4
2013-07-17,53346.80015328459,27809.490364589983,652030.06
2013-07-18,52505.37636641942,27343.04975434325,641745.75
2013-07-19,52337.331073561756,27228.19431782828,643799.7
2013-07-22,51438.670297707955,26733.443043352505,632745.3
2013-07-23,54080.63455881513,28106.511217317897,665244.0
2013-07-24,53833.87985631897,27978.26912344801,662208.6
2013-07-25,54139.571860663025,28137.141810856974,665968.94
2013-07-26,54974.38737299639,28571.007865743424,676238.0
2013-07-29,55653.29660823223,28923.847106469137,684589.3
2013-07-30,55556.30848099241,28873.440932272937,683396.25
2013-07-31,56065.800263883495,29138.23139983644,689663.5
2013-08-01,56785.22005613718,29512.12458037869,698513.0
2013-08-02,57633.554390584985,29953.016568457384,708948.3
2013-08-05,57117.92292638668,29685.035217078635,702605.56
2013-08-06,57084.77237570528,29667.806382169652,702197.8
2013-08-07,56971.09038237631,29608.724157140787,700799.44
2013-08-08,57781.78320689346,30000.444567746476,690827.1
2013-08-09,59423.2512396131,30822.69838035539,710452.2
2013-08-12,56599.315971556076,29327.10720840243,744214.56
2013-08-13,57631.718443816026,29832.72257296177,757789.5
2013-08-14,57699.93904403292,29838.20384578903,756892.44
2013-08-15,57187.73003094322,29573.326669184775,763611.5
2013-08-16,56571.8111718335,29254.818317615172,771835.7
2013-08-19,55828.62166901532,28841.240045087034,761695.94
2013-08-20,55972.377239913185,28915.504621287113,763657.3
2013-08-21,56039.224731525646,28950.038243905223,764569.3
2013-08-22,55823.055070620096,28838.364322997695,761619.94
2013-08-23,55605.77829736777,28697.280100076507,764584.3
2013-08-26,54016.00416304693,27848.125036174104,742724.75
2013-08-27,54271.36894920659,27979.77917470209,746236.06
2013-08-28,54359.81921074554,28025.37999210769,747452.25
2013-08-29,53864.53063457322,27770.03237038058,740642.0
2013-08-30,53714.17272863629,27664.74483501109,742709.44
2013-09-03,54825.67232278478,28209.54264697058,758078.2
2013-09-04,55201.679628887294,28374.800757116318,752879.1
2013-09-05,54872.86286451858,28205.782164977692,757363.8
2013-09-06,55748.44091306051,28627.641541005494,769448.7
2013-09-09,54478.55429097386,27975.53614721504,751921.56
2013-09-10,57444.55040931309,29470.643091889942,710984.44
2013-09-11,56832.90544317622,29156.852308124864,718554.6
2013-09-12,57769.529971913325,29637.366595395637,706712.6
2013-09-13,55932.93140873445,28665.50337146726,684244.94
2013-09-16,56579.10334877191,28996.66505849443,692149.75
2013-09-17,57742.18508115584,29592.741868367066,706378.0
2013-09-18,56795.29659490932,29077.87087607851,717961.6
2013-09-19,57383.33066664414,29378.93064394268,710528.1
2013-09-20,54531.41764592082,27918.817508908316,745840.9
2013-09-23,54702.56834906444,28006.442688187795,743500.06
2013-09-24,53855.91159317878,27544.967678558285,731992.5
2013-09-25,54380.43504998153,27813.23872321937,739121.7
2013-09-26,53992.35938301895,27614.754817050136,733847.06
2013-09-27,53321.31007762827,27271.542143066796,724726.44
2013-09-30,54575.04592179851,27912.77376060929,741766.8
2013-10-01,54396.09412720223,27793.33488966905,744199.06
2013-10-02,55079.41782145006,28142.474742024344,734850.44
2013-10-03,55122.71841549139,28164.59890241531,734272.75
2013-10-04,55661.356823003975,28411.64813797365,741447.8
2013-10-07,54884.220441782694,28014.968526143708,731095.8
2013-10-08,54239.451044835,27657.83902858329,739684.56
2013-10-09,53899.49906617245,27484.4903511506,744320.7
2013-10-10,53550.53697168737,27306.54722579766,749139.6
2013-10-11,53199.545602033235,27127.569330274877,754049.75
2013-10-14,52916.40510936209,26983.19002668828,758062.94
2013-10-15,52658.562387128724,26851.71058932585,761756.75
2013-10-16,53014.79815315686,27006.511002481027,766910.0
2013-10-17,53476.09118835673,27241.500399111435,773583.06
2013-10-18,54786.51446596647,27909.049119422223,792539.6
2013-10-21,54629.941821536886,27829.288731911944,790274.7
2013-10-22,55164.8077995874,28101.757258140104,798012.0
2013-10-23,55895.16351170392,28473.811104653236,808577.25
2013-10-24,55269.900849923106,28155.293189975135,799532.25
2013-10-25,55681.84166310816,28365.141845279148,805491.25
2013-10-28,54294.73899324888,27658.53152476253,785425.5
2013-10-29,53430.98071164209,27190.861933150223,797920.6
2013-10-30,53207.05997991535,27049.718498772058,794576.6
2013-10-31,52935.257071072,26911.537735276852,790517.6
2013-11-01,52251.22500960204,26536.87394974059,800732.7
2013-11-04,52122.291459786844,26444.855484522705,798756.8
2013-11-05,52269.949392782175,26493.326612005236,796494.06
2013-11-06,53115.839536374835,26922.070930919206,783604.3
2013-11-07,52279.45203918766,26498.14308337786,795943.4
2013-11-08,52431.09526458205,26575.004330529297,793634.6
2013-11-11,52334.12231824672,26525.85303098461,795102.5
2013-11-12,52271.713195028766,26494.22060539036,796050.75
2013-11-13,51515.69518797554,26111.028499446133,807564.2
2013-11-14,51206.49747821986,25928.198820796773,802717.1
2013-11-15,50586.156952384474,25614.091953844996,792992.6
2013-11-18,50496.42279852956,25543.04134315335,794399.25
2013-11-19,50054.20155269653,25293.805712531124,787442.4
2013-11-20,49457.44739154469,24966.95512752549,796830.3
2013-11-21,49330.28302361347,24877.79345076537,794781.56
2013-11-22,48956.36604924939,24664.345296761192,800805.94
2013-11-25,48053.40745678513,24209.432395529682,815576.2
2013-11-26,49184.92951262477,24755.28673518894,834780.7
2013-11-27,48274.15354563804,24272.128428713968,850238.6
2013-11-29,47854.00452903371,24036.60638410439,842838.7
2013-12-02,49163.99522658866,24694.60211662167,865911.2
2013-12-03,49049.41204857272,24637.04808796064,863893.06
2013-12-04,49301.15948469046,24763.49840470474,868327.06
2013-12-05,48617.0641510326,24419.883895821575,856278.3
2013-12-06,49173.5598834774,24699.406351817786,866079.7
2013-12-09,49097.155067285916,24661.028947236522,864734.0
2013-12-10,48733.42667257913,24478.331671630574,858327.75
2013-12-11,48804.616363251735,24489.61123713274,857074.0
2013-12-12,48272.633630885095,24198.17863420074,847731.7
2013-12-13,48539.93527648962,24332.172006491408,852425.9
2013-12-16,48758.47536970706,24417.38994220946,848588.0
2013-12-17,48387.71723214853,24207.303374747426,842135.3
2013-12-18,47833.36448560562,23929.972971913852,832487.4
2013-12-19,47432.74628263757,23705.62258377405,839459.7
2013-12-20,45612.40855715214,22795.86629772154,871675.9
2013-12-23,45418.793739977424,22676.306905331083,867975.8
2013-12-24,45720.439091730346,22804.23350990059,862211.25
2013-12-26,46029.336756674194,22958.30408800483,856385.9
2013-12-27,46487.104793490624,23186.62755585225,847869.0
2013-12-30,45942.1837157222,22914.834289016686,857807.75
2013-12-31,46588.30453201187,23237.103503026538,845743.75
2014-01-02,47611.654946191986,23747.525587131982,827166.25
2014-01-03,47352.03806611944,23618.035055678247,831676.56
2014-01-06,47013.42687370923,23425.526063882284,825729.25
2014-01-07,46715.715425155264,23253.75893072068,830958.2
2014-01-08,46119.17262407094,22933.563075066722,820347.1
2014-01-09,46426.94638573696,23063.67538368482,814872.56
2014-01-10,46183.87373304735,22942.923337885688,819138.8
2014-01-13,47102.844804810346,23376.500865193895,835438.06
2014-01-14,46157.14697826293,22883.787402790444,852211.5
2014-01-15,46414.714223563016,23011.484075337066,847455.9
2014-01-16,45277.48960585236,22424.659442386517,826692.0
2014-01-17,44574.05570114144,22053.843874113103,839535.5
2014-01-21,44772.1403070227,22129.796076654435,843266.4
2014-01-22,44393.024907554725,21920.278623382626,850406.94
2014-01-23,45199.967045059595,22318.72852680528,834948.94
2014-01-24,45566.638326133696,22477.463841364628,841722.2
2014-01-27,49208.66497757343,24251.553457611597,774445.44
2014-01-28,48650.046250621395,23951.997302306434,765653.9
2014-01-29,48744.300995903686,23974.44997629881,764170.5
2014-01-30,48824.27413805458,23989.80960347145,765424.25
2014-01-31,48914.974796074486,24034.375376444437,766846.1
2014-02-03,49623.07204188026,24382.298994511762,777947.06
2014-02-04,49993.68168679781,24564.39806256227,783757.1
2014-02-05,49702.28579438413,24396.656277807353,788325.4
2014-02-06,49006.93730522433,24055.340424578706,799354.25
2014-02-07,49884.8730006922,24462.22493036071,813674.4
2014-02-10,49227.59104173328,24115.448982741345,824395.25
2014-02-11,49223.92136873356,24089.53584652396,824333.75
2014-02-12,48442.28098771999,23682.921849928614,837423.6
2014-02-13,48403.13297100971,23640.099874313564,836746.9
2014-02-14,48581.103743070096,23727.020835168223,839823.56
2014-02-18,49348.09669285609,24077.893325209658,826564.5
2014-02-19,49919.29798849545,24356.593513977365,816997.06
2014-02-20,50473.79763689575,24627.14464518202,807921.9
2014-02-21,50252.78272261392,24519.30718262536,811459.6
2014-02-24,50775.72944688308,24774.46303027821,803015.3
2014-02-25,51233.8140930104,24997.97141221276,795770.8
2014-02-26,50211.839850832206,24499.330361526794,811644.25
2014-02-27,50075.75348209873,24408.43185289961,809444.5
2014-02-28,49931.10859592425,24313.519142996807,811782.6
2014-03-03,49601.85370902179,24153.191338933557,817135.7
2014-03-04,49706.42552592377,24179.958484506027,818858.44
2014-03-05,49556.08319448791,24106.823647427733,816381.75
2014-03-06,49585.006828450554,24096.786881344055,815905.3
2014-03-07,49540.13799254423,24074.982008347077,816643.6
2014-03-10,49057.738131087644,23840.550525997463,824595.75
2014-03-11,49010.14133719454,23817.419949397055,825395.75
2014-03-12,49554.495907163495,24081.959512854395,816228.1
2014-03-13,50111.05572261827,24352.430449888507,807060.8
2014-03-14,50306.85183045253,24423.228900409595,810214.1
2014-03-17,50751.905682846256,24639.29593133124,817381.94
2014-03-18,50738.5242073603,24632.799423859055,817166.44
2014-03-19,50983.00202226862,24726.856970130088,813229.0
2014-03-20,50580.90358495694,24531.83843153999,819642.8
2014-03-21,51180.80270979297,24798.258856959994,829363.94
2014-03-24,51731.34813148494,25065.010591141367,838285.25
2014-03-25,52225.88421759642,25279.559522266576,830271.5
2014-03-26,52001.41142642224,25145.625540313198,826703.0
2014-03-27,52059.44911810335,25148.54442345074,825780.3
2014-03-28,52047.80852149279,25117.772614357087,825595.7
2014-03-31,52523.92198981163,25347.54040238849,833147.94
2014-04-01,52611.19086943198,25389.655525712245,834532.25
2014-04-02,52246.60643142649,25213.710576776044,828749.06
2014-04-03,52922.51455166388,25514.68363476052,818027.7
2014-04-04,52091.598278826255,25088.572607432947,805184.2
2014-04-07,52088.61489041789,25087.13573547715,805138.0
2014-04-08,51403.96987553226,24732.307015036702,815720.6
2014-04-09,52066.96018053687,25051.29560309849,805199.7
2014-04-10,51682.04916129716,24841.04971018398,799247.2
2014-04-11,51887.91114836217,24939.997564170168,802430.8
2014-04-14,51517.93406646957,24762.16755874141,796709.25
2014-04-15,51622.33776005725,24812.34934108994,798323.8
2014-04-16,51032.526269310794,24504.043268124547,807445.06
2014-04-17,51638.20529222558,24770.36521504505,817028.25
2014-04-21,51586.70698961486,24720.891594625773,817843.06
2014-04-22,50912.41317324175,24373.04202686188,807152.94
2014-04-23,55086.33292233766,26371.20151530134,873325.25
2014-04-24,55490.86766362188,26564.862385727887,879738.6
2014-04-25,53341.80025329712,25509.485352680145,913809.5
2014-04-28,53499.83876693026,25585.063625808165,911102.1
2014-04-29,53702.136413832166,25681.807808344576,907656.94
2014-04-30,53575.655841480155,25621.321392578866,909794.7
2014-05-01,53476.01649384319,25573.67117329444,911486.75
2014-05-02,52719.771113217575,25212.014266919054,924376.75
2014-05-05,53294.37513541452,25486.805384170824,914301.75
2014-05-06,53480.88388806239,25575.998892286883,911102.1
2014-05-07,53385.56859713293,25504.84055447267,909478.3
2014-05-08,53608.02433830887,25585.613465719165,905688.5
2014-05-09,52940.57566317314,25267.058845939493,916964.8
2014-05-12,52857.54681619622,25227.43149515616,918402.9
2014-05-13,52867.33434698766,25206.87537887369,918572.9
2014-05-14,52417.76872718984,24992.524784260902,910761.6
2014-05-15,53191.37906611329,25361.37824823667,924203.2
2014-05-16,53821.670077372706,25661.89778774975,935154.56
2014-05-19,53832.33507366453,25666.982803587314,935339.8
2014-05-20,53974.782370173256,25734.900948042756,937814.8
2014-05-21,54060.21608445286,25775.63530727612,939299.2
2014-05-22,54670.92118544108,26066.816384665348,949910.25
2014-05-23,53647.15735421649,25552.624195026507,967698.2
2014-05-27,53508.24605694269,25460.906868902457,965192.5
2014-05-28,54483.20775986171,25924.824319912736,982779.0
2014-05-29,54279.12162354037,25827.7137156036,979097.6
2014-05-30,53906.08283418168,25650.21012364803,972368.7
2014-06-02,54668.40715087664,26012.94801661905,986119.6
2014-06-03,55292.67063647223,26309.992222693218,997380.25
2014-06-04,55509.62270479516,26413.224842217085,1.0012937e+06
2014-06-05,55662.25556827923,26459.439135723467,998540.4
2014-06-06,56552.93785694695,26856.37169832511,1.0145186e+06
2014-06-09,56884.879374052136,27014.007094527387,1.0204735e+06
2014-06-10,56649.502758228686,26902.229313863925,1.016251e+06
2014-06-11,55701.90033024272,26452.22328424613,999251.75
2014-06-12,55092.31961442834,26162.740068971736,988316.25
2014-06-13,55647.60845208885,26426.440665072765,998277.75
2014-06-16,55575.16510527766,26392.038111947168,996978.2
2014-06-17,55635.52144929326,26420.700679634374,998060.9
2014-06-18,55828.66174276399,26486.000192049498,994596.1
2014-06-19,56406.023411373295,26759.909699967273,984310.3
2014-06-20,56455.6610636721,26783.458587353765,983444.1
2014-06-23,56797.51837586088,26945.64110353165,977489.06
2014-06-24,56747.198350314124,26921.76848748299,978355.1
2014-06-25,56408.04396346679,26760.86828184019,984202.3
2014-06-26,55737.875837991734,26442.92992283343,995895.4
2014-06-27,55162.17869644746,26169.810092883712,1.0061816e+06
2014-06-30,55512.36831457501,26309.775776701037,1.01256925e+06
2014-07-01,55488.64500896355,26298.532248992353,1.01213644e+06
2014-07-02,55815.10617190644,26453.256687123976,1.0180912e+06
2014-07-03,56966.66164578409,26999.02994868737,1.039096e+06
2014-07-07,56598.64601248825,26824.61100227409,1.03238325e+06
2014-07-08,56574.89175050711,26786.52819196525,1.0328166e+06
2014-07-09,56782.46920386165,26884.80994088699,1.02902706e+06
2014-07-10,56890.008397709156,26908.841740039068,1.03097594e+06
2014-07-11,57624.85609890305,27256.422994663288,1.0442931e+06
2014-07-14,58299.97768521668,27548.497512778653,1.0320583e+06
2014-07-15,58630.23899947478,27704.555942912717,1.0262118e+06
2014-07-16,59675.66559233655,28198.55153324976,1.00791356e+06
2014-07-17,58816.65031216875,27792.640909459897,1.0224222e+06
2014-07-18,58511.451881809815,27620.63280683888,1.0171168e+06
2014-07-21,58025.61829287163,27363.671921248773,1.0255621e+06
2014-07-22,56512.49589279286,26650.11494158046,1.0523055e+06
2014-07-23,56419.45499134099,26579.588677146843,1.050573e+06
2014-07-24,56047.31665743771,26377.69219028863,1.0575025e+06
2014-07-25,55272.63672722823,26013.10259057676,1.0721191e+06
2014-07-28,54915.42344135569,25818.97328433958,1.0651904e+06
2014-07-29,55043.8230464283,25853.52252394228,1.0626998e+06
2014-07-30,56473.89937155973,26525.21479450925,1.03509006e+06
2014-07-31,56160.82446597619,26378.16670309383,1.0408283e+06
2014-08-01,56476.31751105275,26526.350569976657,1.03498125e+06
2014-08-04,56753.994151869345,26656.7724573094,1.0298926e+06
2014-08-05,56849.440158409,26701.60247352778,1.02816056e+06
2014-08-06,56843.42996741245,26672.077945615885,1.0280519e+06
2014-08-07,56999.84584163662,26745.471412400533,1.03088075e+06
2014-08-08,56247.7913952126,26365.84690420467,1.0444821e+06
2014-08-11,56259.518986953124,26371.344149175824,1.04426444e+06
2014-08-12,55515.018410471006,26022.363545089556,1.0580835e+06
2014-08-13,55366.59372303248,25952.79027850007,1.0609124e+06
2014-08-14,55093.99376551394,25825.01052808238,1.0661358e+06
2014-08-15,55757.520708593845,26110.210170507144,1.0789759e+06
2014-08-18,54987.195264306654,25723.370878512018,1.0938826e+06
2014-08-19,55009.0940015509,25707.891880658844,1.0943182e+06
2014-08-20,55014.548580186565,25710.441017676378,1.0944269e+06
2014-08-21,55419.318046043845,25899.60555226329,1.1024791e+06
2014-08-22,55539.649927577215,25955.841326663955,1.1048729e+06
2014-08-25,55184.12777027163,25789.69197723215,1.0978004e+06
2014-08-26,54505.900810223495,25446.940414205492,1.1112925e+06
2014-08-27,54569.951004304,25451.396318218343,1.1125985e+06
2014-08-28,54703.368918161446,25513.622362754613,1.1153186e+06
2014-08-29,55130.330218733194,25712.756887770705,1.1240238e+06
2014-09-02,52803.43765361221,24627.495424733308,1.076582e+06
2014-09-03,53241.07091037293,24806.979849053045,1.0676592e+06
2014-09-04,52779.86143401162,24592.08533264582,1.0769081e+06
2014-09-05,52454.564517541345,24415.925408540326,1.0702709e+06
2014-09-08,52257.23973954591,24324.07702308319,1.0662446e+06
2014-09-09,50652.018462148895,23552.573680850102,1.0989972e+06
2014-09-10,50436.38743918607,23452.30787288424,1.1036758e+06
2014-09-11,50322.004862016445,23399.121363078986,1.1061786e+06
2014-09-12,50336.8523449383,23406.025262392563,1.1058524e+06
2014-09-15,50718.23977671954,23583.36578821367,1.0974736e+06
2014-09-16,50356.184788472754,23415.014613944593,1.105308e+06
2014-09-17,50252.078451760615,23366.606431200835,1.1075932e+06
2014-09-18,50661.841021012944,23557.141051478244,1.0985618e+06
2014-09-19,50611.66536982395,23533.809982796418,1.0996498e+06
2014-09-22,51402.9420193894,23878.21020894198,1.1168421e+06
2014-09-23,50957.24464759299,23671.17039535868,1.1071582e+06
2014-09-24,52900.39455386042,24550.150709616435,1.064939e+06
2014-09-25,54457.07679442953,25248.029643514965,1.0962766e+06
2014-09-26,54111.15053515221,25087.647247638783,1.0893129e+06
2014-09-29,53765.224273379485,24902.17720335801,1.0962766e+06
2014-09-30,54603.05998882853,25290.23349318817,1.0791931e+06
2014-10-01,54999.47346777928,25448.548161042316,1.087028e+06
2014-10-02,55153.622888750164,25494.42536777005,1.0839814e+06
2014-10-03,55153.622888750164,25494.42536777005,1.0839814e+06
2014-10-06,55635.30093042164,25717.078101017643,1.0745146e+06
2014-10-07,54480.343081919345,25183.205888652643,1.0968209e+06
2014-10-08,54361.44907064417,25128.247858003528,1.0992145e+06
2014-10-09,54517.487463663594,25200.375652280334,1.0960594e+06
2014-10-10,55015.419739254714,25430.541805895802,1.0860486e+06
2014-10-13,54431.148509762286,25135.035456288922,1.0745146e+06
2014-10-14,53764.21158404173,24827.059531950534,1.0613489e+06
2014-10-15,53058.663933382464,24501.25407494752,1.0474208e+06
2014-10-16,53835.85517372583,24860.14287147629,1.0627631e+06
2014-10-17,54987.85016769343,25392.107303820572,1.0855044e+06
2014-10-20,53494.08917073438,24676.931191407006,1.1149925e+06
2014-10-21,53222.62299711955,24551.703298177403,1.1206509e+06
2014-10-22,54173.500390656496,24965.793253715296,1.1406724e+06
2014-10-23,54375.03845889782,25058.67183287637,1.144916e+06
2014-10-24,54431.900521727075,25059.817975100883,1.1437188e+06
2014-10-27,53587.78101110887,24671.195107213334,1.1614554e+06
2014-10-28,53286.54888686295,24532.511318304612,1.1679842e+06
2014-10-29,53465.26582663664,24614.790532090432,1.164067e+06
2014-10-30,52955.50465652383,24380.102380264787,1.1751658e+06
2014-10-31,52269.04187088281,24064.062846646477,1.1903995e+06
2014-11-03,52651.27250039964,24240.037411348232,1.1816944e+06
2014-11-04,52525.2292610039,24182.008560509403,1.1845232e+06
2014-11-05,52675.4757721146,24226.99830938781,1.1879114e+06
2014-11-06,52525.250131813664,24133.678127196366,1.1912992e+06
2014-11-07,52611.99813849961,24173.53607106681,1.1893319e+06
2014-11-10,52191.40244668716,23980.285757695354,1.1988396e+06
2014-11-11,52928.84392483257,24295.1363242714,1.2157788e+06
2014-11-12,53675.78663365925,24637.994274525074,1.2329361e+06
2014-11-13,53028.75640359807,24316.359662157287,1.2477985e+06
2014-11-14,53116.99390738249,24356.821008476312,1.2457221e+06
2014-11-17,53806.64344501254,24648.70328744256,1.261896e+06
2014-11-18,54179.425774971925,24794.82533760977,1.2531534e+06
2014-11-19,54954.29721950158,25124.644867286046,1.2710759e+06
2014-11-20,55029.892350598355,25159.20632869308,1.2728242e+06
2014-11-21,56050.45306313411,25625.7981470826,1.2964296e+06
2014-11-24,56537.10358470771,25822.664895426995,1.2851735e+06
2014-11-25,55864.052345635006,25515.256565285243,1.300473e+06
2014-11-26,55831.20534317589,25474.738822148458,1.2997084e+06
2014-11-28,57643.268318202965,26276.07465878064,1.2575249e+06
2014-12-01,57863.697304432346,26376.55488254501,1.2527161e+06
2014-12-02,57207.470719238874,26077.420929028794,1.266923e+06
2014-12-03,57424.593411214875,26176.394013500398,1.2621145e+06
2014-12-04,57668.22715938259,26287.451882754347,1.2567599e+06
2014-12-05,58972.02936866853,26881.77634059676,1.2283461e+06
2014-12-08,59874.456303095794,27266.256344997124,1.2471431e+06
2014-12-09,61013.0004960292,27757.472255195407,1.223428e+06
2014-12-10,61192.83654079136,27839.287507393907,1.2198219e+06
2014-12-11,62228.98165617223,28310.675065106505,1.1991674e+06
2014-12-12,63079.644490506136,28697.678651728766,1.1827749e+06
2014-12-15,62217.04177514976,28276.545414358377,1.1666006e+06
2014-12-16,63767.385678467006,28981.149306463278,1.1956704e+06
2014-12-17,65655.74788073862,29839.376538871144,1.231078e+06
2014-12-18,66162.81048644142,30039.988151144877,1.2215704e+06
2014-12-19,66849.43170301749,30321.69569999561,1.2342476e+06
2014-12-22,67086.20448076652,30398.769862929737,1.229876e+06
2014-12-23,67402.16597808726,30541.941486916206,1.2240836e+06
2014-12-24,68593.65037311432,31051.296834298624,1.245722e+06
2014-12-26,68641.7763441166,31042.031428766255,1.244848e+06
2014-12-29,67804.15720736657,30632.190931546338,1.2296574e+06
2014-12-30,69093.72259461266,31184.151531201744,1.2062706e+06
2014-12-31,69750.97926259787,31480.79196045749,1.1947959e+06
2015-01-02,67785.96459207866,30562.43877335873,1.1611364e+06
2015-01-05,67792.3652378002,30565.324611808504,1.161246e+06
2015-01-06,66841.78415586299,30106.17386703415,1.177529e+06
2015-01-07,64273.557025892995,28949.419996960667,1.2227725e+06
2015-01-08,64342.476417305625,28951.512524854283,1.2240838e+06
2015-01-09,62757.05829584944,28238.138480890313,1.1939219e+06
2015-01-12,62199.85600610732,27959.181844014667,1.2045224e+06
2015-01-13,62436.87677044848,28065.72399823398,1.1999322e+06
2015-01-14,60742.33116042898,27275.950580750734,1.1673659e+06
2015-01-15,61214.29435144853,27460.606645755342,1.1582955e+06
2015-01-16,62790.97929180151,28140.44366313741,1.1881295e+06
2015-01-20,62311.59956951156,27897.46411009106,1.1972002e+06
2015-01-21,60690.534496704284,27171.698682767787,1.228346e+06
2015-01-22,60377.383876053216,27031.498330650033,1.234684e+06
2015-01-23,60441.52387786896,27033.182888575975,1.2359956e+06
2015-01-26,58325.28561762933,26086.67042074908,1.1927198e+06
2015-01-27,61622.57060028156,27561.419934872938,1.2601475e+06
2015-01-28,59704.05870795895,26675.78149219683,1.29938e+06
2015-01-29,58830.343388209316,26258.72958786796,1.2803648e+06
2015-01-30,59568.48969745692,26588.198756574195,1.2964295e+06
2015-02-02,59578.53488759122,26592.682394034116,1.2966481e+06
2015-02-03,60035.47210473229,26796.6348126757,1.3065926e+06
2015-02-04,59606.97103432866,26578.57813945747,1.3159184e+06
2015-02-05,60108.89819391191,26802.386026350705,1.3048375e+06
2015-02-06,59709.630383445714,26624.353650021192,1.3135049e+06
2015-02-09,58562.531223004,26112.86541063478,1.338739e+06
2015-02-10,57189.88255995,25500.805292230318,1.3701178e+06
2015-02-11,57913.44439712878,25797.93864355561,1.3874524e+06
2015-02-12,58197.392334193384,25924.425187994682,1.3942551e+06
2015-02-13,58540.845877881045,26077.418910595734,1.4024834e+06
2015-02-17,58133.25529022888,25869.777485582566,1.4122482e+06
2015-02-18,58011.30696650707,25789.639699473126,1.4092858e+06
2015-02-19,58485.529766854226,26000.46127543399,1.4208061e+06
2015-02-20,60066.20531010258,26703.170020914928,1.4592059e+06
2015-02-23,59691.36888851527,26536.53188148191,1.4501e+06
2015-02-24,58164.86292561336,25857.90488890154,1.4130161e+06
2015-02-25,58901.02340410519,26185.17407992765,1.4308999e+06
2015-02-26,58015.835627552646,25791.652971416024,1.4093958e+06
2015-02-27,57731.30891757171,25639.37147156835,1.4163079e+06
2015-03-02,57610.5662385923,25585.747771415536,1.41927e+06
2015-03-03,57975.76708005462,25747.939140562405,1.410273e+06
2015-03-04,58936.454912105066,26174.595536476198,1.386904e+06
2015-03-05,58847.871455980996,26135.254246968227,1.3889886e+06
2015-03-06,58596.86217673239,26023.777125210003,1.3949132e+06
2015-03-09,59808.97605530625,26562.09573570559,1.3660585e+06
2015-03-10,60899.38785479539,27046.3645615519,1.341153e+06
2015-03-11,62000.38820339003,27508.28956204721,1.3653999e+06
2015-03-12,62428.82018217387,27670.867677934195,1.3559648e+06
2015-03-13,61741.84426037243,27366.373379073135,1.370886e+06
2015-03-16,60709.09921240194,26908.62083010548,1.3938166e+06
2015-03-17,60025.75317992347,26605.73543858638,1.4095055e+06
2015-03-18,60478.973596323536,26806.620256440518,1.3988631e+06
2015-03-19,61237.91786279615,27143.01370919533,1.3813089e+06
2015-03-20,61875.10058370758,27398.294721850176,1.3956816e+06
2015-03-23,62128.03524329577,27482.89589514363,1.3899762e+06
2015-03-24,63751.23771928036,28200.934128439243,1.3536608e+06
2015-03-25,63306.86454877905,28004.36165458493,1.3630964e+06
2015-03-26,63811.317119860054,28227.510792341593,1.3522346e+06
2015-03-27,62195.986891600056,27512.954918721898,1.3864654e+06
2015-03-30,63150.795268211776,27935.323002815832,1.3651809e+06
2015-03-31,63242.13859731515,27975.729547053597,1.3632062e+06
2015-04-01,62697.537974558174,27734.82055707752,1.3749451e+06
2015-04-02,63713.14515661339,28156.34871973696,1.3972172e+06
2015-04-06,64383.546234734546,28424.458494613347,1.3825155e+06
2015-04-07,64593.01952504108,28516.938098398143,1.3780175e+06
2015-04-08,65086.72092183643,28706.383600746543,1.38855e+06
2015-04-09,64809.01278742731,28555.194533696904,1.3944746e+06
2015-04-10,64681.52753922002,28470.468663108066,1.3917315e+06
2015-04-13,64961.96272465794,28565.435618742064,1.3856975e+06
2015-04-14,65208.847424061176,28645.431696511507,1.3909636e+06
2015-04-15,64895.09057800501,28507.602235356233,1.384271e+06
2015-04-16,64164.71194046899,28186.756028121952,1.3686912e+06
2015-04-17,62698.81913662781,27514.620884020558,1.39996e+06
2015-04-20,62359.782828953605,27338.324266919884,1.3923899e+06
2015-04-21,61519.55120005878,26942.63115230588,1.4111509e+06
2015-04-22,62021.77153477218,27135.637089883676,1.4226709e+06
2015-04-23,62313.546668009825,27263.293942170618,1.4293638e+06
2015-04-24,63447.11087809768,27759.24860876345,1.4553658e+06
2015-04-27,64446.767710472486,28168.857148053772,1.4324354e+06
2015-04-28,63499.027065016555,27726.442987321403,1.4113702e+06
2015-04-29,65221.73770993634,28450.9271007433,1.3730802e+06
2015-04-30,63241.41245693442,27587.07263462203,1.4147711e+06
2015-05-01,63363.991547586826,27640.543898876545,1.4120289e+06
2015-05-04,61936.20414736343,26990.0761095618,1.3802115e+06
2015-05-05,61547.26137798585,26820.585662217178,1.3715441e+06
2015-05-06,61927.943589065115,26986.476387876428,1.3800274e+06
2015-05-07,63094.71703295457,27494.92382159816,1.4060281e+06
2015-05-08,62452.015689496344,27214.852441466715,1.3917059e+06
2015-05-11,62674.493128964525,27284.58707287835,1.3867481e+06
2015-05-12,62604.79294379144,27254.2439352412,1.3882902e+06
2015-05-13,64065.43583400481,27862.863012824528,1.4206808e+06
2015-05-14,64154.85125643197,27873.888040511098,1.4186979e+06
2015-05-15,63447.39325162693,27566.512918706536,1.4343422e+06
2015-05-18,63388.92032398045,27513.541190021617,1.4330204e+06
2015-05-19,63384.06215026464,27511.432531884595,1.4329105e+06
2015-05-20,62735.906051253165,27202.59323579909,1.4475634e+06
2015-05-21,63284.99854494591,27413.479811827092,1.4602331e+06
2015-05-22,61890.75838004049,26809.529815899885,1.4280625e+06
2015-05-26,60735.251572245616,26282.18361426252,1.4547246e+06
2015-05-27,60854.843841576345,26333.935206624952,1.4518601e+06
2015-05-28,61547.529354759026,26633.683497331407,1.4353342e+06
2015-05-29,61670.3461707757,26660.196775868637,1.4381984e+06
2015-06-01,61396.35093520169,26541.748164021617,1.4318086e+06
2015-06-02,61320.765769461985,26482.530818636573,1.4335712e+06
2015-06-03,61678.926485077514,26637.209287998365,1.4251981e+06
2015-06-04,61340.40000255517,26464.37302372748,1.4173759e+06
2015-06-05,60935.110710754314,26289.517186460464,1.408011e+06
2015-06-08,60753.924092623245,26211.347004183717,1.4038244e+06
2015-06-09,61450.07074268309,26511.688779353666,1.41991e+06
2015-06-10,61311.79202218692,26452.03055018818,1.4167149e+06
2015-06-11,60634.73503690969,26159.924717556663,1.4010702e+06
2015-06-12,60515.53781657144,26108.498908427748,1.3983161e+06
2015-06-15,60839.764361198715,26248.38146903793,1.4058079e+06
2015-06-16,60696.72443897087,26186.66909254601,1.4025026e+06
2015-06-17,60973.27780791626,26305.98379405488,1.4088929e+06
2015-06-18,60362.951064101544,26042.66769872461,1.3947901e+06
2015-06-19,60844.529651928104,26250.437380499607,1.4059179e+06
2015-06-22,61121.08302221797,26343.501645208034,1.3995276e+06
2015-06-23,61640.73333230709,26541.13010416748,1.4114265e+06
2015-06-24,61347.22398803479,26414.75150235683,1.4047058e+06
2015-06-25,60986.3585574256,26259.370866434463,1.3964428e+06
2015-06-26,59918.19691666726,25799.444198677094,1.3719844e+06
2015-06-29,60351.24775899313,25985.906268911203,1.3819002e+06
2015-06-30,60914.185496267004,26228.294749998604,1.3947901e+06
2015-07-01,60837.21183071448,26195.151599981058,1.3930276e+06
2015-07-02,60625.50138166097,26103.993784864742,1.38818e+06
2015-07-06,60476.35053080702,26039.772742647077,1.3847648e+06
2015-07-07,58975.15043518755,25393.38933842268,1.3503909e+06
2015-07-08,57772.24791226172,24875.446240771817,1.3228471e+06
2015-07-09,59316.764228124564,25540.480646938424,1.358213e+06
2015-07-10,58171.616635074715,25021.865058119787,1.384434e+06
2015-07-13,58148.4636542279,24986.884199381355,1.383883e+06
2015-07-14,58708.61154181197,25227.584460781534,1.397214e+06
2015-07-15,59490.948964196745,25563.761435193293,1.415833e+06
2015-07-16,60004.80275587747,25784.5687339809,1.4280624e+06
2015-07-17,61138.99822778951,26271.942073449485,1.4550551e+06
2015-07-20,60527.929572326546,26009.36072955159,1.4405122e+06
2015-07-21,57967.92167349105,24909.303790849423,1.3795864e+06
2015-07-22,57940.1420512589,24897.366653387893,1.3789252e+06
2015-07-23,57634.609713777405,24766.076836666118,1.3716539e+06
2015-07-24,56833.745928783894,24421.938928326796,1.352594e+06
2015-07-27,56551.36657568467,24276.176204917163,1.3593144e+06
2015-07-28,56730.11540406097,24352.908887376358,1.3550178e+06
2015-07-29,57016.089562860405,24475.67089101029,1.3481871e+06
2015-07-30,57514.642417896335,24689.687946462323,1.3363985e+06
2015-07-31,56158.57271654794,24082.869319650614,1.3048892e+06
2015-08-03,54356.799515353785,23310.20245065767,1.2630236e+06
2015-08-04,54717.143620479605,23464.73130661085,1.2713965e+06
2015-08-05,54836.217401680486,23515.794540118077,1.2741632e+06
2015-08-06,54650.47218549419,23412.624339282007,1.2784792e+06
2015-08-07,52663.503614010246,22561.39383975009,1.324962e+06
2015-08-10,49922.984372687155,21364.775847206285,1.2560132e+06
2015-08-11,49153.172694133886,21013.966544684303,1.2753809e+06
2015-08-12,49191.56495893358,21030.380007414286,1.2743848e+06
2015-08-13,49537.59558436111,21157.28465555691,1.2833492e+06
2015-08-14,49024.965015809095,20917.185156729396,1.2966298e+06
2015-08-17,48748.79111966254,20778.434526525027,1.2893254e+06
2015-08-18,49372.2621920223,21023.401201952303,1.2728355e+06
2015-08-19,50385.39543988848,21454.80753812722,1.2467166e+06
2015-08-20,47303.68885160003,20121.118874657812,1.170464e+06
2015-08-21,46122.88374754584,19618.85107180181,1.1412466e+06
2015-08-24,45845.57393464537,19481.27559100533,1.1481082e+06
2015-08-25,48475.05168165524,20579.14493955395,1.2139582e+06
2015-08-26,49902.46458818517,21185.125460935957,1.2497049e+06
2015-08-27,50065.97479635092,21254.540555014406,1.2537998e+06
2015-08-28,50300.187844286156,21332.716630683328,1.2479344e+06
2015-08-31,52548.43761829045,22286.21754985096,1.1921559e+06
2015-09-01,54802.17321563242,23219.75883353064,1.243286e+06
2015-09-02,53841.17438314229,22812.58225967608,1.2214839e+06
2015-09-03,54377.783405929535,23017.131684539556,1.20931e+06
2015-09-04,52864.94452708055,22376.774363756205,1.2429541e+06
2015-09-08,51848.232559578835,21924.04181217108,1.2190492e+06
2015-09-09,50709.12978137167,21420.4477942594,1.2458316e+06
2015-09-10,49970.36965701937,21108.38224029712,1.2639816e+06
2015-09-11,49489.083921950914,20905.07849585103,1.2761556e+06
2015-09-14,49072.77599701246,20729.22254622366,1.2868908e+06
2015-09-15,49017.91157014209,20706.046826257538,1.2883295e+06
2015-09-16,47969.41897191521,20242.438661808337,1.2607722e+06
2015-09-17,47771.51315476377,20158.925114003046,1.2555708e+06
2015-09-18,48512.619781403715,20471.66197330088,1.275049e+06
2015-09-21,49274.78457194959,20772.813427751975,1.2550171e+06
2015-09-22,48875.01711663684,20604.283116846746,1.2651991e+06
2015-09-23,48584.304571528904,20481.727178488127,1.2727246e+06
2015-09-24,48706.82128618732,20533.37665554803,1.2695151e+06
2015-09-25,49670.67617456386,20939.709792092483,1.2443928e+06
2015-09-28,51163.79616497415,21569.165674152217,1.2069859e+06
2015-09-29,50582.08955925515,21323.935118701538,1.2207086e+06
2015-09-30,50912.257565186206,21463.12432970669,1.2127406e+06
2015-10-01,50540.56908147608,21306.431295075963,1.2215944e+06
2015-10-02,50357.42066720274,21229.221260119168,1.2260212e+06
2015-10-05,50116.49891938694,21127.65567111577,1.2318868e+06
2015-10-06,50355.126379509085,21228.254055277503,1.2260212e+06
2015-10-07,50936.940200565616,21473.529809590487,1.2118554e+06
2015-10-08,49718.17348509546,20959.73327425611,1.2408514e+06
2015-10-09,49948.770861483135,21056.94640909257,1.2350962e+06
2015-10-12,49863.72268596329,21021.09257639108,1.2371992e+06
2015-10-13,49158.958811183125,20702.96356931836,1.2197129e+06
2015-10-14,49894.9393373982,21012.916798402868,1.2379738e+06
2015-10-15,50260.68601454257,21145.9356250676,1.228899e+06
2015-10-16,49948.38575708323,21014.54304642241,1.236535e+06
2015-10-19,49036.41465004778,20630.85384815493,1.2591119e+06
2015-10-20,49032.11539140066,20608.414187985243,1.2590015e+06
2015-10-21,49782.084967601426,20923.62970604637,1.2782585e+06
2015-10-22,48239.07625468486,20254.17271412215,1.3178784e+06
2015-10-23,49778.44656487798,20900.50913999049,1.2758232e+06
2015-10-26,50093.66532790647,21032.860249605506,1.2677442e+06
2015-10-27,48029.56162645838,20166.203669196213,1.3199816e+06
2015-10-28,48536.9486159482,20359.074374935648,1.333926e+06
2015-10-29,48951.716374957236,20512.691784348484,1.3225271e+06
2015-10-30,48263.5269120231,20224.313370111184,1.34112e+06
2015-11-02,47709.91655728415,19992.32888792471,1.3565034e+06
2015-11-03,47488.04671582985,19879.36438132735,1.3501951e+06
2015-11-04,47706.96403239168,19951.127807211902,1.3439708e+06
2015-11-05,47762.19862623238,19954.27587390273,1.3455268e+06
2015-11-06,47568.88422024455,19873.512234488484,1.3400809e+06
2015-11-09,49068.12563312035,20479.997592125463,1.2978451e+06
2015-11-10,49345.46154497056,20595.751734628688,1.2905098e+06
2015-11-11,49511.19983950449,20664.92739253657,1.2861752e+06
2015-11-12,50957.34993028243,21268.519846799652,1.2486079e+06
2015-11-13,51791.98713533357,21595.611239405025,1.269059e+06
2015-11-16,52014.2582345122,21666.695606539,1.2636128e+06
2015-11-17,50367.21836011206,20980.616196359468,1.3036252e+06
2015-11-18,51007.06750029108,21226.166662695516,1.3201861e+06
2015-11-19,51230.357097905,21319.08677054081,1.3259654e+06
2015-11-20,50564.75706774451,21042.102857070367,1.308738e+06
2015-11-23,50079.53697811685,20819.140451885272,1.3212968e+06
2015-11-24,50437.583767994685,20967.988202016644,1.31185e+06
2015-11-25,50531.59952936224,21007.072575769085,1.3094046e+06
2015-11-27,50321.412240683974,20919.693199915313,1.3148512e+06
2015-11-30,50729.78236258439,21089.461441341213,1.3041809e+06
2015-12-01,51188.04589391366,21279.971445994215,1.2923998e+06
2015-12-02,51663.48341695356,21477.6210483176,1.2803958e+06
2015-12-03,49945.854260034284,20763.565671212546,1.3229645e+06
2015-12-04,50260.56286756683,20894.396806981636,1.3146285e+06
2015-12-07,50239.32365540365,20864.672812942037,1.314073e+06
2015-12-08,49130.253938906106,20404.069940972946,1.2850639e+06
2015-12-09,49363.968027642884,20501.132712492632,1.2911771e+06
2015-12-10,50634.51397049494,21008.296433973854,1.2579444e+06
2015-12-11,50947.67232670827,21138.22606224952,1.2501644e+06
2015-12-14,51849.0353023827,21512.202212165983,1.2280466e+06
2015-12-15,51450.17293185333,21346.713926422366,1.2374938e+06
2015-12-16,52540.70726578348,21799.17740957105,1.2112639e+06
2015-12-17,53962.95968776607,22389.27096714639,1.1784756e+06
2015-12-18,53301.32921215468,22114.760004732594,1.1929246e+06
2015-12-21,53251.65549783908,22072.035584764963,1.1918129e+06
2015-12-22,52566.31969896527,21765.90184257523,1.2071512e+06
2015-12-23,52285.600881565675,21627.899950465988,1.2007046e+06
2015-12-24,52871.23396905976,21848.518741964952,1.187256e+06
2015-12-28,51920.91476659372,21455.808654697477,1.208596e+06
2015-12-29,51242.89740688795,21154.168823865843,1.1928134e+06
2015-12-30,52226.48791356048,21539.061945195906,1.1699178e+06
2015-12-31,52181.84980116392,21520.65245402703,1.1709178e+06
2016-01-04,50874.20521121559,20959.837681857087,1.1415752e+06
2016-01-05,49878.611110665406,20549.659465648885,1.119235e+06
2016-01-06,47773.50819084531,19682.370918931592,1.0719982e+06
2016-01-07,48026.12474648638,19786.4472770782,1.0776666e+06
2016-01-08,48803.78291914157,20106.837325495686,1.0951168e+06
2016-01-11,49512.08812470124,20398.654407966238,1.1110105e+06
2016-01-12,50785.05201244618,20902.70849638201,1.0824462e+06
2016-01-13,49674.36455897448,20445.558702288698,1.1061199e+06
2016-01-14,48481.42229117416,19934.10794641281,1.0795561e+06
2016-01-15,48246.848081713375,19837.65806124335,1.0743328e+06
2016-01-19,48311.71924876482,19864.33114106446,1.0757772e+06
2016-01-20,48067.153812604374,19763.773162894922,1.0703314e+06
2016-01-21,45511.56635161613,18693.228412064367,1.1272378e+06
2016-01-22,44623.06293018201,18309.59504352507,1.1052311e+06
2016-01-25,44376.26951836316,18190.021950794642,1.1113436e+06
2016-01-26,47292.078823585834,19385.224608475997,1.0383212e+06
2016-01-27,47631.25733271149,19504.87009990553,1.04576806e+06
2016-01-28,49276.50117529328,20178.592970752117,1.0818902e+06
2016-01-29,49737.162067338344,20347.053757940557,1.0717761e+06
2016-02-01,50742.941809355434,20758.509772494876,1.0501028e+06
2016-02-02,49738.629196183545,20347.653947984425,1.0708866e+06
2016-02-03,49338.94797586677,20184.14772974032,1.0794919e+06
2016-02-04,50656.71848527815,20723.236537407327,1.0506602e+06
2016-02-05,50123.31774238416,20505.02678962366,1.0617234e+06
2016-02-08,50133.86082492006,20509.33987581949,1.0615001e+06
2016-02-09,50513.86932557761,20664.798150276027,1.053454e+06
2016-02-10,50819.29791098009,20789.746410049716,1.04708444e+06
2016-02-11,50662.01246533071,20725.40226002289,1.0503252e+06
2016-02-12,49233.63018044307,20141.063107375812,1.0799384e+06
2016-02-16,48479.62814038813,19832.607228413042,1.0964775e+06
2016-02-17,49398.61709104125,20208.55786179611,1.0756925e+06
2016-02-18,49511.533677829575,20254.751085656266,1.0732336e+06
2016-02-19,49078.48998780216,20077.59656227201,1.0826204e+06
2016-02-22,50187.90313224715,20531.44812821432,1.0581479e+06
2016-02-23,49440.565139473096,20225.71845482167,1.0739046e+06
2016-02-24,49101.0283046106,20086.81679769867,1.0812796e+06
2016-02-25,49024.91546084218,20055.679674882354,1.0829558e+06
2016-02-26,48913.63452737829,19990.09990333512,1.0804975e+06
2016-02-29,46971.06636466272,19176.218038550014,1.1234088e+06
2016-03-01,47073.86178959195,19199.00866594147,1.1258671e+06
2016-03-02,47424.28068481322,19341.926522057325,1.1342481e+06
2016-03-03,48129.8128518032,19629.676829195632,1.1511225e+06
2016-03-04,48662.46895259105,19827.29019778944,1.1383829e+06
2016-03-07,48261.22153197984,19643.976565430847,1.1289964e+06
2016-03-08,48304.20298572162,19661.47149496743,1.1300019e+06
2016-03-09,48280.32261175654,19632.0898901718,1.1305605e+06
2016-03-10,47760.13159430453,19420.56610030816,1.1427416e+06
2016-03-11,47638.72976407535,19371.200820314978,1.1456462e+06
2016-03-14,48595.99516827606,19741.079720724178,1.1686672e+06
2016-03-15,49241.86971413668,20003.45238858024,1.1841995e+06
2016-03-16,49162.89787986037,19971.371776366377,1.1823002e+06
2016-03-17,49218.65168046432,19994.020560873098,1.183641e+06
2016-03-18,49214.01433534262,19992.136738977424,1.1835295e+06
2016-03-21,48837.634100392555,19819.248212366703,1.192581e+06
2016-03-22,48567.63279206803,19689.857256885563,1.1859878e+06
2016-03-23,48357.13291718628,19604.518271830264,1.1808475e+06
2016-03-24,48137.47986139717,19515.4684856683,1.1754838e+06
2016-03-28,46998.01563510615,19034.001575961436,1.2033086e+06
2016-03-29,47818.564035137984,19347.286276107257,1.2243175e+06
2016-03-30,47569.772094306245,19246.62560175236,1.2179476e+06
2016-03-31,47133.300927189506,19050.78369789698,1.2291228e+06
2016-04-01,47617.53856230802,19227.456664998434,1.2417505e+06
2016-04-04,47056.175238911914,19000.78411324957,1.2271115e+06
2016-04-05,47548.98040150301,19199.773607332918,1.2399626e+06
2016-04-06,46511.946933621,18781.0304999427,1.2129194e+06
2016-04-07,46460.53464552964,18741.489733194914,1.21426e+06
2016-04-08,46306.60236634101,18679.395737677394,1.2182831e+06
2016-04-11,46909.758487083796,18904.0205641287,1.2341515e+06
2016-04-12,46230.15531277754,18611.245332181763,1.2520314e+06
2016-04-13,46254.907554264006,18602.598795722162,1.2527016e+06
2016-04-14,47183.31288728169,18957.37824097605,1.227558e+06
2016-04-15,46165.34635179283,18529.420827150032,1.2010739e+06
2016-04-18,46410.18876929388,18609.163997102172,1.1947038e+06
2016-04-19,46314.67468490135,18570.86556937266,1.1971625e+06
2016-04-20,46816.17738113595,18771.953868444463,1.1841995e+06
2016-04-21,46688.07727266544,18701.817419197116,1.1809594e+06
2016-04-22,46422.98854764084,18595.63097450066,1.174254e+06
2016-04-25,46100.49474548652,18466.449809650167,1.1660966e+06
2016-04-26,43215.626566276485,17310.85975073752,1.0931248e+06
2016-04-27,41894.67746365871,16781.727895661676,1.0597119e+06
2016-04-28,41413.13194574632,16588.835472561124,1.0475313e+06
2016-04-29,41368.94243311458,16571.1345038051,1.0464135e+06
2016-05-02,42049.3128570585,16843.670110095118,1.0636232e+06
2016-05-03,41611.93080382948,16668.468221738243,1.0525598e+06
2016-05-04,41443.023193026995,16600.808993034254,1.0482873e+06
2016-05-05,41674.14660464632,16676.789161839104,1.04244106e+06
2016-05-06,41705.62223323895,16672.70800964988,1.04322844e+06
2016-05-09,41988.77874450577,16785.9058371989,1.0503114e+06
2016-05-10,42397.78509902312,16932.628905878915,1.04008044e+06
2016-05-11,41403.25496146983,16518.505487039754,1.0156832e+06
2016-05-12,41485.75938832233,16551.42197703399,1.0177072e+06
2016-05-13,43025.66052962121,17165.790713881277,1.0554832e+06
2016-05-16,43204.40350738885,17219.937356495946,1.0510985e+06
2016-05-17,42709.912015490234,17022.848360408818,1.0631286e+06
2016-05-18,42872.53199452813,17087.663648310394,1.0590808e+06
2016-05-19,42408.29645806219,16902.63373914302,1.0705489e+06
2016-05-20,41869.39059110553,16687.842548507677,1.0841529e+06
2016-05-23,42507.64573432768,16925.54344163208,1.1006796e+06
2016-05-24,41760.82012200266,16611.2495277158,1.1200178e+06
2016-05-25,41429.653071671375,16479.52082860646,1.1288995e+06
2016-05-26,41454.420285472224,16489.372511771453,1.1282246e+06
2016-05-27,41252.003209060545,16392.36746559422,1.1227156e+06
2016-05-31,40673.667234800014,16162.553273042018,1.1069755e+06
2016-06-01,40367.9824203748,16041.082861500658,1.098656e+06
2016-06-02,40285.36546797368,15992.212162201302,1.1009045e+06
2016-06-03,39993.26849401035,15876.257479271288,1.1088868e+06
2016-06-06,39831.075289582834,15811.87111696972,1.1133838e+06
2016-06-07,39867.26848442064,15826.238846887281,1.1123721e+06
2016-06-08,40153.353911608334,15923.980867753387,1.1203544e+06
2016-06-09,39822.9346349308,15792.94348911417,1.111135e+06
2016-06-10,39222.55256540129,15554.844509647195,1.0943832e+06
2016-06-13,39270.910304524274,15574.022178200044,1.0957325e+06
2016-06-14,39141.96644774999,15522.885739814148,1.0921348e+06
2016-06-15,38976.75344721015,15441.842831376058,1.0967445e+06
2016-06-16,38089.737568856275,15074.982294809019,1.0717852e+06
2016-06-17,37997.831875036776,15038.608279245993,1.0691991e+06
2016-06-20,38321.47341878902,15166.697650644523,1.078306e+06
2016-06-21,38177.63309686016,15109.769185268848,1.0742585e+06
2016-06-22,38397.405404109035,15196.749664844927,1.0804426e+06
2016-06-23,37318.58797850138,14769.780233486488,1.0500864e+06
2016-06-24,37861.97842236131,14970.071040256222,1.03479625e+06
2016-06-27,38499.578993962234,15207.198885117174,1.0522224e+06
2016-06-28,38166.37318685914,15060.376559243596,1.0613291e+06
2016-06-29,38651.53996165108,15236.762047520053,1.0748208e+06
2016-06-30,38534.29338857381,15175.305700518402,1.078081e+06
2016-07-01,38895.9549575425,15317.732728150271,1.0679628e+06
2016-07-05,39117.06577307743,15389.491309125295,1.0740338e+06
2016-07-06,39284.946003919846,15455.538986845066,1.0786432e+06
2016-07-07,39587.9592188446,15574.750874175434,1.086963e+06
2016-07-08,39710.80769352198,15623.082094731555,1.090336e+06
2016-07-11,39890.969002217666,15693.961411459884,1.0952826e+06
2016-07-12,39665.7553591183,15605.357541648169,1.0890989e+06
2016-07-13,40451.95682372495,15914.66603316373,1.1106856e+06
2016-07-14,40447.85399102553,15913.051890923696,1.110573e+06
2016-07-15,40877.80825285806,16082.20510436199,1.1223782e+06
2016-07-18,40894.17502507047,16088.644143020529,1.1228278e+06
2016-07-19,40857.31465358289,16058.053839424061,1.1238398e+06
2016-07-20,40640.700953919135,15956.860615027057,1.1178815e+06
2016-07-21,40325.96084535598,15833.283414722486,1.1092241e+06
2016-07-22,40865.49870594212,16029.290238289796,1.0943834e+06
2016-07-25,40584.220716202886,15902.931044393257,1.0868506e+06
2016-07-26,43220.70636891127,16936.03821744326,1.1574561e+06
2016-07-27,43804.256281255824,17164.702310364282,1.1730836e+06
2016-07-28,43749.68399290091,17143.31815358296,1.1716222e+06
2016-07-29,44522.16175742854,17446.013644732444,1.1923094e+06
2016-08-01,45181.2919325118,17686.847857704037,1.1746579e+06
2016-08-02,45747.788730834145,17890.92409485883,1.1893861e+06
2016-08-03,46030.39641500272,18001.445559750442,1.1967336e+06
2016-08-04,46730.39630405822,18275.19966304026,1.2149326e+06
2016-08-05,46343.43603855164,18105.59306726018,1.2249932e+06
2016-08-08,46155.28079504367,18032.084010452378,1.2299668e+06
2016-08-09,45811.69657069295,17879.819407617695,1.2208108e+06
2016-08-10,45781.999485577304,17868.228950189845,1.2200194e+06
2016-08-11,45888.04940757421,17909.619110245814,1.2228455e+06
2016-08-12,46439.49201636324,18124.841313239296,1.2375405e+06
2016-08-15,46397.06357323641,18108.28194177652,1.2364099e+06
2016-08-16,46329.207729166774,18081.798525344984,1.2346016e+06
2016-08-17,46269.81356160163,18058.617611529848,1.2330189e+06
2016-08-18,46388.58070677808,18104.97116894583,1.2361839e+06
2016-08-19,46028.03429072107,17964.25372580955,1.2265759e+06
2016-08-22,46172.25356588911,18020.54097967981,1.2304191e+06
2016-08-23,45824.4279243704,17884.788319961204,1.2211501e+06
2016-08-24,45629.293818810605,17808.629547663997,1.2159501e+06
2016-08-25,45362.05536282058,17704.32921195172,1.2088285e+06
2016-08-26,45311.165244585594,17684.46733841753,1.2074724e+06
2016-08-29,44963.329004292165,17548.71054210954,1.1982031e+06
2016-08-30,45005.736258019926,17565.261643574537,1.1993332e+06
2016-08-31,45272.978247192084,17669.563358250336,1.2064549e+06
2016-09-01,45697.17437861136,17835.12261038331,1.217759e+06
2016-09-02,45684.450083060925,17830.156452751933,1.2174199e+06
2016-09-06,45404.497938484616,17703.063942741162,1.2248802e+06
2016-09-07,46594.50300983641,18167.042993866646,1.1927774e+06
2016-09-08,47649.861546278684,18578.523805271445,1.1657611e+06
2016-09-09,48717.17589331599,18976.08762397607,1.1918731e+06
2016-09-12,49876.87755234555,19427.809216943748,1.2202455e+06
2016-09-13,51641.857150809024,20115.295855913067,1.2634259e+06
2016-09-14,53397.60824651643,20799.187851438342,1.3063806e+06
2016-09-15,53697.93141297112,20895.36914567877,1.2990331e+06
2016-09-16,53071.79771289427,20630.827616366572,1.283886e+06
2016-09-19,53076.466026634436,20612.011522378663,1.2837731e+06
2016-09-20,53067.11608411968,20587.76850191249,1.283547e+06
2016-09-21,53567.17655305896,20781.770549341643,1.2956421e+06
2016-09-22,54459.81400875649,21107.293885421914,1.2740516e+06
2016-09-23,54541.95597227634,21118.022810515507,1.2759734e+06
2016-09-26,54440.48436056847,21057.616137848803,1.2783472e+06
2016-09-27,54026.4864597987,20897.481470079398,1.2880685e+06
2016-09-28,54865.68818860176,21222.085265855938,1.2680606e+06
2016-09-29,55291.19048900152,21365.447757910257,1.277895e+06
2016-09-30,55550.41072042959,21444.24937588901,1.2719039e+06
2016-10-03,55313.42263790754,21352.76433599807,1.27733e+06
2016-10-04,55288.958087845844,21343.32023098447,1.277895e+06
2016-10-05,54878.13951566656,21184.731018127055,1.2873904e+06
2016-10-06,54796.224196877694,21153.109064283104,1.2893119e+06
2016-10-07,53840.19710678538,20784.05178704311,1.3118065e+06
2016-10-10,53724.215187842936,20739.27902729858,1.3146324e+06
2016-10-11,53243.79050942578,20553.8196134671,1.3263884e+06
2016-10-12,53407.131541303956,20616.87451757103,1.3223194e+06
2016-10-13,53110.38299427129,20502.320011817195,1.3296666e+06
2016-10-14,53146.51123024753,20516.26667560848,1.328762e+06
2016-10-17,53110.341335612866,20481.787663556443,1.3278578e+06
2016-10-18,53268.5756828422,20522.32830993361,1.3239016e+06
2016-10-19,53241.285189960596,20491.292006968324,1.3232234e+06
2016-10-20,53032.07194817177,20410.770854747385,1.3180236e+06
2016-10-21,52554.51671414915,20206.560543462707,1.3298925e+06
2016-10-24,52286.49410215348,20103.509169862133,1.3366749e+06
2016-10-25,51110.326184721685,19631.183668772297,1.3066068e+06
2016-10-26,51601.14008765213,19800.071295192727,1.2940594e+06
2016-10-27,51943.69622173398,19931.5148227176,1.2854688e+06
2016-10-28,51861.481719592506,19880.03646607831,1.2834342e+06
2016-10-31,50925.09053004023,19521.090088582485,1.260261e+06
2016-11-01,50970.774549430695,19538.6021214301,1.2613915e+06
2016-11-02,50424.43731198194,19329.17493494934,1.247871e+06
2016-11-03,49969.909264506416,19154.940920434958,1.2366226e+06
2016-11-04,50690.718885251095,19431.248520417983,1.2544608e+06
2016-11-07,50392.29913524265,19297.424174830987,1.2618459e+06
2016-11-08,50310.633551255945,19246.85341243344,1.2598009e+06
2016-11-09,51712.7078507621,19763.98458909377,1.2246924e+06
2016-11-10,51405.65621084381,19646.633088241902,1.2319642e+06
2016-11-11,52695.173145689136,20139.47119103877,1.2010602e+06
2016-11-14,51997.297692838714,19872.75145678995,1.2169668e+06
2016-11-15,53395.40189694844,20387.217576616313,1.2496885e+06
2016-11-16,53414.8116898043,20374.24132807469,1.2492342e+06
2016-11-17,53361.35670534332,20353.851763473747,1.2504844e+06
2016-11-18,54171.039844947656,20642.338833613605,1.2694586e+06
2016-11-21,54204.966731844615,20655.26696452823,1.2702538e+06
2016-11-22,53928.62003396903,20549.962687751824,1.2637779e+06
2016-11-23,53657.12062599738,20425.955549633847,1.2701402e+06
2016-11-25,53762.720067663126,20466.154678404942,1.2676406e+06
2016-11-28,53815.73001884892,20486.334272352153,1.2663908e+06
2016-11-29,54269.57762675567,20659.10297401296,1.2557108e+06
2016-11-30,54775.348872518945,20851.637736663608,1.2440081e+06
2016-12-01,54570.232682551636,20773.555011949662,1.2486666e+06
2016-12-02,54962.50711038471,20922.88430753423,1.2396906e+06
2016-12-05,54539.37537939979,20761.80839015543,1.2492344e+06
2016-12-06,54003.64194901212,20557.867755475723,1.2615054e+06
2016-12-07,53473.49244521652,20356.05278529369,1.2738895e+06
2016-12-08,52600.69232715768,20023.799093571233,1.294682e+06
2016-12-09,52900.73608858623,20138.01842666968,1.287297e+06
2016-12-12,52018.288828063385,19802.092303388243,1.3087706e+06
2016-12-13,52018.288828063385,19782.290211084855,1.3087706e+06
2016-12-14,51733.798482781676,19654.31769202529,1.3159285e+06
2016-12-15,51666.79426593932,19628.861951230163,1.3176329e+06
2016-12-16,51368.291642312746,19515.457067600513,1.3252455e+06
2016-12-19,51231.77342961359,19463.59208954309,1.3287675e+06
2016-12-20,51183.59003606873,19445.28661513402,1.3300171e+06
2016-12-21,51520.26893583805,19573.195143993937,1.3212685e+06
2016-12-22,51418.365482255125,19534.48074626225,1.3238819e+06
2016-12-23,51091.80298116106,19410.41556390489,1.33229e+06
2016-12-27,51309.66027826339,19493.18227840006,1.326609e+06
2016-12-28,51322.85152939217,19498.193799843368,1.326268e+06
2016-12-29,51722.95885121209,19650.199580292126,1.3159285e+06
2016-12-30,51575.58046159808,19594.208685067668,1.3196781e+06
2017-01-03,51633.29275674031,19616.134308484605,1.3182015e+06
2017-01-04,51370.729296656784,19516.38316300248,1.3249046e+06
2017-01-05,50798.038543870025,19298.81077658082,1.339675e+06
2017-01-06,50332.75959815957,19122.04548034131,1.3519456e+06
2017-01-09,50281.97974426547,19102.753578140826,1.3533095e+06
2017-01-10,50011.81866254435,19000.11600108498,1.3605808e+06
2017-01-11,50220.6470409389,19079.45251633126,1.3548995e+06
2017-01-12,50309.06558904285,19113.04382965578,1.3525141e+06
2017-01-13,49903.36021509616,18958.911279122804,1.3634211e+06
2017-01-17,49907.51098265187,18960.488207680115,1.3633078e+06
2017-01-18,49994.860418395314,18993.673351834805,1.3609216e+06
2017-01-19,50086.68216710088,19009.563910320256,1.3634212e+06
2017-01-20,50120.07598204403,19022.23797519948,1.3643302e+06
2017-01-23,50165.992042192156,19020.642411184912,1.3630804e+06
2017-01-24,50964.68080314109,19304.44790060952,1.3847819e+06
2017-01-25,50989.76776498704,19313.95036271284,1.3854634e+06
2017-01-26,50993.9448845789,19315.532575850742,1.3855769e+06
2017-01-27,50860.12813188495,19264.84534520591,1.3819409e+06
2017-01-30,50743.05102663699,19220.498773364452,1.3787598e+06
2017-01-31,47648.7165442272,18029.203460005814,1.4628371e+06
2017-02-01,47730.1292509026,18060.00819850319,1.4603376e+06
2017-02-02,47525.87617019676,17982.723423246745,1.466587e+06
2017-02-03,47971.37413485665,18133.307117313812,1.4803345e+06
2017-02-06,47514.81166619388,17942.591981724647,1.4944235e+06
2017-02-07,47330.57024799404,17873.018548157903,1.5002181e+06
2017-02-08,46988.568271711156,17743.87141061904,1.5110585e+06
2017-02-09,47095.038252916725,17784.07671427244,1.5076346e+06
2017-02-10,46677.969006240586,17626.58259698944,1.5209861e+06
2017-02-13,46072.12713176039,17397.803966115152,1.5407274e+06
2017-02-14,45904.933016306124,17334.667952519718,1.5463186e+06
2017-02-15,45850.75201598066,17296.873399577416,1.5444935e+06
2017-02-16,45976.08661480282,17344.15499460247,1.5487155e+06
2017-02-17,46308.059438524666,17469.389405196558,1.559898e+06
2017-02-21,46446.941385207305,17521.781641825943,1.5645762e+06
2017-02-22,46643.41560614477,17578.378376815028,1.5579579e+06
2017-02-23,46687.8234841444,17577.53587578005,1.5594412e+06
2017-02-24,46780.07949975091,17612.26941662782,1.5625228e+06
2017-02-27,46800.57175810824,17619.98456331,1.5632074e+06
2017-02-28,47757.1514338404,17980.128007862182,1.5951585e+06
2017-03-01,47473.595819251044,17873.371928519224,1.5856872e+06
2017-03-02,47753.73651323135,17978.842321680237,1.5950444e+06
2017-03-03,47603.441162411546,17922.25750525813,1.5900242e+06
2017-03-06,47541.96720088076,17881.190866978715,1.5920776e+06
2017-03-07,47364.77701740387,17796.66599943934,1.586144e+06
2017-03-08,47473.82837096304,17819.843885381026,1.5824921e+06
2017-03-09,47631.29979448784,17861.132739485904,1.5877412e+06
2017-03-10,47651.83070729432,17868.83157114663,1.5884258e+06
2017-03-13,47579.955572383304,17841.87930801602,1.5860299e+06
2017-03-14,48083.17183826477,18030.5790193478,1.602804e+06
2017-03-15,48161.90755134589,18060.10391219657,1.6054285e+06
2017-03-16,47922.27295419274,17970.24398044596,1.5974405e+06
2017-03-17,47419.04535648491,17763.569775842705,1.6142151e+06
2017-03-20,46875.994030310365,17542.374651259186,1.5957288e+06
2017-03-21,47405.637030257145,17740.582628043117,1.6137585e+06
2017-03-22,47238.03009453793,17677.859186730388,1.6080529e+06
2017-03-23,47144.16622619498,17642.732568538064,1.6048576e+06
2017-03-24,47224.6328146484,17672.84553084977,1.6075968e+06
2017-03-27,48203.45220277396,18039.14851338091,1.6409174e+06
2017-03-28,48310.69675567703,18079.28257699386,1.644568e+06
2017-03-29,48247.02237320015,18055.45375168138,1.6424005e+06
2017-03-30,48156.5147353001,18021.58313356038,1.6393194e+06
2017-03-31,48169.923068688804,18026.600925985247,1.6397759e+06
2017-04-03,48528.608445507176,18160.831535751247,1.6519861e+06
2017-04-04,48780.02714857591,18236.75897209764,1.6434275e+06
2017-04-05,48658.095232691485,18172.93710194433,1.6393194e+06
2017-04-06,48549.70013371977,18132.45345155991,1.6356676e+06
2017-04-07,48492.11698712581,18110.947165788148,1.6337276e+06
2017-04-10,47970.533340736925,17916.144908241913,1.6161552e+06
2017-04-11,47912.9613655387,17876.726649880427,1.618095e+06
2017-04-12,47659.53857990037,17764.295762172867,1.6095365e+06
2017-04-13,47923.08265495191,17862.527407612215,1.6184369e+06
2017-04-17,48135.95332016134,17924.008859784495,1.6112479e+06
2017-04-18,47958.69507122692,17840.080581657658,1.6053145e+06
2017-04-19,48558.68415319916,18063.2695895029,1.6253979e+06
2017-04-20,48616.63061626838,18066.761734818694,1.6234582e+06
2017-04-21,48148.48473584574,17892.79081228622,1.6390911e+06
2017-04-24,48446.82723826824,17985.767138447114,1.6492474e+06
2017-04-25,48161.89270760872,17879.985884848385,1.6395475e+06
2017-04-26,48125.01388437166,17848.41472526047,1.640803e+06
2017-04-27,48078.14400501248,17813.183395136257,1.639205e+06
2017-04-28,49058.79543138628,18176.519461164036,1.67264e+06
2017-05-01,49370.05779982309,18291.84366445257,1.6832524e+06
2017-05-02,49219.45036629397,18236.042886580497,1.6781174e+06
2017-05-03,49042.05698247373,18170.317785404706,1.6720691e+06
2017-05-04,49855.36806173387,18471.65344866672,1.6997986e+06
2017-05-05,51210.86261295402,18973.87069377242,1.7460136e+06
2017-05-08,50882.87835146761,18833.37707805757,1.7571962e+06
2017-05-09,50641.66293053287,18725.262175902906,1.7488661e+06
2017-05-10,51079.640881891275,18887.208910900554,1.7639911e+06
2017-05-11,51792.98059849669,19150.97341705912,1.7886258e+06
2017-05-12,51660.26496504286,19101.900482098965,1.7840425e+06
2017-05-15,51736.56963979542,19111.01299949546,1.7814074e+06
2017-05-16,49999.476622203794,18450.235801983585,1.7215954e+06
2017-05-17,49237.43590934256,18150.586005849447,1.7478342e+06
2017-05-18,49069.57469712507,18088.706679415605,1.753793e+06
2017-05-19,48771.423063301845,17978.79789207629,1.7644491e+06
2017-05-22,48831.59737964202,18000.98018252063,1.7622721e+06
2017-05-23,48685.55170391252,17929.14182130569,1.7570015e+06
2017-05-24,48853.83645944412,17991.115058594638,1.7630746e+06
2017-05-25,48771.26917882124,17960.708491712325,1.760095e+06
2017-05-26,48752.206364381236,17935.72763264932,1.760783e+06
2017-05-30,48463.49098917494,17811.57475672281,1.7503555e+06
2017-05-31,48330.233732855646,17744.78772571311,1.7551685e+06
2017-06-01,49046.44666426436,17990.005589989192,1.7811786e+06
2017-06-02,48566.87921296776,17814.10250798491,1.7637626e+06
2017-06-05,48402.845992385825,17736.121792890022,1.7697198e+06
2017-06-06,48691.19553797924,17824.044802388173,1.7802624e+06
2017-06-07,48572.08636454572,17780.443341791495,1.7759075e+06
2017-06-08,46688.64577829041,17090.9854424498,1.7070446e+06
2017-06-09,45572.977317616256,16682.580505829243,1.6662532e+06
2017-06-12,45939.61243055432,16816.79205284372,1.6796581e+06
2017-06-13,45491.48453891003,16652.74901529626,1.6632736e+06
2017-06-14,45218.83639438693,16552.942619302612,1.653305e+06
2017-06-15,45851.88542589916,16768.125500277565,1.6301591e+06
2017-06-16,44540.17220013505,16288.42937032163,1.676794e+06
2017-06-19,44944.97287683736,16436.465781180053,1.6615545e+06
2017-06-20,44678.40691151031,16338.982078619332,1.671409e+06
2017-06-21,44751.920318171775,16365.866077333943,1.6686589e+06
2017-06-22,44951.657942974576,16422.544657056627,1.6761065e+06
2017-06-23,44810.3050019653,16370.903069351989,1.6708359e+06
2017-06-26,44168.05323825117,16136.26415382969,1.6468884e+06
2017-06-27,43522.73733281917,15884.369527029701,1.6709501e+06
2017-06-28,42881.06356711661,15634.295310198784,1.6463146e+06
2017-06-29,42779.58513188215,15581.662309817077,1.6502108e+06
2017-06-30,42934.048290094215,15637.922620971296,1.6442524e+06
2017-07-03,42757.523731368216,15573.626858051237,1.6510128e+06
2017-07-05,43161.08706683742,15720.617241303415,1.63543e+06
2017-07-06,43599.56255255611,15864.603103882782,1.6520442e+06
2017-07-07,43333.447129550485,15751.906897004961,1.6621276e+06
2017-07-10,43473.836177600715,15787.187053346204,1.6675125e+06
2017-07-11,43411.09808561652,15748.617013878402,1.669919e+06
2017-07-12,42806.42833151196,15529.255772232598,1.6931791e+06
2017-07-13,42438.52788945842,15395.78936809532,1.7077312e+06
2017-07-14,42586.59839442332,15434.110387943725,1.7136896e+06
2017-07-17,42734.65954035899,15487.770275248455,1.7196476e+06
2017-07-18,43002.32868078427,15584.778141960598,1.7304186e+06
2017-07-19,42808.69011319822,15514.600218854213,1.7226266e+06
2017-07-20,42828.602171357685,15506.30208849374,1.7218254e+06
2017-07-21,42309.891816862415,15318.500501576376,1.742679e+06
2017-07-24,42490.70927930591,15368.647835899525,1.7501266e+06
2017-07-25,42691.0077539909,15441.094654785658,1.7583765e+06
2017-07-26,41884.25698427513,15149.297490619678,1.7251479e+06
2017-07-27,42179.1501243071,15240.809364364937,1.7130016e+06
2017-07-28,42396.37823152099,15319.30151417999,1.7041794e+06
2017-07-31,42772.66098637842,15439.9463967942,1.7193046e+06
2017-08-01,40751.61742832831,14694.956231115571,1.8005432e+06
2017-08-02,41158.78294664813,14841.77934754898,1.7825532e+06
2017-08-03,40941.83395351829,14763.547950622598,1.7919492e+06
2017-08-04,41575.35828392948,14977.232078966363,1.8196774e+06
2017-08-07,41242.86939374551,14842.478049344121,1.8342299e+06
2017-08-08,40990.380161158966,14751.612259755537,1.845459e+06
2017-08-09,39684.763298293605,14266.995434119734,1.7866779e+06
2017-08-10,39132.87285919502,14054.319333519235,1.811525e+06
2017-08-11,39721.79881692798,14251.773980153006,1.8387872e+06
2017-08-14,39286.942375597464,14081.500175443092,1.8589176e+06
2017-08-15,39444.9467516373,14138.133207040573,1.8514414e+06
2017-08-16,38687.65487450336,13852.561232055432,1.815896e+06
2017-08-17,38775.88469341097,13870.300375538369,1.8117548e+06
2017-08-18,38847.27624509207,13895.837439977313,1.808419e+06
2017-08-21,38212.227360035875,13668.677728251203,1.8379818e+06
2017-08-22,38164.40013614617,13651.56972499806,1.8402822e+06
2017-08-23,38333.758008371624,13712.149762753543,1.8321159e+06
2017-08-24,38191.76540303943,13661.3583984137,1.8389022e+06
2017-08-25,38576.40278533083,13785.28348247108,1.8574221e+06
2017-08-28,38232.36590781094,13648.556567768415,1.873987e+06
2017-08-29,38129.11478533971,13611.696992058864,1.8790478e+06
2017-08-30,37977.39071812583,13557.533079758647,1.886525e+06
2017-08-31,37965.80369925187,13553.396634660417,1.8871004e+06
2017-09-01,38421.7197764446,13716.153927387853,1.864439e+06
2017-09-05,38462.01689480701,13730.539579084472,1.8624836e+06
2017-09-06,38616.430683554485,13785.663693967796,1.8550062e+06
2017-09-07,39246.22398694477,14010.493346102085,1.824753e+06
2017-09-08,38536.16811061715,13757.01079109353,1.8577671e+06
2017-09-11,38688.882912696,13811.528385425376,1.8504049e+06
2017-09-12,38979.90719370601,13915.421023708263,1.8364859e+06
2017-09-13,39314.39876564892,14034.831032288765,1.8207268e+06
2017-09-14,39711.82377188387,14162.672790639488,1.8391325e+06
2017-09-15,40012.377809839745,14255.698559254257,1.8252132e+06
2017-09-18,39997.259338004435,14250.312116634297,1.825903e+06
2017-09-19,40667.51107890501,14489.1108909162,1.7953055e+06
2017-09-20,41365.85757106631,14737.919325383094,1.7644762e+06
2017-09-21,40961.33377272468,14579.056771510628,1.7472211e+06
2017-09-22,40599.97434997937,14450.44085367076,1.7318074e+06
2017-09-25,41298.4325501064,14699.037781902613,1.7616002e+06
2017-09-26,41592.38456963094,14803.661894108702,1.774139e+06
2017-09-27,41848.56003053363,14880.036820506928,1.7632119e+06
2017-09-28,41619.22977328856,14798.494166007631,1.7728742e+06
2017-09-29,41702.94518032034,14828.260741922495,1.7693081e+06
2017-10-02,41521.29054506501,14763.670044913017,1.7770151e+06
2017-10-03,41790.08077726892,14859.243430216326,1.7655115e+06
2017-10-04,42310.1582547144,15029.307443602085,1.7874832e+06
2017-10-05,42285.6453380171,15020.60002730822,1.7864478e+06
2017-10-06,42432.682743539015,15072.830282746987,1.7926596e+06
2017-10-09,42416.35416475257,15051.95725599083,1.7933495e+06
2017-10-10,42239.509033527276,14989.201618252751,1.8008262e+06
2017-10-11,42091.11172605336,14921.551833871405,1.7944996e+06
2017-10-12,42358.22511138757,15016.24513279699,1.8058876e+06
2017-10-13,43138.00741201887,15292.682640405119,1.8391328e+06
2017-10-16,43297.181443374524,15349.110790246776,1.8459189e+06
2017-10-17,43105.63311300497,15281.20575702021,1.8377524e+06
2017-10-18,42085.70788955527,14919.636141386667,1.7942691e+06
2017-10-19,42012.8403213471,14878.88451479792,1.7973756e+06
2017-10-20,42034.36324760207,14886.506878144903,1.7964548e+06
2017-10-23,42284.69383094472,14960.27516850466,1.8071534e+06
2017-10-24,42098.96738904171,14894.565370816521,1.7992159e+06
2017-10-25,42368.13002462365,14989.794796137296,1.8107192e+06
2017-10-26,43886.17532708321,15526.877446749537,1.8755972e+06
2017-10-27,42898.3560681699,15161.861272083928,1.9178142e+06
2017-10-30,42301.4129177036,14950.879545411042,1.9445012e+06
2017-10-31,41763.382202535184,14745.768766718436,1.9197692e+06
2017-11-01,41458.0799274463,14623.227208554648,1.9338034e+06
2017-11-02,42540.700550979614,14990.46940748982,1.984302e+06
2017-11-03,42109.116301081005,14823.397509919048,2.004433e+06
2017-11-06,42244.44014845422,14856.21128360603,2.0108745e+06
2017-11-07,41898.86473812053,14719.825675973589,2.0273242e+06
2017-11-08,41813.29230352049,14675.042713077688,2.0231839e+06
2017-11-09,41951.68718689241,14708.939564919383,2.0164872e+06
2017-11-10,42119.81795570906,14767.888929852199,2.0084059e+06
2017-11-13,42756.57046136104,14991.144649740681,1.9780435e+06
2017-11-14,43320.523148656626,15188.875576698405,1.9519535e+06
2017-11-15,43838.07002665116,15355.147001312278,1.9752734e+06
2017-11-16,43594.68367917812,15269.896141927064,1.9643066e+06
2017-11-17,43551.11859134811,15254.636612313918,1.9623436e+06
2017-11-20,44360.750819488705,15538.226238238161,1.9988241e+06
2017-11-21,44827.06309755645,15701.561293223338,2.0198355e+06
2017-11-22,44829.61125206558,15702.453834501866,2.0199502e+06
2017-11-24,44604.14552377764,15623.480024762648,2.0097911e+06
2017-11-27,44342.817659240216,15531.944795837842,1.9980161e+06
2017-11-28,45262.62210300029,15838.592464282503,1.9565712e+06
2017-11-29,44629.68930958649,15617.112485739752,1.9839311e+06
2017-11-30,44837.451852541344,15689.814112254377,1.9746954e+06
2017-12-01,44509.79801313711,15559.469525825318,1.9602651e+06
2017-12-04,44467.86365554773,15544.810363390916,1.9584185e+06
2017-12-05,44633.01116634011,15586.99683414189,1.9511451e+06
2017-12-06,44551.143619110524,15558.40657849611,1.9547241e+06
2017-12-07,44537.97797909746,15553.808797978045,1.9553019e+06
2017-12-08,43670.210871216615,15250.762178226076,1.9933986e+06
2017-12-11,43424.885010053025,15149.83730799722,1.9822004e+06
2017-12-12,43280.728490331254,15084.394929438597,1.9887806e+06
2017-12-13,43293.28329363084,15088.770586176322,1.9882036e+06
2017-12-14,43733.19414009763,15227.001530237072,2.0084061e+06
2017-12-15,43117.2952133176,14997.331150285681,2.0366908e+06
2017-12-18,43576.769660385704,15157.148467296938,2.014987e+06
2017-12-19,43529.33131319335,15125.491011967946,2.0127934e+06
2017-12-20,43694.09957986478,15182.744382543868,2.0204122e+06
2017-12-21,43694.09957986478,15182.744382543868,2.0204122e+06
2017-12-22,44802.60358247754,15552.742545435405,1.9691551e+06
2017-12-26,44794.723824803084,15550.007172206357,1.9695012e+06
2017-12-27,44668.696314927045,15506.258075992871,1.9750424e+06
2017-12-28,44185.668713759085,15323.073975055027,1.9536852e+06
2017-12-29,44976.7973364418,15597.42814377163,1.9886652e+06
2018-01-02,44984.62586746199,15584.545558775655,1.988319e+06
2018-01-03,44775.681634352295,15512.158585285302,1.9975542e+06
2018-01-04,44265.893095875705,15335.54663064467,2.0202972e+06
2018-01-05,44101.4748156102,15263.249752668447,2.0127931e+06
2018-01-08,44096.41871020065,15261.499865618991,2.0125624e+06
2018-01-09,44106.53916882078,15249.740994365604,2.0121006e+06
2018-01-10,44357.07157952446,15321.11229519231,2.0235299e+06
2018-01-11,44815.1108770988,15479.320924929418,2.044425e+06
2018-01-12,44587.36202579749,15400.655548662806,2.0340352e+06
2018-01-16,43850.948349787715,15130.89462486169,2.0676299e+06
2018-01-17,43890.12469737804,15129.28164055539,2.0694769e+06
2018-01-18,43694.25892089958,15061.76512023286,2.0602415e+06
2018-01-19,43336.79370075742,14938.543962181402,2.0433866e+06
2018-01-22,43346.577808145055,14941.916623282037,2.043848e+06
2018-01-23,42656.133565034426,14703.914897765297,2.0112926e+06
2018-01-24,41894.66173506536,14441.42938749653,1.9753881e+06
2018-01-25,41992.61059056986,14475.193151703517,1.9800064e+06
2018-01-26,41123.41782466253,14175.575361915582,1.9390229e+06
2018-01-29,41365.793032958114,14244.948484906106,1.9275946e+06
2018-01-30,41479.743407968075,14269.944104601756,1.9329044e+06
2018-01-31,41566.44925792013,14299.77282413333,1.9369448e+06
2018-02-01,39762.881866342985,13679.305970865757,1.8529008e+06
2018-02-02,40756.33564038179,14007.39661478605,1.8066069e+06
2018-02-05,39053.064257454185,13422.00547428217,1.8821078e+06
2018-02-06,39889.07839683333,13709.332130171468,1.8418172e+06
2018-02-07,38791.46540362119,13318.388184480218,1.7911368e+06
2018-02-08,39265.95263760394,13481.29528543683,1.8130452e+06
2018-02-09,37684.366605998024,12924.803394988036,1.8860725e+06
2018-02-12,38061.870600544426,13041.353101841505,1.9049664e+06
2018-02-13,38763.64517051766,13281.806075395123,1.9400896e+06
2018-02-14,37462.0273255731,12822.543615932262,2.0052345e+06
2018-02-15,37583.300751249946,12864.053216485388,1.998743e+06
2018-02-16,37456.87572520369,12807.916267316557,1.9920196e+06
2018-02-20,37286.87562845787,12749.786832802856,1.9829789e+06
2018-02-21,36975.203487001476,12630.464604640069,1.999554e+06
2018-02-22,36332.14589294231,12410.800737655141,2.0343294e+06
2018-02-23,35613.78316311179,12165.41317580963,2.0745524e+06
2018-02-26,35729.19230142729,12204.836110616692,2.0678295e+06
2018-02-27,35783.27998051971,12223.312074286887,2.0646991e+06
2018-02-28,35156.490510183256,11996.981969739401,2.0285334e+06
2018-03-01,35399.56780709613,12079.930919022952,2.0425589e+06
2018-03-02,35277.01791375553,12026.031431047324,2.0496301e+06
2018-03-05,35247.09396982989,12003.804245678875,2.0478916e+06
2018-03-06,35574.29417595285,12103.232244202745,2.0288809e+06
2018-03-07,35962.503211564675,12223.207081984852,2.0510214e+06
2018-03-08,36580.37570676598,12433.214250136583,2.08626e+06
2018-03-09,36934.014305705474,12553.411606855352,2.1064288e+06
2018-03-12,37289.692448886744,12661.748767661227,2.0861436e+06
2018-03-13,36972.679029337894,12541.444825818182,2.0684086e+06
2018-03-14,37016.198394744984,12556.206961926158,2.0708434e+06
2018-03-15,36885.653757102096,12511.925118865622,2.0635401e+06
2018-03-16,37449.23205422942,12690.58370949008,2.0320112e+06
2018-03-19,37462.0530076181,12694.928401578261,2.0313156e+06
2018-03-20,38310.74552538259,12982.528516440745,1.9852969e+06
2018-03-21,38852.066691426866,13165.968368063228,1.9572451e+06
2018-03-22,37952.39432883452,12847.926523680944,1.9119225e+06
2018-03-23,39754.059227734586,13457.839512063249,2.0026848e+06
2018-03-26,38734.72850912229,13112.76810332444,1.9513342e+06
2018-03-27,38306.74028374517,12967.88234921358,1.9297735e+06
2018-03-28,38605.86014085285,13069.142625774673,1.9448424e+06
2018-03-29,38858.95264910607,13141.752239581429,1.9320922e+06
2018-04-02,38460.306122541995,13006.933529191008,1.9519132e+06
2018-04-03,39195.75988669646,13242.65051880667,1.9892385e+06
2018-04-04,38923.95530835966,13137.576173973714,2.0030329e+06
2018-04-05,39919.589561950255,13473.621695153179,1.9517972e+06
2018-04-06,40315.50839252117,13593.778218548108,1.971155e+06
2018-04-09,41074.17345253963,13849.588574891417,2.0082485e+06
2018-04-10,40882.140599231054,13784.838008108636,1.9988594e+06
2018-04-11,41285.18514857544,13920.73851970924,2.0185655e+06
2018-04-12,41425.05119297205,13967.899229412356,2.0254041e+06
2018-04-13,41166.63470198192,13866.797207196494,2.038039e+06
2018-04-16,40600.0135558871,13675.933402489427,2.066091e+06
2018-04-17,40691.11238981859,13706.619638201553,2.061455e+06
2018-04-18,41844.306121081056,14095.067800840821,2.0030331e+06
2018-04-19,43558.76217654659,14672.574672944846,1.9209642e+06
2018-04-20,43432.5948078239,14615.40318309682,1.9154001e+06
2018-04-23,42828.04905562078,14411.96887413664,1.8887394e+06
2018-04-24,42641.42497421966,14334.756462290557,1.8969698e+06
2018-04-25,42492.908416469334,14284.829690676903,1.9035769e+06
2018-04-26,42001.2715171935,14105.271415662683,1.8815528e+06
2018-04-27,41240.52868103969,13835.686160097543,1.9156322e+06
2018-04-30,40282.25964778867,13514.198778023883,1.9601442e+06
2018-05-01,38502.802573107234,12917.212987393692,2.0467329e+06
2018-05-02,38433.01315713572,12893.799503436048,2.0504428e+06
2018-05-03,39940.873137634575,13386.77403614787,2.1308885e+06
2018-05-04,40229.83748384808,13483.62470823842,2.146305e+06
2018-05-07,40036.471349124695,13405.331565148717,2.1566212e+06
2018-05-08,40318.369721770396,13486.313701451016,2.1718062e+06
2018-05-09,39741.6582038778,13279.919973605292,2.2028718e+06
2018-05-10,39892.79713994896,13330.423980398975,2.194494e+06
2018-05-11,39985.86863603006,13361.524394313265,2.1893742e+06
2018-05-14,39622.46029268005,13226.727732696678,2.1694762e+06
2018-05-15,39992.23854279436,13350.166716535816,2.189723e+06
2018-05-16,39739.34292658572,13265.745369762399,2.175876e+06
2018-05-17,39883.860602621295,13300.722361955248,2.1679632e+06
2018-05-18,39601.28210646796,13206.486295887276,2.1833235e+06
2018-05-21,39502.0918862037,13160.201226906007,2.177855e+06
2018-05-22,39248.82803928265,13062.66566655678,2.191818e+06
2018-05-23,39205.07224447405,13035.040341388976,2.1893745e+06
2018-05-24,39294.67017238707,13064.830175662668,2.194378e+06
2018-05-25,39152.98120435095,13017.720929115087,2.1864658e+06
2018-05-29,39069.62543148623,12990.006508511451,2.1818108e+06
2018-05-30,39200.89618808181,13020.661864960004,2.17448e+06
2018-05-31,39907.84704641696,13242.4564490874,2.2136948e+06
2018-06-01,39574.31020107872,13118.537835555211,2.232196e+06
2018-06-04,39268.990423726165,13017.326998757517,2.2494178e+06
2018-06-05,39132.8827831031,12972.208505872879,2.2572142e+06
2018-06-06,39237.780927837935,13006.98132373354,2.2511638e+06
2018-06-07,39594.74951781775,13125.313290354334,2.2306835e+06
2018-06-08,39691.824496958725,13157.492797218154,2.2252145e+06
2018-06-11,39473.8866456154,13085.248304916957,2.2374328e+06
2018-06-12,39798.25417579252,13192.773305242503,2.2190472e+06
2018-06-13,39777.38533436877,13185.855466765712,2.2202108e+06
2018-06-14,40185.991972333635,13321.304994824823,2.197404e+06
2018-06-15,40207.275119938095,13328.360172178267,2.1962405e+06
2018-06-18,40857.01810003962,13543.74428941339,2.1607498e+06
2018-06-19,40678.78442725379,13484.661385172469,2.1701755e+06
2018-06-20,40905.63282134973,13559.859644491753,2.1580735e+06
2018-06-21,41024.729911487455,13599.339288612846,2.1517902e+06
2018-06-22,41634.82824492755,13801.581552090754,2.11979e+06
2018-06-25,42151.34581127802,13959.001027898066,2.1460878e+06
2018-06-26,42213.05420265985,13965.47761397065,2.1429458e+06
2018-06-27,41905.906320204725,13863.86291307712,2.1585382e+06
2018-06-28,41993.99711857033,13893.00626922154,2.1540008e+06
2018-06-29,42463.58990913179,14034.470124192052,2.1780875e+06
2018-07-02,41724.024396262976,13790.0393043426,2.140153e+06
2018-07-03,41388.26757588998,13665.279630238134,2.157375e+06
2018-07-05,40814.55359318418,13475.85488596545,2.18728e+06
2018-07-06,41381.27244188581,13649.494172466697,2.217651e+06
2018-07-09,41331.33209184709,13633.021491067599,2.2149748e+06
2018-07-10,40795.011565055014,13456.117701671,2.186233e+06
2018-07-11,41478.986070009996,13681.724732788996,2.2228875e+06
2018-07-12,41544.13787510577,13703.214869063308,2.2263788e+06
2018-07-13,41452.92885886768,13673.129836338258,2.2214908e+06
2018-07-16,41335.67668225664,13620.781411932161,2.2277745e+06
2018-07-17,41108.9771318028,13532.459421522228,2.2155568e+06
2018-07-18,41428.52599004195,13637.65011851891,2.2327785e+06
2018-07-19,41523.5301173115,13655.286403848368,2.2276582e+06
2018-07-20,41486.6526105572,13643.15899283184,2.2296368e+06
2018-07-23,41185.6979691608,13544.188076553171,2.245811e+06
2018-07-24,40797.31228816349,13416.46488697395,2.2669895e+06
2018-07-25,40925.05422403827,13458.473664051044,2.2598912e+06
2018-07-26,41605.703488507526,13682.309658260541,2.2223058e+06
2018-07-27,41372.59538978352,13591.968214801758,2.2098545e+06
2018-07-30,41455.388921923884,13619.16803261935,2.214277e+06
2018-07-31,43897.52500104283,14421.472931571905,2.34472e+06
2018-08-01,42614.3644303957,13985.500005887397,2.413258e+06
2018-08-02,42737.657744467404,14011.977825415286,2.42024e+06
2018-08-03,42959.57241850572,14084.734819033209,2.4328072e+06
2018-08-06,43362.317305674755,14202.694111101504,2.4099998e+06
2018-08-07,43391.628564886196,14198.091892113924,2.4116285e+06
2018-08-08,43732.905766526914,14309.760553324291,2.4305962e+06
2018-08-09,43863.16561022557,14338.072867393506,2.4233568e+06
2018-08-10,44146.38143236922,14416.31290735953,2.439004e+06
2018-08-13,44332.37224222179,14477.049521001023,2.4492798e+06
2018-08-14,44435.93743660658,14510.869467282464,2.4550018e+06
2018-08-15,45086.92740784633,14723.454843941761,2.4909678e+06
2018-08-16,44186.538117733384,14414.702901970535,2.5407125e+06
2018-08-17,43755.99689074814,14259.835379309157,2.5159568e+06
2018-08-20,43670.69391508797,14232.035615237584,2.511052e+06
2018-08-21,43672.73655124975,14232.701298971853,2.5111692e+06
2018-08-22,43762.092067524645,14261.82176343058,2.516307e+06
2018-08-23,43898.15651903702,14306.164409408615,2.5241308e+06
2018-08-24,44259.65072751391,14423.973356061686,2.5449168e+06
2018-08-27,44617.05642489005,14540.449879746797,2.5654675e+06
2018-08-28,45283.16533265968,14757.5310582011,2.6037682e+06
2018-08-29,44866.84073870823,14607.095663627908,2.627707e+06
2018-08-30,45385.23196444883,14761.25886916905,2.6580675e+06
2018-08-31,45239.67838836802,14699.15723276154,2.6665922e+06
2018-09-04,44944.496181842725,14588.548249893405,2.649193e+06
2018-09-05,45691.36566853284,14816.386304866926,2.6051698e+06
2018-09-06,45322.72871058061,14682.031631724798,2.5841515e+06
2018-09-07,44714.46190887422,14484.987175725475,2.5494702e+06
2018-09-10,45844.98312394092,14851.21287996182,2.6139285e+06
2018-09-11,45275.62081685171,14666.771306375716,2.5814655e+06
2018-09-12,44181.973849336166,14297.824026639699,2.6438215e+06
2018-09-13,43680.467039345,14121.232500166288,2.6138118e+06
2018-09-14,42517.427824330225,13745.239561555054,2.5442162e+06
2018-09-17,42447.17698577584,13708.783291370486,2.5484198e+06
2018-09-18,42472.4458022798,13703.235350662315,2.5499368e+06
2018-09-19,42149.55673520394,13585.355753561873,2.5693225e+06
2018-09-20,42603.57782771092,13731.692715064875,2.5416465e+06
2018-09-21,41990.92855551182,13534.22780772852,2.5781958e+06
2018-09-24,41724.680537953594,13448.412574606791,2.594543e+06
2018-09-25,41392.301125419326,13327.833911699883,2.5738748e+06
2018-09-26,40541.61534071697,13040.595264876298,2.6267728e+06
2018-09-27,40683.990837710604,13073.351099189425,2.6359975e+06
2018-09-28,40957.9351232548,13161.380069622097,2.6537465e+06
2018-10-01,40593.88845881117,13031.236314845299,2.677334e+06
2018-10-02,41087.87438140429,13176.78183818356,2.7099145e+06
2018-10-03,41810.244777737025,13395.267493552074,2.6622712e+06
2018-10-04,42488.78253693371,13612.659064379584,2.6190652e+06
2018-10-05,42587.28584767693,13644.217793667593,2.6129935e+06
2018-10-08,43177.27304182503,13819.595102186353,2.6491925e+06
2018-10-09,41177.0372115512,13179.386785730307,2.5264658e+06
2018-10-10,41540.54495824393,13282.554021181128,2.5041625e+06
2018-10-11,40056.741527997525,12808.109132726422,2.5936095e+06
2018-10-12,39200.08755557581,12521.38664241289,2.5381425e+06
2018-10-15,40063.95665767434,12797.32579740774,2.5940765e+06
2018-10-16,40237.08221484421,12839.828655211551,2.582867e+06
2018-10-17,39296.584754559306,12526.871979707419,2.5224955e+06
2018-10-18,38698.1013179841,12323.561978894026,2.560913e+06
2018-10-19,38934.554680359935,12386.537916557569,2.5765605e+06
2018-10-22,38567.53060573609,12257.387294553231,2.6008492e+06
2018-10-23,39890.45493008338,12677.834119906844,2.5116362e+06
2018-10-24,39016.9368115586,12400.215881990018,2.5666358e+06
2018-10-25,38395.64625537586,12190.359441922192,2.5257655e+06
2018-10-26,37674.95182347601,11961.543807091693,2.4783562e+06
2018-10-29,37486.796663895235,11889.844265625015,2.4907338e+06
2018-10-30,38463.94732250299,12187.881387354035,2.5556585e+06
2018-10-31,39054.46545517363,12374.99595720633,2.5948942e+06
2018-11-01,36463.957998754384,11554.154628905564,2.4227732e+06
2018-11-02,35428.79630079702,11226.14804430692,2.3539942e+06
2018-11-05,35811.93310090234,11347.55071355616,2.379451e+06
2018-11-06,36898.04921348149,11691.702972345896,2.4516158e+06
2018-11-07,37026.79357847315,11720.805861687548,2.4430618e+06
2018-11-08,36312.863698834146,11483.091046909798,2.3959558e+06
2018-11-09,34483.63418118645,10904.640135655507,2.2752618e+06
2018-11-12,34139.11267422072,10795.6932934313,2.25253e+06
2018-11-13,33174.75995507138,10490.739374975059,2.1889012e+06
2018-11-14,33993.471746484815,10749.637767565368,2.2429202e+06
2018-11-15,34369.9747193418,10868.697997918056,2.2677622e+06
2018-11-16,35732.13426501155,11288.580292545521,2.1778858e+06
2018-11-19,37439.33083581341,11827.921867323099,2.0738315e+06
2018-11-20,37397.00503184748,11802.722277450384,2.071487e+06
2018-11-21,36447.182205014054,11502.952415442694,2.0188745e+06
2018-11-23,35954.29184427839,11335.890266881966,2.0461768e+06
2018-11-26,36032.533725568086,11360.558848435896,2.0417239e+06
2018-11-27,37418.08461187977,11786.043294752257,2.1202338e+06
2018-11-28,37705.52749104146,11864.796739347068,2.1039462e+06
2018-11-29,37909.23178928057,11928.896362250174,2.0925796e+06
2018-11-30,36584.59466017388,11512.072852912523,2.1656995e+06
2018-12-03,34975.27032920828,10994.154760965217,2.0704321e+06
2018-12-04,34585.3277372419,10871.579891246767,2.0473486e+06
2018-12-06,33352.11794010641,10483.931726276798,1.9743461e+06
2018-12-07,33571.834451507326,10552.997592162725,1.9873525e+06
2018-12-10,33379.837677170646,10492.64517084346,1.9759869e+06
2018-12-11,33286.81221082487,10452.91082534865,1.9814938e+06
2018-12-12,32922.64712424943,10338.553669380422,2.0031718e+06
2018-12-13,33976.08504860126,10669.360134521867,1.9390755e+06
2018-12-14,34292.26752716784,10768.649523726863,1.9210304e+06
2018-12-17,34737.7979755588,10897.788835876134,1.9459886e+06
2018-12-18,35821.33409745531,11226.813222325529,1.8852898e+06
2018-12-19,36725.26875181548,11510.116616388956,1.8377154e+06
2018-12-20,35296.820688792206,11050.914642240823,1.7662365e+06
2018-12-21,34383.54864492958,10764.982617630025,1.7205368e+06
2018-12-24,36804.88799115205,11523.068301066669,1.8416996e+06
2018-12-26,36566.03406924185,11448.286656389186,1.8297474e+06
2018-12-27,36584.76999646986,11454.152599227651,1.8306849e+06
2018-12-28,36231.17215443572,11331.99217071614,1.8483788e+06
2018-12-31,36189.82063759799,11319.058692796767,1.8504882e+06
2019-01-02,39794.594329714564,12446.520622047858,1.6661659e+06
2019-01-03,41493.3933007631,12965.405976571501,1.7372932e+06
2019-01-04,41401.02432366371,12936.543519383353,1.7334259e+06
2019-01-07,40611.776870507594,12676.991482839061,1.7664711e+06
2019-01-08,39922.12150574541,12461.71513053709,1.7964685e+06
2019-01-09,39794.52136573052,12421.884667237355,1.8022104e+06
2019-01-10,40185.23549418577,12543.846326153322,1.7845158e+06
2019-01-11,40789.501112069185,12732.46821570289,1.757682e+06
2019-01-14,39954.66785975659,12471.874495243364,1.7936564e+06
2019-01-15,39466.567501660946,12319.513663997817,1.8155681e+06
2019-01-16,39232.21127290906,12246.359221006789,1.8263491e+06
2019-01-17,38990.57437990312,12170.932114127343,1.8375979e+06
2019-01-18,39865.76505611215,12444.123429630188,1.7963506e+06
2019-01-22,39704.522615767535,12393.79150129722,1.8036164e+06
2019-01-23,40019.22995463074,12492.02759343071,1.7893204e+06
2019-01-24,38693.115669379935,12078.0801920895,1.848613e+06
2019-01-25,39051.21171330209,12189.860095572032,1.8315045e+06
2019-01-28,39455.97006679959,12316.205668095408,1.8125211e+06
2019-01-29,36759.747658357766,11474.578161457586,1.9363796e+06
2019-01-30,36495.03999223882,11391.949498359887,1.9503236e+06
2019-01-31,36477.49652192681,11386.473293158773,1.9512611e+06
2019-02-01,35441.357395194376,11063.041818429032,2.0066864e+06
2019-02-04,36047.743024585834,11241.262429074823,2.0410199e+06
2019-02-05,36060.1593540083,11245.134383481196,2.0417226e+06
2019-02-06,35377.20472549205,11032.159268754422,2.0030539e+06
2019-02-07,35418.775329145086,11045.122800609388,2.0054075e+06
2019-02-08,35215.081036191674,10981.602013723163,1.9938744e+06
2019-02-11,34911.6239359646,10875.989219479401,2.0110561e+06
2019-02-12,35056.659127137704,10921.171912170443,2.0027016e+06
2019-02-13,34928.946974023274,10881.38585114341,2.0099975e+06
2019-02-14,34851.23464751978,10846.294808737102,2.0055256e+06
2019-02-15,34955.52269387075,10878.751016019,2.0115269e+06
2019-02-19,35180.472709360714,10948.7592728257,2.0244716e+06
2019-02-20,34982.11150556452,10887.025904790127,2.013057e+06
2019-02-21,34591.505588321146,10754.57569826039,2.0355345e+06
2019-02-22,34843.48015200291,10822.160572466462,2.0503619e+06
2019-02-25,34863.48432756938,10828.373740587318,2.051539e+06
2019-02-26,34755.49568490936,10784.004789792682,2.0578935e+06
2019-02-27,34413.64352895774,10667.150213585785,2.0376524e+06
2019-02-28,34775.36362742814,10779.272099849004,2.05907e+06
2019-03-01,34600.459187284934,10714.277936656303,2.0694261e+06
2019-03-04,34663.42222299583,10733.774887858326,2.0656602e+06
2019-03-05,34862.87358665764,10795.536419216933,2.0537746e+06
2019-03-06,35266.39980218013,10920.491177893195,2.0300028e+06
2019-03-07,35182.57557902262,10894.53441183201,2.034828e+06
2019-03-08,33963.77464449354,10517.124045937218,2.105319e+06
2019-03-11,34345.37158957719,10624.771126223795,2.128973e+06
2019-03-12,34193.49921427592,10567.164501261359,2.1383872e+06
2019-03-13,34573.623349888985,10674.070960818031,2.1621595e+06
2019-03-14,35023.36577978588,10812.921973401462,2.1902855e+06
2019-03-15,35380.898795104804,10923.304756765754,2.2126448e+06
2019-03-18,35661.283160292856,10998.945784015306,2.1951102e+06
2019-03-19,35349.65421200594,10902.830624851487,2.2142922e+06
2019-03-20,36651.59332225845,11293.482545450537,2.2958455e+06
2019-03-21,37410.59002435308,11516.059277817538,2.248302e+06
2019-03-22,37862.92180302388,11655.300053571746,2.221118e+06
2019-03-25,37471.73360909351,11523.225737748791,2.19817e+06
2019-03-26,37134.70966005114,11408.061642753251,2.2179408e+06
2019-03-27,37183.96271266388,11411.784488701907,2.2208825e+06
2019-03-28,36941.605165701905,11325.993001422717,2.2353578e+06
2019-03-29,37192.48232466947,11391.58388666571,2.2505385e+06
2019-04-01,37733.14372854056,11557.181592210489,2.2832542e+06
2019-04-02,37474.487024019654,11466.401154647432,2.2989058e+06
2019-04-03,37539.705098935774,11474.890106291683,2.3029065e+06
2019-04-04,37791.004545904005,11551.705668111697,2.3183228e+06
2019-04-05,38385.683746189505,11733.483294062387,2.3548038e+06
2019-04-08,38270.59483240892,11698.303671990127,2.3477435e+06
2019-04-09,38485.43769705087,11763.975425547857,2.3609235e+06
2019-04-10,38805.793564927684,11850.135724410135,2.3412708e+06
2019-04-11,38790.18244338912,11833.51841625997,2.340329e+06
2019-04-12,38860.41688893312,11854.94447183508,2.3445665e+06
2019-04-15,38856.52970730751,11841.903685161522,2.344801e+06
2019-04-16,39613.190128394235,12060.66137172226,2.3904618e+06
2019-04-17,39755.55229267595,12104.005062295582,2.3990525e+06
2019-04-18,39886.21157167761,12143.785683699836,2.4069375e+06
2019-04-22,40461.502313172656,12318.939131351239,2.4416532e+06
2019-04-23,40399.09839270564,12299.939587245319,2.4378875e+06
2019-04-24,40032.47262619621,12188.316433298705,2.4157632e+06
2019-04-25,39841.35262337742,12130.127894887913,2.40423e+06
2019-04-26,39901.8133428272,12148.535810564763,2.4078788e+06
2019-04-29,39133.456316433956,11914.601258011018,2.3615122e+06
2019-04-30,41054.33800375399,12499.434327269519,2.4774278e+06
2019-05-01,41321.49865256646,12568.2748230699,2.461306e+06
2019-05-02,41835.16998856282,12711.943924190475,2.491903e+06
2019-05-03,41189.12138034684,12515.63699673714,2.4534212e+06
2019-05-06,40078.7854047785,12178.252717856598,2.3872842e+06
2019-05-07,40070.87601146098,12163.671134057402,2.3877552e+06
2019-05-08,39640.33321635659,12020.814513578043,2.3621e+06
2019-05-09,40189.47955777853,12175.320712725377,2.3293772e+06
2019-05-10,42525.27703271933,12882.94578501557,2.1939948e+06
2019-05-13,43198.47224482819,13074.005953196813,2.2287268e+06
2019-05-14,43715.956910012625,13230.622547296836,2.2554252e+06
2019-05-15,43523.61073130293,13172.40902827994,2.2455018e+06
2019-05-16,43770.8994213307,13234.078474474178,2.2327435e+06
2019-05-17,42402.17747885995,12807.012972934057,2.1629252e+06
2019-05-20,43215.08097640026,13052.539647688734,2.204391e+06
2019-05-21,44099.75738974873,13306.691836106049,2.159264e+06
2019-05-22,44852.533885013,13533.835145657999,2.1224055e+06
2019-05-23,44680.26826618815,13468.321761432297,2.1142542e+06
2019-05-24,44495.53260257122,13412.635449443716,2.1055125e+06
2019-05-28,44707.74612496837,13463.191991277274,2.0954708e+06
2019-05-29,44939.63101240462,13519.558102483334,2.1063392e+06
2019-05-30,45753.7400035812,13750.953635137334,2.0681816e+06
2019-05-31,46216.31368811576,13889.976790148736,2.0472721e+06
2019-06-03,44525.54514530584,13381.828607331156,2.122169e+06
2019-06-04,43806.744649225795,13165.798348520908,2.1564285e+06
2019-06-05,43163.58420180608,12972.50115594757,2.1880888e+06
2019-06-06,44312.45950869368,13304.814768589731,2.2463288e+06
2019-06-07,44878.754561692476,13474.844842931227,2.2750358e+06
2019-06-10,44359.08363348499,13305.338815953952,2.3013795e+06
2019-06-11,44217.918476331935,13249.691523899115,2.2940555e+06
2019-06-12,44208.79770514233,13246.958527663957,2.2935822e+06
2019-06-13,44529.84956466177,13329.913250454325,2.276926e+06
2019-06-14,44795.52353362831,13396.112259799611,2.2905105e+06
2019-06-17,45849.06085920959,13711.172854476688,2.3443805e+06
2019-06-18,45983.07394484167,13737.538327630418,2.3375282e+06
2019-06-19,45613.556544872896,13627.144241082691,2.3563122e+06
2019-06-20,45458.043241042236,13567.057176080489,2.3482788e+06
2019-06-21,45412.30853450836,13553.407548110663,2.3459162e+06
2019-06-24,44723.96692968809,13347.970418761462,2.3103578e+06
2019-06-25,43756.63341153945,13045.919543128059,2.3603285e+06
2019-06-26,43743.49953388215,13028.957794192964,2.35962e+06
2019-06-27,43344.912167873415,12910.238943978342,2.3381192e+06
2019-06-28,44139.895599095624,13147.023967646923,2.3810022e+06
2019-07-01,44398.309184968486,13223.992196976078,2.3949415e+06
2019-07-02,44766.23571984235,13333.578749156755,2.4147882e+06
2019-07-03,44726.820130194115,13321.838855014032,2.412662e+06
2019-07-05,43804.80379660018,13047.217207821694,2.3629265e+06
2019-07-08,43537.61452963128,12954.587933405515,2.3773392e+06
2019-07-09,43107.076813147076,12826.481725311676,2.4008485e+06
2019-07-10,42793.13922196079,12720.243324385869,2.383364e+06
2019-07-11,42464.35877344968,12609.793225729538,2.4016755e+06
2019-07-12,42863.30832211908,12715.651518718374,2.424239e+06
2019-07-15,43011.610250784455,12746.930503131423,2.4158515e+06
2019-07-16,43253.479225324474,12818.610846911835,2.4022662e+06
2019-07-17,42762.12820588521,12672.993948104358,2.4295555e+06
2019-07-18,42123.784592588076,12471.141297120093,2.3932878e+06
2019-07-19,43086.487934961435,12756.158646013773,2.4479842e+06
2019-07-22,43423.31732848621,12855.880145406543,2.4671215e+06
2019-07-23,43387.988884797305,12845.420828483502,2.4651142e+06
2019-07-24,43044.901452839404,12743.846578149736,2.4456215e+06
2019-07-25,43194.60672671184,12788.168227817365,2.454127e+06
2019-07-26,43597.978434299795,12907.590203056385,2.477045e+06
2019-07-29,43785.09594688365,12950.08050649391,2.466414e+06
2019-07-30,44678.497231882466,13201.366881684009,2.516739e+06
2019-07-31,43711.691462906376,12915.70020866811,2.462279e+06
2019-08-01,44636.56567822509,13176.061467003141,2.4101808e+06
2019-08-02,42299.94907104496,12473.150351478327,2.2840138e+06
2019-08-05,43100.69866036761,12709.270494430053,2.3272508e+06
2019-08-06,42654.37641840632,12564.952450132092,2.3513505e+06
2019-08-07,41713.59171736833,12287.819925244137,2.4032118e+06
2019-08-08,42057.32594616715,12389.075754141366,2.3834085e+06
2019-08-09,41950.60088425794,12345.248044401053,2.3773602e+06
2019-08-12,43727.13654342753,12868.04802604332,2.4780375e+06
2019-08-13,45028.66550234112,13238.194702385359,2.4042792e+06
2019-08-14,45252.98767183986,13304.144259689723,2.3923018e+06
2019-08-15,44185.24470629137,12990.23335177489,2.448748e+06
2019-08-16,43361.46029459721,12748.04499657635,2.494402e+06
2019-08-19,43359.39895303735,12747.438972822081,2.4945208e+06
2019-08-20,42889.44143480815,12609.273893782718,2.521558e+06
2019-08-21,42853.13003100636,12585.989255027855,2.519423e+06
2019-08-22,40872.445713677276,12004.261117142272,2.4029745e+06
2019-08-23,40095.902843798794,11764.185762751726,2.4486292e+06
2019-08-26,40548.33893434014,11896.931051856116,2.4209992e+06
2019-08-27,40820.43455944337,11964.867302050146,2.437245e+06
2019-08-28,40129.269065641995,11750.315090778327,2.4785122e+06
2019-08-29,40181.109903035445,11765.494688815521,2.4753102e+06
2019-08-30,40766.28715829995,11936.841371509074,2.439261e+06
2019-09-03,40074.62718709877,11734.315315427706,2.4806468e+06
2019-09-04,39291.1095047285,11504.892256861966,2.5291472e+06
2019-09-05,39294.79387018404,11505.971081770074,2.52891e+06
2019-09-06,39127.11502006862,11456.872771016077,2.5397015e+06
2019-09-09,38664.908165537156,11321.533246915147,2.5697028e+06
2019-09-10,37435.55169549279,10961.56342393434,2.6514068e+06
2019-09-11,37519.26421445253,10986.07541973498,2.6454778e+06
2019-09-12,38249.16455898579,11199.798700343561,2.5940128e+06
2019-09-13,38450.24332852769,11247.477095918786,2.6076495e+06
2019-09-16,38590.12505393288,11288.395341589941,2.6171365e+06
2019-09-17,38952.07019041131,11394.27164509567,2.6416832e+06
2019-09-18,38635.58851335566,11301.694326831463,2.6202198e+06
2019-09-19,38070.81056530622,11136.48530641798,2.5819172e+06
2019-09-20,37897.70480829273,11074.711871416723,2.593657e+06
2019-09-23,38077.90677556494,11127.371653224025,2.5813245e+06
2019-09-24,37491.908808083295,10956.127545436397,2.6210495e+06
2019-09-25,37685.26926141504,11012.63258495813,2.6075318e+06
2019-09-26,37868.646247886114,11066.220191365668,2.5948435e+06
2019-09-27,38759.88992198306,11315.598949248191,2.6559135e+06
2019-09-30,38867.17779836895,11346.92067342602,2.6632652e+06
2019-10-01,39841.49007441818,11620.01540078858,2.5965032e+06
2019-10-02,40179.93140678512,11707.103879648967,2.6185598e+06
2019-10-03,41306.24967542515,12035.275793110432,2.6919628e+06
2019-10-04,41315.3473277768,12037.926548286277,2.6925558e+06
2019-10-07,41799.35398720962,12166.912163641427,2.6610128e+06
2019-10-08,41309.45774071572,12024.313677497055,2.6922002e+06
2019-10-09,41866.24552889022,12174.358569831218,2.7284872e+06
2019-10-10,40752.678592643286,11838.368139337204,2.80106e+06
2019-10-11,40811.339071110364,11855.408598107157,2.7970282e+06
2019-10-14,40906.50289700643,11883.053024029843,2.790506e+06
2019-10-15,41071.64038267937,11931.024308777582,2.7792408e+06
2019-10-16,41231.112611464836,11965.418851709033,2.790032e+06
2019-10-17,41033.08800553256,11895.985971931581,2.803432e+06
2019-10-18,40321.474718053534,11689.680716910336,2.8520505e+06
2019-10-21,40229.27768261987,11651.262006196348,2.845529e+06
2019-10-22,40769.10414888117,11807.607333743874,2.8837125e+06
2019-10-23,40836.17032947285,11827.031138665088,2.8884562e+06
2019-10-24,41339.11745304823,11972.695417260158,2.924031e+06
2019-10-25,41753.21247631311,12092.626221128543,2.9533212e+06
2019-10-28,42718.8771617701,12360.210807835636,2.885017e+06
2019-10-29,42713.609651614795,12346.326504161185,2.8846612e+06
2019-10-30,43679.347712250805,12625.472132717467,2.9498822e+06
2019-10-31,44918.99904704525,12983.792121487437,3.0336022e+06
2019-11-01,45213.99077100623,13069.05918670982,3.0535245e+06
2019-11-04,45278.962301932115,13074.770084095006,3.049137e+06
2019-11-05,45298.329298671204,13067.287735230604,3.0504412e+06
2019-11-06,45821.13198182114,13218.101533338413,3.0856475e+06
2019-11-07,45946.53251938837,13254.276044229075,3.0940918e+06
2019-11-08,45582.69067931773,13136.063680592459,3.1185935e+06
2019-11-11,45540.97232697247,13110.905181972425,3.1157392e+06
2019-11-12,45977.3340838059,13236.530466777633,3.1455932e+06
2019-11-13,45659.191738997826,13144.939666142074,3.1238272e+06
2019-11-14,46201.601850798324,13301.095478857289,3.160937e+06
2019-11-15,46434.54674405463,13368.158570663505,3.1768742e+06
2019-11-18,46293.732168255534,13327.61910790706,3.1672402e+06
2019-11-19,45754.79947915473,13172.464419167989,3.1303685e+06
2019-11-20,45549.66039107091,13113.40641061971,3.1163338e+06
2019-11-21,45509.694517778495,13101.900534735256,3.1135995e+06
2019-11-22,46307.64746626184,13331.625218084722,3.168192e+06
2019-11-25,45946.034299156505,13227.519492971276,3.143452e+06
2019-11-26,46563.19575900579,13405.195659478142,3.1856755e+06
2019-11-27,46460.62209030401,13375.665467745288,3.178658e+06
2019-11-29,45923.43637144051,13221.01371866619,3.1419058e+06
2019-12-02,45104.61323452451,12985.280664223857,3.085885e+06
2019-12-03,45502.72308744401,13099.893512104252,3.1131222e+06
2019-12-04,46170.28827031422,13292.080533333345,3.1587945e+06
2019-12-05,47062.14877196573,13548.840498595966,3.219812e+06
2019-12-06,46403.266177259226,13359.15312953352,3.174734e+06
2019-12-09,46674.45197645953,13437.225492031299,3.1932875e+06
2019-12-10,47072.56458842169,13551.839134219428,3.2205245e+06
2019-12-11,47192.514484714535,13586.371811861703,3.2287312e+06
2019-12-12,47834.02081069742,13771.056683172972,3.2726208e+06
2019-12-13,48652.82742803151,14006.784981751278,3.3286402e+06
2019-12-16,48748.45170322289,14034.314495089897,3.3351825e+06
2019-12-17,48631.968246654964,14000.779779507508,3.3272132e+06
2019-12-18,48680.64699257602,14014.79402622947,3.330544e+06
2019-12-19,48579.828559641915,13985.769153740941,3.3236462e+06
2019-12-20,49372.57080263745,14213.993713968497,3.3778825e+06
2019-12-23,49325.636278820006,14186.267622025414,3.3810932e+06
2019-12-24,50304.25424791476,14453.536140527709,3.4481742e+06
2019-12-26,50285.17011207702,14448.05284192473,3.4468662e+06
2019-12-27,50583.62951579911,14533.806896778973,3.4673245e+06
2019-12-30,50953.20822227736,14639.995116258922,3.4926578e+06
2019-12-31,52115.78084834879,14974.028205868,3.5723478e+06
2020-01-02,51609.114916350474,14828.45176370028,3.5376175e+06
2020-01-03,52020.36019114704,14946.611719170443,3.5658065e+06
2020-01-06,51775.698834743125,14876.31504526396,3.549036e+06
2020-01-07,52608.563450419686,15115.61565716692,3.6061258e+06
2020-01-08,53726.020570699606,15436.686053993753,3.6827232e+06
2020-01-09,53847.472561173,15471.581924330985,3.6910485e+06
2020-01-10,54997.8917133493,15802.123049357695,3.7699055e+06
2020-01-13,54255.24149788603,15588.743050201578,3.7189995e+06
2020-01-14,54022.744560341416,15521.941485610205,3.7030628e+06
2020-01-15,54699.43778118947,15716.37056660553,3.7494478e+06
2020-01-16,55305.033711742355,15890.371807647,3.7909592e+06
2020-01-17,54930.22677722645,15782.681401443024,3.7652675e+06
2020-01-21,54734.157192125866,15710.563547665437,3.7787075e+06
2020-01-22,54997.760531546315,15770.516102502972,3.796906e+06
2020-01-23,54839.24301202171,15725.06146816822,3.7859622e+06
2020-01-24,53226.69488405627,15262.665982018323,3.674636e+06
2020-01-27,54732.43415226123,15694.434205776759,3.7785885e+06
2020-01-28,55878.13231292053,16022.96124245349,3.8576842e+06
2020-01-29,55797.14229553411,15999.73749004994,3.852093e+06
2020-01-30,53323.18163013886,15290.333395528754,3.6812972e+06
2020-01-31,53469.626713019505,15317.035945395754,3.6711872e+06
2020-02-03,55234.82672851076,15807.38228789899,3.7923842e+06
2020-02-04,55685.23913830494,15936.283591126135,3.8233092e+06
2020-02-05,55033.898392633615,15733.943316134466,3.8680298e+06
2020-02-06,55781.94759229982,15947.807208189824,3.8154532e+06
2020-02-07,55517.00810440169,15872.062203628182,3.833575e+06
2020-02-10,55851.9600044747,15967.823441034649,3.8104458e+06
2020-02-11,54525.595088091424,15588.62169410412,3.9009362e+06
2020-02-12,54913.88903859672,15699.633183126058,3.8731562e+06
2020-02-13,54900.34304388206,15695.760444337311,3.8741115e+06
2020-02-14,55905.59170174989,15983.156501376036,3.803175e+06
2020-02-18,56715.25755600375,16198.653160550319,3.8582555e+06
2020-02-19,56133.40618795165,16032.468452797546,3.818673e+06
2020-02-20,54862.81567473553,15669.570426418139,3.7322365e+06
2020-02-21,57468.82350341466,16398.212330003236,3.5549538e+06
2020-02-24,55522.235824034746,15826.372816816545,3.4345402e+06
2020-02-25,56403.029181840095,16077.439148139765,3.489025e+06
2020-02-26,52716.06901282535,15026.48712271141,3.2609542e+06
2020-02-27,52685.22740136764,15017.695854961526,3.2590465e+06
2020-02-28,57590.279195461844,16415.859621729818,3.5624672e+06
2020-03-02,55761.23404359881,15894.498224038325,3.4493245e+06
2020-03-03,53174.7740521271,15141.344508974686,3.6093198e+06
2020-03-04,54899.601249212436,15632.483461138672,3.4922442e+06
2020-03-05,55628.6731473709,15840.084320354506,3.4458672e+06
2020-03-06,51228.8779218667,14571.416810514773,3.173326e+06
2020-03-09,54918.4695848966,15620.87524418585,3.4018742e+06
2020-03-10,53011.10927497925,15078.350340048235,3.2837242e+06
2020-03-11,58246.198175758145,16552.327879819502,2.9594415e+06
2020-03-12,65224.574068263755,18518.881221649382,3.3140072e+06
2020-03-13,73615.51399064266,20882.759189779325,2.8876702e+06
2020-03-16,70378.62859675629,19964.54107866167,3.0146415e+06
2020-03-17,72101.5005807069,20453.273939512594,2.940843e+06
2020-03-18,72653.95078230425,20609.989336837254,2.91831e+06
2020-03-19,77266.4163698648,21918.422884532294,2.7330398e+06
2020-03-20,75624.968714703,21430.86951261068,2.6749792e+06
2020-03-23,68037.87376063662,19259.381000710295,2.9433472e+06
2020-03-24,68412.68397040096,19365.477976318372,2.9271328e+06
2020-03-25,64812.61145753129,18346.41073739393,3.081167e+06
2020-03-26,67495.99484702162,19105.99213247085,2.9536e+06
2020-03-27,65569.79239687657,18560.744833850713,3.0378898e+06
2020-03-30,65435.982591217034,18504.306743850335,3.0316902e+06
2020-03-31,68879.04709399378,19459.449032990186,2.8721708e+06
2020-04-01,67729.66704210278,19134.7305085195,2.9200985e+06
2020-04-02,68703.02524152411,19409.720002009955,2.8781332e+06
2020-04-03,62709.56096896799,17716.469043068868,3.1292135e+06
2020-04-06,63435.88425729033,17921.667163642385,3.09297e+06
2020-04-07,61812.26134974645,17462.967333271175,3.1721338e+06
2020-04-08,61366.20887423213,17336.950267421456,3.1950245e+06
2020-04-09,60161.739703264015,16996.668172457546,3.257735e+06
2020-04-13,57123.40342838569,16138.288848402759,3.42226e+06
2020-04-14,57644.75986683317,16285.58050631646,3.3910255e+06
2020-04-15,57186.74442922867,16156.183709461458,3.4179692e+06
2020-04-16,56410.78307616866,15920.805846032243,3.3715912e+06
2020-04-17,57581.684834078806,16235.348446930528,3.301608e+06
2020-04-20,55801.812206150746,15717.272063633156,3.1995538e+06
2020-04-21,54194.50447278601,15248.836646109534,3.2917132e+06
2020-04-22,53984.46829229024,15174.489429704992,3.2789558e+06
2020-04-23,52425.95260328038,14721.231902745638,3.3736182e+06
2020-04-24,52388.89899137364,14710.827231268491,3.376003e+06
2020-04-27,53238.099772341986,14949.283205988264,3.3212795e+06
2020-04-28,51489.4748604493,14458.268516494963,3.430368e+06
2020-04-29,52575.7038463492,14748.823853013393,3.5027355e+06
2020-04-30,51729.26690853958,14511.376736091821,3.4463435e+06
2020-05-01,50997.346864601,14291.543147520244,3.495106e+06
2020-05-04,51762.75521310669,14491.750340300778,3.5475635e+06
2020-05-05,52296.80368781483,14641.265124303796,3.5841645e+06
2020-05-06,51755.81235434519,14475.165318987194,3.6212415e+06
2020-05-07,52987.71042304677,14805.229779063522,3.7074348e+06
2020-05-08,53821.49032526211,15038.195176868185,3.7657728e+06
2020-05-11,54436.58389234274,15195.019504596094,3.722736e+06
2020-05-12,53779.28848072112,14996.351976610362,3.6777858e+06
2020-05-13,54109.68940820505,15088.48425916601,3.700381e+06
2020-05-14,53789.79137046166,14999.280706903568,3.6785045e+06
2020-05-15,55057.14110533122,15352.681118818295,3.765174e+06
2020-05-18,54739.010061167624,15263.97029262962,3.743418e+06
2020-05-19,55803.56795672685,15560.822210018016,3.8162198e+06
2020-05-20,56219.59393458553,15661.270211495184,3.7877692e+06
2020-05-21,55857.63937998487,15560.43938567175,3.812156e+06
2020-05-22,56236.01163607182,15665.843742558527,3.7863328e+06
2020-05-26,56481.03080607175,15718.433664462913,3.8028298e+06
2020-05-27,56456.15037077763,15695.791110148872,3.8045048e+06
2020-05-28,56511.14077890204,15711.079399437353,3.8007988e+06
2020-05-29,55816.179556167845,15517.868099870324,3.84754e+06
2020-06-01,55557.77183538527,15446.026261912624,3.8653528e+06
2020-06-02,55251.92892688901,15360.996617263625,3.8866315e+06
2020-06-03,55727.758354163525,15493.285468797296,3.8531598e+06
2020-06-04,54140.59863946142,15052.02748048603,3.9629002e+06
2020-06-05,53820.48614978965,14963.030644239847,3.9863315e+06
2020-06-08,52120.932378139885,14490.525154490972,4.1122128e+06
2020-06-09,50779.990157267996,14117.71990915709,4.2180095e+06
2020-06-10,53217.951059088045,14795.51541590642,4.0155018e+06
2020-06-11,52758.51157449749,14667.783253324887,4.0501682e+06
2020-06-12,52106.03350729402,14486.383009427276,4.1002575e+06
2020-06-15,50725.10823720087,14102.461781434244,4.2089235e+06
2020-06-16,50795.71519064712,14122.091741765194,4.203065e+06
2020-06-17,50775.488137012115,14116.468269272937,4.2047385e+06
2020-06-18,51065.63758711465,14197.134859708605,4.1807112e+06
2020-06-19,49729.56038683577,13825.682174662183,4.290095e+06
2020-06-22,48668.09816857522,13530.577227907675,4.381666e+06
2020-06-23,47809.00367261924,13278.203448232454,4.30432e+06
2020-06-24,48443.69826390836,13454.479949795614,4.361463e+06
2020-06-25,46955.223565330845,13041.07936921464,4.227453e+06
2020-06-26,48037.38005749581,13341.631419288447,4.3248815e+06
2020-06-29,47636.376166262584,13216.917225332847,4.3609845e+06
2020-06-30,47546.27333761093,13178.700891193415,4.3527355e+06
2020-07-01,47546.27333761093,13165.522190302223,4.3527355e+06
2020-07-02,48818.14510334783,13504.536866045166,4.469172e+06
2020-07-06,48666.6619844415,13462.632173445249,4.455304e+06
2020-07-07,49800.13106459707,13776.183107162176,4.55907e+06
2020-07-08,50014.273305126735,13835.42115841726,4.5786745e+06
2020-07-09,50101.76088283662,13859.622799344072,4.5866835e+06
2020-07-10,50332.8899396735,13909.700281534277,4.5655245e+06
2020-07-13,51165.8243044254,14125.97540437288,4.641077e+06
2020-07-14,51517.70690181803,14223.123940208454,4.672995e+06
2020-07-15,50883.78867427649,14048.110375737042,4.6154945e+06
2020-07-16,50780.98125411081,14019.727072850983,4.606169e+06
2020-07-17,51851.13382655235,14315.177192588973,4.703239e+06
2020-07-20,51135.50339054237,14117.604338537967,4.6383265e+06
2020-07-21,51279.16899666584,14157.26786094073,4.651358e+06
2020-07-22,48945.118491392095,13512.877968306688,4.439644e+06
2020-07-23,48823.87197418348,13479.403958198605,4.4286465e+06
2020-07-24,47666.753084885946,13146.464578908031,4.533605e+06
2020-07-27,48449.77701561156,13362.422153181864,4.459131e+06
2020-07-28,47521.09066470578,13106.290962635778,4.544604e+06
2020-07-29,46946.07803552452,12947.70279220818,4.599594e+06
2020-07-30,51860.81259686161,14290.236208725519,5.0811205e+06
2020-07-31,50554.051201601476,13915.868139724775,5.209152e+06
2020-08-03,50216.44526357021,13822.936325059793,5.243939e+06
2020-08-04,50034.420592865936,13772.830917965983,5.2629475e+06
2020-08-05,48288.76738607644,13292.30998510352,5.446567e+06
2020-08-06,49386.64190798239,13594.518744197443,5.3227365e+06
2020-08-07,48668.817573628345,13396.925306145931,5.4001015e+06
2020-08-10,50116.21652105612,13795.346647645529,5.239504e+06
2020-08-11,48450.645582788784,13336.869730299055,5.413634e+06
2020-08-12,47593.191362395904,13100.840775482871,5.509442e+06
2020-08-13,47635.59961232558,13112.514372356532,5.5045325e+06
2020-08-14,47759.96949044201,13146.749310670775,5.490161e+06
2020-08-17,47361.99943652944,13037.201239602811,5.5359095e+06
2020-08-18,47302.56559079613,13020.841055985413,5.542856e+06
2020-08-19,46252.946465993286,12731.915421134869,5.6658495e+06
2020-08-20,48636.47950776512,13375.291784429155,5.9578245e+06
2020-08-21,48054.781696450096,13201.946485862882,6.0290815e+06
2020-08-24,47660.554361683826,13080.439642484038,5.9796205e+06
2020-08-25,48308.70155635631,13258.32364683323,6.0609395e+06
2020-08-26,47731.1971917738,13099.827567940247,5.988484e+06
2020-08-27,47808.52802668369,13107.951188821224,5.978782e+06
2020-08-28,49429.81720800012,13539.361827282311,6.1815355e+06
2020-08-31,51398.7511543567,14078.674141579648,6.427764e+06
2020-09-01,50333.85474402094,13786.987491243895,6.2945915e+06
2020-09-02,54363.63591826051,14877.00117477698,5.79064e+06
2020-09-03,54327.647727327996,14867.152746691963,5.7944735e+06
2020-09-04,57983.62596926201,15867.63756860473,5.4045345e+06
2020-09-08,55670.87931270581,15234.737760757422,5.620101e+06
2020-09-09,53853.46850423276,14722.15544357135,5.4366295e+06
2020-09-10,54560.499386932956,14900.717376369927,5.365253e+06
2020-09-11,52923.69917780382,14453.699889509133,5.5262095e+06
2020-09-14,52841.10843628408,14431.143987141693,5.534833e+06
2020-09-15,51281.57240826704,13990.79655109594,5.37148e+06
2020-09-16,52100.21956294529,14200.151593027575,5.2857305e+06
2020-09-17,53752.830052742065,14650.578091729549,5.118068e+06
2020-09-18,52122.74238155208,14206.29028958589,5.2732765e+06
2020-09-21,51303.591677979995,13983.027042984686,5.3561505e+06
2020-09-22,49151.60656525193,13382.510694527238,5.131481e+06
2020-09-23,48646.87163751448,13231.703976561263,5.1841755e+06
2020-09-24,46821.828455020215,12735.301426462172,5.3786655e+06
2020-09-25,47939.40918982673,13026.542453936254,5.5070475e+06
2020-09-28,48302.20561433277,13112.098332622527,5.4653715e+06
2020-09-29,47574.01387660516,12914.423680944623,5.547766e+06
2020-09-30,47976.59668784199,13010.794233815446,5.5947125e+06
2020-10-01,49525.29293201033,13417.775051213875,5.4141135e+06
2020-10-02,48000.35993727536,13004.628420872537,5.5808195e+06
2020-10-05,49376.498780982874,13377.462590060672,5.420821e+06
2020-10-06,48538.72761248108,13150.487151494734,5.5127965e+06
2020-10-07,48585.120744782784,13163.056337385266,5.507527e+06
2020-10-08,49430.29968767579,13378.875691092979,5.603335e+06
2020-10-09,46290.46167029439,12515.66376178625,5.959262e+06
2020-10-12,45062.50111545967,12171.141441307313,5.801179e+06
2020-10-13,45095.991535396366,12180.187025282645,5.80549e+06
2020-10-14,45274.60806976825,12216.250212455037,5.782496e+06
2020-10-15,44640.74532183252,12033.001539008692,5.7015385e+06
2020-10-16,43500.53687893594,11725.656089257542,5.5559105e+06
2020-10-19,44074.38728589274,11880.338605875264,5.629203e+06
2020-10-20,44314.42791395516,11933.161695182074,5.598545e+06
2020-10-21,43889.74046074889,11806.86704248749,5.5448915e+06
2020-10-22,44158.94427523484,11867.479233101736,5.5108815e+06
2020-10-23,44162.77520045526,11856.641294457595,5.51136e+06
2020-10-26,44757.75104411843,12016.377975976391,5.5856105e+06
2020-10-27,42684.92788323439,11459.874889974848,5.3269295e+06
2020-10-28,44266.41819297221,11884.466941269413,5.5242945e+06
2020-10-29,41786.69659847364,11218.721427708777,5.214834e+06
2020-10-30,41752.148894557395,11209.446201434552,5.2105225e+06
2020-11-02,41111.09335946113,11026.128786588413,5.290524e+06
2020-11-03,42789.91970838779,11465.369338177608,5.5065695e+06
2020-11-04,44308.69984615906,11872.319744761859,5.702019e+06
2020-11-05,44359.04629147209,11873.93753190003,5.69554e+06
2020-11-06,43473.29182627635,11624.966675754764,5.5818125e+06
2020-11-09,43604.11042534551,11648.32322970609,5.565016e+06
2020-11-10,44927.620401874825,11990.234968910154,5.73393e+06
2020-11-11,44822.34026276929,11962.137918718237,5.7204935e+06
2020-11-12,44803.54244934924,11945.159040589551,5.7228925e+06
2020-11-13,45194.252176228336,12037.381756925166,5.772799e+06
2020-11-16,44852.391116135215,11946.327875291683,5.729132e+06
2020-11-17,44341.45915412681,11810.242360378685,5.663869e+06
2020-11-18,44112.29924099504,11737.39591927793,5.6931405e+06
2020-11-19,44595.651911618545,11866.006346786002,5.630759e+06
2020-11-20,45922.052616808054,12218.934906219387,5.4632845e+06
2020-11-23,45389.62753621383,12077.267297053366,5.526626e+06
2020-11-24,45050.68632916576,11987.081856508838,5.567895e+06
2020-11-25,44833.25621572109,11929.228074906316,5.5947675e+06
2020-11-27,43887.28947789068,11677.525345295144,5.712815e+06
2020-11-30,42534.35676238745,11317.537151361978,5.8889265e+06
2020-12-01,42409.58275727371,11284.337297270196,5.9062015e+06
2020-12-02,42457.8218279694,11297.172744101932,5.8994835e+06
2020-12-03,42219.5232889481,11222.469121283715,5.866372e+06
2020-12-04,42737.54719920821,11360.166254839522,5.9383505e+06
2020-12-07,42519.96615227383,11290.970367326388,5.9685835e+06
2020-12-08,43408.79009686702,11526.993246183625,5.843818e+06
2020-12-09,42888.368488955406,11388.797817419574,5.9138785e+06
2020-12-10,43177.21243651368,11465.498923929927,5.87405e+06
2020-12-11,42954.99227909956,11395.02394218092,5.843818e+06
2020-12-14,40803.3618325628,10812.84822076574,6.1365365e+06
2020-12-15,40825.701829022284,10818.768296468326,6.1331765e+06
2020-12-16,41109.989980499726,10883.28559105564,6.1758845e+06
2020-12-17,41761.611810397444,11044.909924063058,6.0779925e+06
2020-12-18,42279.26398882027,11170.771168734584,6.153332e+06
2020-12-21,43482.708941291894,11488.738108314798,6.3284815e+06
2020-12-22,43786.040331416945,11557.393753710347,6.2843345e+06
2020-12-23,43448.3469921618,11468.259069225607,6.332802e+06
2020-12-24,41894.38838860111,11058.089268020027,6.5592985e+06
2020-12-28,42452.21110144873,11205.327444579167,6.471962e+06
2020-12-29,42814.18471623306,11300.870945723635,6.416778e+06
2020-12-30,43143.969830010064,11387.918241738163,6.367351e+06
2020-12-31,44210.45582027524,11669.418885071433,6.209955e+06
2021-01-04,43663.84334057799,11525.13966706641,6.2867345e+06
2021-01-05,42194.04850275063,11125.659883650633,6.075113e+06
2021-01-06,43633.84386883311,11505.302845478429,6.282415e+06
2021-01-07,44010.45860082608,11604.608021540234,6.33664e+06
2021-01-08,45033.65473341235,11862.798149254459,6.18932e+06
2021-01-11,45096.496258941566,11879.351909706664,6.180683e+06
2021-01-12,45828.28413535443,12060.240653509974,6.280978e+06
2021-01-13,45135.024041741366,11877.80127743047,6.1859635e+06
2021-01-14,45754.76095131775,12029.014379780998,6.101026e+06
2021-01-15,45506.44133598402,11963.730676806144,6.1341375e+06
2021-01-19,44011.27226409989,11570.64786111765,6.335682e+06
2021-01-20,42397.9019539991,11146.489713274561,6.5679365e+06
2021-01-21,41716.40021335962,10967.321599016019,6.673509e+06
2021-01-22,40561.53553696927,10663.705461369023,6.8582565e+06
2021-01-25,40493.41663657427,10645.796871850698,6.8697745e+06
2021-01-26,40804.55991635748,10727.597036661233,6.8169885e+06
2021-01-27,39377.01503691795,10341.565153785737,6.5784965e+06
2021-01-28,37903.48940000832,9954.573875610195,6.3323225e+06
2021-01-29,37277.32068160405,9780.168934113544,6.436933e+06
2021-02-01,37041.102717239635,9718.194211828944,6.477723e+06
2021-02-02,36752.989772684006,9632.886001533972,6.4273385e+06
2021-02-03,35806.31823889621,9375.132376994514,6.5928915e+06
2021-02-04,35695.388019748025,9336.712496643584,6.5724665e+06
2021-02-05,35656.24820663452,9317.138125937117,6.579673e+06
2021-02-08,35421.866636940955,9246.576028825211,6.536422e+06
2021-02-09,35260.39525309554,9204.42530191662,6.5066255e+06
2021-02-10,35328.10747966867,9212.896575569444,6.4941305e+06
2021-02-11,35265.369037350116,9196.535586497901,6.5056635e+06
2021-02-12,35833.28193818606,9344.636438555834,6.4008965e+06
2021-02-16,35201.04133855947,9170.415513213664,6.2879595e+06
2021-02-17,34897.035454489676,9091.217280167983,6.233655e+06
2021-02-18,34940.07921171721,9102.430844426775,6.241344e+06
2021-02-19,33898.90078746134,8831.187767212456,6.0553585e+06
2021-02-22,33936.56855414743,8832.169615049615,6.04863e+06
2021-02-23,34074.08277361477,8867.958410516041,6.0241205e+06
2021-02-24,35259.272269254165,9176.410180905272,5.814585e+06
2021-02-25,35180.586125819864,9155.93170017564,5.827561e+06
2021-02-26,33286.06822283212,8662.873498630071,6.141382e+06
2021-03-01,33981.53649246629,8843.872756392197,6.013066e+06
2021-03-02,34812.605720734246,9060.162873473402,5.8660075e+06
2021-03-03,34262.15164315055,8907.844155429337,5.773255e+06
2021-03-04,34630.0667736968,9003.498703907924,5.8352495e+06
2021-03-05,36073.216156169474,9369.70076514557,5.5920755e+06
2021-03-08,37539.57542214694,9741.204992475066,5.8193905e+06
2021-03-09,37195.46377972888,9651.91090719583,5.766046e+06
2021-03-10,37809.28675488253,9811.192821357678,5.861201e+06
2021-03-11,37520.976538166295,9736.378738063575,5.816507e+06
2021-03-12,36603.32845370827,9488.520377360206,5.958761e+06
2021-03-15,37069.755359603165,9599.941659126383,6.0346925e+06
2021-03-16,37308.87127435833,9652.265482788885,5.995766e+06
2021-03-17,38573.837153213106,9979.52776846857,5.7924785e+06
2021-03-18,38746.65786348825,10024.238619253443,5.766527e+06
2021-03-19,37648.73943426243,9740.19357057309,5.929926e+06
2021-03-22,37908.09125921533,9807.291088733915,5.889076e+06
2021-03-23,38666.01603195844,10003.37558211624,5.771332e+06
2021-03-24,38505.02271308821,9961.724623467197,5.795362e+06
2021-03-25,38702.990994770335,10002.979736735064,5.8251585e+06
2021-03-26,38645.50713568125,9978.119768872137,5.83381e+06
2021-03-29,39119.86663110338,10100.59754726448,5.762202e+06
2021-03-30,39853.98359710303,10280.043097614505,5.8703345e+06
2021-03-31,39576.658575195244,10198.229096805668,5.911183e+06
2021-04-01,38643.551107332554,9957.783236245623,6.0505525e+06
2021-04-05,38738.69553865698,9972.342548258543,6.06545e+06
2021-04-06,39257.422978433,10105.876412698188,6.146669e+06
2021-04-07,40012.48839725345,10300.24978790149,6.264892e+06
2021-04-08,40822.80888754692,10508.847248159684,6.3917665e+06
2021-04-09,40282.60406242351,10369.784549030412,6.3071845e+06
2021-04-12,39303.47936036372,10107.362732510966,6.4604895e+06
2021-04-13,38601.7937863687,9916.808479682251,6.3451505e+06
2021-04-14,39323.948880918266,10102.330266698373,6.463854e+06
2021-04-15,39224.54629122457,10076.793721691363,6.447515e+06
2021-04-16,39423.36063720454,10127.869166604829,6.4801955e+06
2021-04-19,38917.548845466146,9997.92601698866,6.397053e+06
2021-04-20,39031.58104955773,10027.220912836005,6.4157965e+06
2021-04-21,38575.475113103894,9910.047207300691,6.3408245e+06
2021-04-22,37879.624934686246,9721.373111248662,6.455204e+06
2021-04-23,37766.82395023076,9692.424026903222,6.4744265e+06
2021-04-26,37859.336991598815,9716.166442366572,6.458567e+06
2021-04-27,38087.51645066437,9774.72609446777,6.419641e+06
2021-04-28,38058.99989048039,9757.632918893512,6.4148345e+06
2021-04-29,37483.03592590414,9609.966270872861,6.317756e+06
2021-04-30,37790.98709486193,9688.91932986761,6.3696615e+06
2021-05-03,36453.726072246,9346.07001136268,6.144266e+06
2021-05-04,36525.00407208425,9364.344389554857,6.15628e+06
2021-05-05,36992.628305122205,9484.234707826325,6.2350975e+06
2021-05-06,36795.560743062975,9424.22594708448,6.268313e+06
2021-05-07,35846.062324617604,9171.612394731615,6.1065615e+06
2021-05-10,35580.44134746234,9103.650323352163,6.0613115e+06
2021-05-11,34693.1126283897,8876.617434653006,5.9101505e+06
2021-05-12,34071.42696092524,8708.67564789212,6.0160575e+06
2021-05-13,33395.28185679531,8535.852583876313,6.1354455e+06
2021-05-14,33086.09026121565,8448.287187797077,6.07864e+06
2021-05-17,32714.012889108428,8353.279996834795,6.0102815e+06
2021-05-18,32672.082215941173,8342.573311152144,6.0025775e+06
2021-05-19,33358.59862065618,8517.870171566174,6.1287055e+06
2021-05-20,33851.210280914434,8635.137026790155,6.038202e+06
2021-05-21,33400.506933065524,8520.166686444518,6.118596e+06
2021-05-24,33347.95130959769,8498.240056402492,6.1089685e+06
2021-05-25,33334.80572564186,8494.890095647752,6.1065605e+06
2021-05-26,32922.23330165423,8389.752017834568,6.030982e+06
2021-05-27,32746.162201581752,8344.882860460568,5.998728e+06
2021-05-28,32659.442857174854,8322.783697622592,5.9828425e+06
2021-06-01,32864.41492921186,8375.017847086741,6.0203905e+06
2021-06-02,32464.9798546715,8273.227631583635,5.9472185e+06
2021-06-03,33082.532542080655,8430.601946316097,6.0603475e+06
2021-06-04,33085.160836916206,8431.27172900362,6.0608285e+06
2021-06-07,33305.9067879077,8487.5256219516,6.1012665e+06
2021-06-08,33408.3897348798,8513.641909485155,6.12004e+06
2021-06-09,33140.344754617705,8445.334547301702,6.0709375e+06
2021-06-10,33466.20400048594,8528.375033665538,6.1306315e+06
2021-06-11,34288.72880264393,8737.983508746638,6.2813085e+06
2021-06-14,34067.98490785087,8681.730139790903,6.2408705e+06
2021-06-15,34202.01561560674,8715.88591502472,6.265424e+06
2021-06-16,34632.99433127626,8825.714568394067,6.344375e+06
2021-06-17,34283.4824903206,8736.646562404101,6.280348e+06
2021-06-18,34767.006552054496,8859.865632490688,6.368924e+06
2021-06-21,35208.49844291363,8972.373415551898,6.4498e+06
2021-06-22,35134.91029278098,8953.620546467737,6.4363195e+06
2021-06-23,35211.11645654798,8964.086957678457,6.4223595e+06
2021-06-24,35290.29983456851,8984.24555409941,6.407917e+06
2021-06-25,35733.05200452733,9087.977670638216,6.48831e+06
2021-06-28,36143.997178764184,9192.493248172648,6.562929e+06
2021-06-29,35976.96376634427,9140.819191297323,6.5932585e+06
2021-06-30,35895.53828099687,9120.131074202227,6.608181e+06
2021-07-01,35192.11904248174,8941.41037623822,6.737677e+06
2021-07-02,34674.139414898695,8809.805103729332,6.836846e+06
2021-07-06,34051.55963728464,8651.623629153317,6.959603e+06
2021-07-07,34364.821941964394,8731.215506475812,6.895577e+06
2021-07-08,33916.18565538318,8617.22858959957,6.9855995e+06
2021-07-09,34058.76111482274,8653.453338978568,6.956234e+06
2021-07-12,33790.06530752357,8585.184659944598,7.011113e+06
2021-07-13,32975.70377364901,8378.276384253513,7.180086e+06
2021-07-14,33123.83488007951,8415.912680336805,7.1478315e+06
2021-07-15,33590.0919054885,8534.376572776855,7.0472175e+06
2021-07-16,34494.14447806851,8764.073029627716,6.857547e+06
2021-07-19,33598.191646272164,8536.434508140179,7.035665e+06
2021-07-20,33770.61460754888,8580.242738420384,6.999559e+06
2021-07-21,33445.4514504239,8497.627161234535,7.066955e+06
2021-07-22,33044.45887978297,8395.74528456791,7.151684e+06
2021-07-23,33140.100043038656,8411.649493727622,7.172383e+06
2021-07-26,33633.90107754859,8528.574859407154,7.065512e+06
2021-07-27,34044.09517695345,8632.588101153788,6.9793425e+06
2021-07-28,33889.11641386305,8593.290013798793,7.0111145e+06
2021-07-29,33837.92746453391,8580.309991489712,7.021705e+06
2021-07-30,33759.049961703146,8551.728650810042,7.005337e+06
2021-08-02,33332.175338230634,8435.04248259429,7.093918e+06
2021-08-03,33424.92440164198,8458.51356667917,7.0741785e+06
2021-08-04,33399.90198584728,8452.181392493005,7.0794745e+06
2021-08-05,33559.125282427274,8492.474450394046,7.0457255e+06
2021-08-06,33547.635550575,8481.074383645697,7.043313e+06
2021-08-09,33435.12296180168,8452.63042272796,7.0196905e+06
2021-08-10,33375.415084365435,8429.083227769886,7.032226e+06
2021-08-11,34068.737349268755,8595.755219982335,7.178309e+06
2021-08-12,34020.69468576666,8575.038000695564,7.1884315e+06
2021-08-13,34481.599445815045,8682.635659008738,7.2858185e+06
2021-08-16,34693.788605414586,8727.383293209721,7.2409835e+06
2021-08-17,33809.05714061188,8496.097610138002,7.05633e+06
2021-08-18,33730.51102610952,8467.863149138026,7.072724e+06
2021-08-19,34073.1057415125,8545.401844365808,7.144561e+06
2021-08-20,34422.59444742535,8633.052246848903,7.217843e+06
2021-08-23,34401.89815574303,8627.861697726223,7.2135035e+06
2021-08-24,34112.18595924358,8555.203010341425,7.152755e+06
2021-08-25,33923.646479767456,8507.918045246855,7.1132215e+06
2021-08-26,33679.92286732412,8438.2851970855,7.1643265e+06
2021-08-27,34704.373767902114,8686.516409129903,7.3822455e+06
2021-08-30,34996.751947884266,8751.012249361813,7.3200515e+06
2021-08-31,35153.493546560145,8781.454807191176,7.352836e+06
2021-09-01,35416.262959888736,8847.09544472272,7.407797e+06
2021-09-02,35266.43966385911,8800.822012080358,7.439135e+06
2021-09-03,34720.183496254416,8664.502515416885,7.5543635e+06
2021-09-07,35070.28851877316,8751.87203777557,7.4781885e+06
2021-09-08,34835.14309750226,8684.439079149925,7.428047e+06
2021-09-09,33682.03440364159,8396.967827045635,7.182165e+06
2021-09-10,33813.176046343906,8429.661581269644,7.210129e+06
2021-09-13,33489.85197931318,8349.056539542324,7.141185e+06
2021-09-14,33284.10415417508,8289.414326316783,7.185057e+06
2021-09-15,33337.70660494718,8302.764029865892,7.1734855e+06
2021-09-16,33949.38619413474,8455.10298200473,7.0418665e+06
2021-09-17,34674.57722717167,8635.711987154074,6.891445e+06
2021-09-20,34555.718580260094,8606.110211905698,6.915068e+06
2021-09-21,33972.67930797898,8460.904137736921,7.031742e+06
2021-09-22,33744.40272700293,8404.051799096824,7.0789915e+06
2021-09-23,33723.72701064715,8398.902506852917,7.083329e+06
2021-09-24,34079.50095339522,8487.508094802206,7.008602e+06
2021-09-27,33268.35453831183,8277.004372517384,6.841786e+06
2021-09-28,33484.03226622697,8330.663939447646,6.886141e+06
2021-09-29,33172.23253976675,8253.089688028358,6.8220175e+06
2021-09-30,33441.8324552161,8320.164832259938,6.877463e+06
2021-10-01,32618.97466441748,8115.441826661425,6.708238e+06
2021-10-04,32157.141785923464,7992.424616841845,6.803216e+06
2021-10-05,31954.31886661149,7942.014449670883,6.846125e+06
2021-10-06,31664.034695811555,7869.866422087271,6.9083175e+06
2021-10-07,31750.212808110668,7891.285367550698,6.8895155e+06
2021-10-08,31730.213534980416,7878.423407738594,6.885176e+06
2021-10-11,32019.057988449484,7942.263345157436,6.8225e+06
2021-10-12,31883.296283019026,7900.64566209489,6.793572e+06
2021-10-13,31238.429903017135,7732.947838544816,6.9309785e+06
2021-10-14,31003.74331277963,7674.852115861349,6.98305e+06
2021-10-15,31369.768973782575,7757.785445811364,7.0654905e+06
2021-10-18,31842.835557602768,7874.775439009184,7.1720405e+06
2021-10-19,31949.85307731319,7901.241013478355,7.196144e+06
2021-10-20,31996.95549385274,7912.889503519785,7.206753e+06
2021-10-21,32166.05755488235,7946.795777842706,7.1686655e+06
2021-10-22,32155.243774787683,7936.17738011762,7.166255e+06
2021-10-25,32302.349692377407,7972.484324758866,7.19904e+06
2021-10-26,32404.03503701099,7989.608615865904,7.1763785e+06
2021-10-27,33213.86757681347,8181.293061114759,7.355729e+06
2021-10-28,32610.855668924316,8032.758202102221,7.2221825e+06
2021-10-29,32793.72284073013,8069.769578562865,7.181684e+06
2021-11-01,32560.37343883465,8012.347738604725,7.2327875e+06
2021-11-02,32879.433079953065,8082.848519678892,7.3036615e+06
2021-11-03,32764.398611847944,8054.569255314009,7.278108e+06
2021-11-04,32647.032278174353,8017.662172267266,7.3041795e+06
2021-11-05,32828.29957430953,8062.178927447607,7.263624e+06
2021-11-08,32747.5596025925,8042.350300713339,7.281488e+06
2021-11-09,32120.009168841996,7880.190193827593,7.141951e+06
2021-11-10,32109.143388060573,7877.5244281140185,7.139535e+06
2021-11-11,31648.795243159002,7756.706993920278,7.241894e+06
2021-11-12,31650.90104439173,7749.466391347527,7.242375e+06
2021-11-15,31861.918788388783,7801.132374340859,7.29066e+06
2021-11-16,32387.319494547162,7929.772475570649,7.4108835e+06
2021-11-17,31463.112915166286,7695.558218633508,7.622361e+06
2021-11-18,31997.2338493768,7818.503222144755,7.7517595e+06
2021-11-19,31903.569693421625,7787.797943503763,7.7744515e+06
2021-11-22,31826.292664749024,7768.934289976595,7.793283e+06
2021-11-23,31721.78781023773,7743.424207598037,7.8188735e+06
2021-11-24,30716.895724663096,7490.382323290691,7.5711845e+06
2021-11-26,30045.01582191429,7319.052554590763,7.736792e+06
2021-11-29,30993.778022172974,7542.854711845543,7.981105e+06
2021-11-30,30894.39888776914,7518.669135899919,7.9555145e+06
2021-12-01,31083.786447722352,7557.241099791591,7.906746e+06
2021-12-02,31448.21712715395,7645.843256200603,7.8140465e+06
2021-12-03,32124.440805000482,7802.604197152268,7.98207e+06
2021-12-06,33263.13185078112,8079.177277038682,8.2650045e+06
2021-12-07,32505.29630619455,7887.029812415082,8.453307e+06
2021-12-08,32601.83842976862,7910.454629085265,8.4282e+06
2021-12-09,31688.550793895516,7688.856070389198,8.664302e+06
2021-12-10,32343.690798693366,7847.81812692525,8.485173e+06
2021-12-13,32603.183969293397,7910.781108507133,8.417097e+06
2021-12-14,31673.699179920033,7685.252500033041,8.65706e+06
2021-12-15,30430.07034076948,7375.815261100864,8.3171515e+06
2021-12-16,30232.222861015358,7327.859852381823,8.263076e+06
2021-12-17,29986.66545906311,7268.340238640771,8.19596e+06
2021-12-20,30559.02490291385,7407.072008679878,8.352397e+06
2021-12-21,30090.894587255796,7286.196821489466,8.480347e+06
2021-12-22,30200.538010576784,7305.459638030874,8.511247e+06
2021-12-23,29506.68977418184,7130.313450385715,8.706791e+06
2021-12-27,29336.515161329437,7082.060315628637,8.656576e+06
2021-12-28,29351.247502792143,7085.6168161282885,8.660923e+06
2021-12-29,29158.1681004768,7039.005963905962,8.60395e+06
2021-12-30,29055.087638051868,7014.121547735819,8.573533e+06
2021-12-31,28328.597489259937,6831.727118603476,8.787904e+06
2022-01-03,27969.06684498644,6738.190948972904,8.676373e+06
2022-01-04,28713.036559767803,6910.686839240636,8.445584e+06
2022-01-05,28233.712358964236,6788.411849523583,8.3045965e+06
2022-01-06,28261.61519667308,6795.120707066998,8.3128035e+06
2022-01-07,28264.90435801018,6795.911541141947,8.313771e+06
2022-01-10,28739.29354230723,6909.971963626399,8.453307e+06
2022-01-11,28665.426913025254,6885.301766045721,8.475034e+06
2022-01-12,28119.98216890574,6747.403182274096,8.313772e+06
2022-01-13,28263.6932898872,6781.886734547139,8.3562605e+06
2022-01-14,27729.669751258512,6653.747530819732,8.198375e+06
2022-01-18,27146.663616009548,6513.854929585651,8.026007e+06
2022-01-19,27427.553996128878,6574.740855826022,7.942961e+06
2022-01-20,27777.664337514234,6658.666851045224,7.8415695e+06
2022-01-21,27912.793957016573,6691.059175577686,7.8034225e+06
2022-01-24,27595.022854553332,6608.1942566966145,7.714585e+06
2022-01-25,27579.48372668421,6604.473093786911,7.710241e+06
2022-01-26,27498.30861639978,6585.034048550542,7.6875475e+06
2022-01-27,29417.07563295065,7044.522168764879,8.223966e+06
2022-01-28,28648.5324817909,6853.4342245527305,8.438824e+06
2022-01-31,28620.66746626453,6839.914792647582,8.430616e+06
2022-02-01,28822.278593902094,6888.096860236187,8.490003e+06
2022-02-02,28340.37383494647,6772.928774330675,8.3480515e+06
2022-02-03,28387.96570542534,6777.529596335634,8.3340325e+06
2022-02-04,28267.754835600663,6742.052133236057,8.298742e+06
2022-02-07,27745.737478470117,6610.805384613951,8.451994e+06
2022-02-08,27515.623626251545,6555.977579279844,8.522091e+06
2022-02-09,28164.963718487794,6710.691829767224,8.3209785e+06
2022-02-10,28734.408563126803,6846.3699334075145,8.1527435e+06
2022-02-11,28693.516997334817,6836.626952759309,8.1643455e+06
2022-02-14,28029.193700922606,6678.342746817616,8.353369e+06
2022-02-15,28068.123679223565,6687.618352138058,8.341767e+06
2022-02-16,28665.107768554077,6829.858061402856,8.1643455e+06
2022-02-17,28396.92571011252,6759.130121793684,8.0879625e+06
2022-02-18,27891.111507095484,6638.734553254164,7.943897e+06
2022-02-22,27169.724435674896,6467.027618014515,7.738433e+06
2022-02-23,26716.527349675067,6352.689121972025,7.8675115e+06
2022-02-24,26370.13136833034,6270.322654437455,7.9695185e+06
2022-02-25,26326.943505719068,6260.053390718374,7.98257e+06
2022-02-28,26020.81481017925,6181.001675124486,7.889749e+06
2022-03-01,26556.5363213508,6308.257319580947,8.0521845e+06
2022-03-02,26609.14280276886,6314.445240883731,8.0362335e+06
2022-03-03,26119.306077102185,6191.890779791071,7.888298e+06
2022-03-04,26738.79286666668,6332.555567714145,7.701207e+06
2022-03-07,26426.593050455744,6252.284644986612,7.6112885e+06
2022-03-08,25501.73071022977,6027.218584480286,7.877664e+06
2022-03-09,26195.023772213342,6191.075260529431,7.663501e+06
2022-03-10,25568.731663862087,6036.8628812381985,7.4802755e+06
2022-03-11,24889.564400762367,5876.50922370603,7.281582e+06
2022-03-14,25628.220670314044,6050.908434205503,7.49768e+06
2022-03-15,26371.83607101567,6226.4785121205305,7.715229e+06
2022-03-16,26201.627346856858,6180.065185764506,7.7650245e+06
2022-03-17,26749.728617910314,6303.163410765443,7.927458e+06
2022-03-18,26978.111356120266,6356.978301364803,7.995141e+06
2022-03-21,26416.941764314462,6218.390312841666,8.161447e+06
2022-03-22,26199.440834196554,6167.1918929433305,8.228644e+06
2022-03-23,25605.29594385693,6027.3337343618105,8.415251e+06
2022-03-24,25509.683019764063,6004.827023090457,8.446674e+06
2022-03-25,25638.166275467527,6029.066387077702,8.489217e+06
2022-03-28,26128.742849890157,6144.43028258256,8.651655e+06
2022-03-29,25954.99735934314,6103.572325515415,8.594125e+06
2022-03-30,25493.618635002862,5995.074590976012,8.441354e+06
2022-03-31,25449.82755075446,5984.77668779296,8.426854e+06
2022-04-01,26052.820719237978,6126.576448535606,8.626515e+06
2022-04-04,25559.324589191845,6010.525990876274,8.46311e+06
2022-04-05,26030.908109061074,6115.412957233123,8.306961e+06
2022-04-06,25983.953693433457,6104.382007389754,8.3219445e+06
2022-04-07,25674.512782497233,6025.581008410377,8.2228385e+06
2022-04-08,25019.41005327976,5871.834193537161,8.013027e+06
2022-04-11,25307.71505234984,5939.496826193259,8.1053635e+06
2022-04-12,25721.30752262277,6036.563319926183,8.237826e+06
2022-04-13,26492.644852231566,6211.552803867306,7.9907875e+06
2022-04-14,26527.907765527332,6219.820662707997,7.9801515e+06
2022-04-18,26902.360156929884,6301.396183533643,8.092795e+06
2022-04-19,26875.039703327468,6294.996856446413,8.0845765e+06
2022-04-20,27005.214801865048,6319.193045654343,8.045417e+06
2022-04-21,27756.532484263404,6495.000626098435,7.8215845e+06
2022-04-22,27569.52557486911,6451.2411977804595,7.8742815e+06
2022-04-25,28598.65410505684,6692.056236607615,7.5803465e+06
2022-04-26,28640.596378210004,6701.870686252728,7.56923e+06
2022-04-27,29933.877656619195,6997.795331243511,7.911022e+06
2022-04-28,31029.605590398507,7246.951446450432,7.6214395e+06
2022-04-29,30968.584824786976,7232.700072087207,7.6364265e+06
2022-05-02,30670.589752908185,7163.10344731234,7.7099075e+06
2022-05-03,31928.341045425022,7449.687633756467,8.026078e+06
2022-05-04,33707.26265195331,7857.305245570606,7.578897e+06
2022-05-05,33866.600913220565,7886.590361796712,7.614723e+06
2022-05-06,34990.61122002692,8140.454541018605,7.3619955e+06
2022-05-09,35554.38762992203,8263.474877216306,7.4806135e+06
2022-05-10,37397.57688084248,8683.601513497073,7.0928085e+06
2022-05-11,36391.805564057686,8441.380927582366,6.9020545e+06
2022-05-12,37553.296325196316,8710.798336437789,7.1223425e+06
2022-05-13,37954.08127056725,8795.052928014782,7.0463295e+06
2022-05-16,38918.9781796555,9009.852258125888,7.225466e+06
2022-05-17,41114.75004050697,9509.169730585747,6.8178125e+06
2022-05-18,40101.6261792409,9265.341569607643,6.6498125e+06
2022-05-19,40171.69672304188,9281.53112559678,6.661432e+06
2022-05-20,41783.351001053954,9653.898253831376,6.9286825e+06
2022-05-23,42586.25874967178,9829.753404676405,6.7955415e+06
2022-05-24,42537.713009726605,9818.548084779353,6.8032885e+06
2022-05-25,41550.85725475628,9590.762197919339,6.9611215e+06
2022-05-26,43244.32776169772,9972.058026139626,7.2448325e+06
2022-05-27,43475.52622360634,10015.399884574668,7.206099e+06
2022-05-31,43437.57064878468,9996.640708761246,7.1998075e+06
2022-06-01,44167.80661507533,10164.695838884576,7.320845e+06
2022-06-02,42464.879481927856,9772.787395364094,7.0385835e+06
2022-06-03,42242.89206562187,9711.926842020215,7.0753775e+06
2022-06-06,41499.996279987965,9541.130071995247,7.199807e+06
2022-06-07,41290.6925711434,9483.468602413726,7.163495e+06
2022-06-08,42775.32990647625,9814.970248830672,6.9059265e+06
2022-06-09,44427.6843846661,10194.1095816988,6.6391595e+06
2022-06-10,42726.782145078156,9793.636661545086,6.384981e+06
2022-06-13,43011.877222860814,9858.984845181234,6.427585e+06
2022-06-14,43876.90623759649,10057.262820883916,6.5568525e+06
2022-06-15,42137.119370963934,9658.476870131242,6.2968635e+06
2022-06-16,42623.10150622899,9769.871461950184,6.369488e+06
2022-06-17,41226.73671214717,9440.033269083275,6.578157e+06
2022-06-21,41068.95832247137,9394.465388536793,6.5529815e+06
2022-06-22,40182.949471345564,9182.397667584228,6.6943535e+06
2022-06-23,39197.77265882034,8957.270209682198,6.858481e+06
2022-06-24,39197.77265882034,8948.312939472517,6.858481e+06
2022-06-27,38030.073454899386,8681.74325484258,6.654167e+06
2022-06-28,37534.77418835564,8559.991494209407,6.74083e+06
2022-06-29,38211.43321332367,8714.306942309353,6.61931e+06
2022-06-30,37593.772533671174,8573.44635959741,6.726306e+06
2022-07-01,36882.10949069492,8411.148071507278,6.853637e+06
2022-07-05,36527.77230334071,8330.339717776054,6.9194815e+06
2022-07-06,37404.414964805634,8521.932086742878,7.0855445e+06
2022-07-07,37580.77527646223,8562.112653666554,7.118953e+06
2022-07-08,37026.16217926293,8435.753902882785,7.0138925e+06
2022-07-11,36773.14178805718,8369.671943513375,7.0618225e+06
2022-07-12,36679.86026290582,8340.071130417786,7.0439095e+06
2022-07-13,37431.162096843436,8510.898137133232,7.1881875e+06
2022-07-14,37859.74820965849,8608.347763188696,7.270492e+06
2022-07-15,37078.20330886136,8430.644249120101,7.1204055e+06
2022-07-18,38069.00336205892,8655.927084454293,7.3106765e+06
2022-07-19,38583.308256896635,8772.866990302473,7.409442e+06
2022-07-20,39165.68948759619,8905.285730565956,7.5212815e+06
2022-07-21,38848.02733815959,8833.057404101422,7.4602785e+06
2022-07-22,38560.61611916992,8767.707372970634,7.405084e+06
2022-07-25,38220.27363332354,8690.322112494801,7.3397255e+06
2022-07-26,36911.811369819006,8384.1206147432,7.5909995e+06
2022-07-27,36779.97902813119,8354.176317440619,7.6181105e+06
2022-07-28,35573.84590148625,8080.216161166716,7.867933e+06
2022-07-29,35354.93829201225,8022.413437948747,7.819517e+06
2022-08-01,35683.28436780399,8088.896259082925,7.7468955e+06
2022-08-02,37048.078778962976,8390.18696737622,8.0431945e+06
2022-08-03,36976.71584669256,8374.025580226798,8.0277015e+06
2022-08-04,36925.35589498346,8362.394218718266,8.016551e+06
2022-08-05,36818.16584302906,8338.119152194413,7.99328e+06
2022-08-08,36806.999128691554,8327.252134805365,7.995704e+06
2022-08-09,37771.138483368966,8537.052730350186,8.205147e+06
2022-08-10,37603.75666437713,8499.221002946351,8.168786e+06
2022-08-11,38409.43520158048,8681.320892756265,8.3438055e+06
2022-08-12,38166.1692348339,8617.656469182353,8.396651e+06
2022-08-15,38201.431538109005,8625.618452845614,8.388893e+06
2022-08-16,38537.01898483215,8692.766153780312,8.462587e+06
2022-08-17,38448.70704118647,8672.845695609953,8.443194e+06
2022-08-18,37868.06233132705,8541.87010864968,8.315687e+06
2022-08-19,38740.145389954,8730.043352865296,8.1241805e+06
2022-08-22,38818.74480959652,8747.755633861721,8.1076975e+06
2022-08-23,38749.10806060708,8732.063079496966,8.122241e+06
2022-08-24,39327.35276350504,8853.637737624895,8.243447e+06
2022-08-25,40809.97496217543,9178.561965072486,7.932673e+06
2022-08-26,41368.66482797598,9304.216772684133,7.824074e+06
2022-08-29,40735.50198697298,9152.508048789996,7.7043235e+06
2022-08-30,41168.720966320536,9240.691770858984,7.622389e+06
2022-08-31,40974.9536289743,9197.198939465427,7.658265e+06
2022-09-01,41532.66990616372,9322.3834021383,7.5540275e+06
2022-09-02,41873.85653135308,9398.965826020107,7.4919725e+06
2022-09-06,41486.36404633904,9311.9896330879,7.561302e+06
2022-09-07,41087.351282632015,9213.11561977495,7.488578e+06
2022-09-08,40313.27239436863,9030.328932879189,7.6296615e+06
2022-09-09,38760.89258633731,8682.589851860279,7.923464e+06
2022-09-12,41035.36695437043,9192.08090710914,7.458518e+06
2022-09-13,40643.24750531391,9104.24463395027,7.5297895e+06
2022-09-14,39873.874869915904,8922.797943343843,7.3872515e+06
2022-09-15,39436.84410705281,8825.001147703226,7.3062845e+06
2022-09-16,38447.65768594998,8594.820419463662,7.489547e+06
2022-09-19,37845.34768829579,8460.17642348944,7.6068765e+06
2022-09-20,38612.39447110248,8631.64667027017,7.452701e+06
2022-09-21,38858.54589208999,8686.672837967157,7.4051905e+06
2022-09-22,39446.236122032045,8818.048643221246,7.2931955e+06
2022-09-23,39535.3869568454,8829.159907872607,7.3096785e+06
2022-09-26,39275.77734821688,8762.35395996204,7.3576775e+06
2022-09-27,39772.67668573208,8873.211291675081,7.264591e+06
2022-09-28,37819.07178776762,8428.492407308337,6.90776e+06
2022-09-29,36683.02076843243,8175.3080498361205,6.700257e+06
2022-09-30,37811.108140948105,8426.717600746993,6.9063055e+06
2022-10-03,38779.946856930546,8642.636431526062,7.0832665e+06
2022-10-04,38859.57528973565,8660.382706343966,7.097811e+06
2022-10-05,39117.04660941871,8709.10329467854,7.050783e+06
2022-10-06,37680.72533580283,8380.608537288674,6.7918885e+06
2022-10-07,37769.48589481512,8400.349863709642,6.8078875e+06
2022-10-10,37382.159866389695,8314.204286850165,6.738072e+06
2022-10-11,37210.01032366508,8275.916331546994,6.7070425e+06
2022-10-12,35959.267471871986,7989.461422420677,6.9324865e+06
2022-10-13,37118.60201118156,8247.043381918014,6.708982e+06
2022-10-14,38199.599827698396,8478.973376612246,6.9043665e+06
2022-10-17,37840.162816764205,8390.711974623118,6.969332e+06
2022-10-18,37869.121094078626,8388.74249728755,6.974666e+06
2022-10-19,37992.8396523907,8407.75980747465,6.95188e+06
2022-10-20,36964.79267859842,8180.254516858586,7.13999e+06
2022-10-21,36417.61904046258,8059.165791600886,7.24568e+06
2022-10-24,35713.39457095433,7903.321947225357,7.3857935e+06
2022-10-25,35012.4514603178,7740.300940818208,7.2408335e+06
2022-10-26,33945.78651819553,7504.490327431015,7.0202395e+06
2022-10-27,36510.47735114921,8071.473730170418,7.5506365e+06
2022-10-28,35947.838501329505,7947.089580047821,7.434278e+06
2022-10-31,35317.20881188821,7807.674504127684,7.303859e+06
2022-11-01,36634.718248885154,8091.132339731649,7.031389e+06
2022-11-02,35081.230597495516,7739.938413748486,6.7332245e+06
2022-11-03,35149.54426300903,7747.270454136126,6.7201125e+06
2022-11-04,35012.38378817088,7717.039072294081,6.7463355e+06
2022-11-07,34866.20464402493,7684.8198959662495,6.774502e+06
2022-11-08,36023.41023741725,7939.87824426137,6.5496565e+06
2022-11-09,32818.24216690201,7233.430851730725,7.1324095e+06
2022-11-10,32185.881799593717,7094.053033533238,7.26984e+06
2022-11-11,31880.57596538117,7019.666874201773,7.2008805e+06
2022-11-14,31502.164438692947,6929.326163768199,7.2863525e+06
2022-11-15,31239.716595466256,6864.667892971613,7.2256495e+06
2022-11-16,30834.49090462776,6768.758249884789,7.319377e+06
2022-11-17,30951.086536472143,6787.584454346897,7.3470545e+06
2022-11-18,31622.108492464933,6927.952227157796,7.18777e+06
2022-11-21,31158.486566539174,6826.37928634514,7.293152e+06
2022-11-22,30973.82953697888,6785.92356912099,7.336374e+06
2022-11-23,31580.717561379763,6918.884065454918,7.1926275e+06
2022-11-25,32410.16360786141,7100.60384503252,7.0037185e+06
2022-11-28,33095.588474951284,7250.770641646863,6.8556005e+06
2022-11-29,31487.34237930404,6898.426896990743,7.188742e+06
2022-11-30,31427.782026812896,6885.378074620481,7.2023405e+06
2022-12-01,31321.825156648258,6855.279059959461,7.1780585e+06
2022-12-02,31071.775879041164,6800.551802905794,7.120755e+06
2022-12-05,30283.489267833702,6628.022754166439,6.9401025e+06
2022-12-06,29866.03523341958,6536.656306448201,6.8444335e+06
2022-12-07,30228.388530737382,6615.963082441832,6.927475e+06
2022-12-08,30332.216537483007,6632.071528199582,6.9036805e+06
2022-12-09,29835.074855818326,6523.372607750585,7.0168305e+06
2022-12-12,29632.71473508687,6479.127018461466,7.0644235e+06
2022-12-13,29172.341375103228,6371.988282564238,6.9546705e+06
2022-12-14,27805.489609058248,6073.432766390487,6.628814e+06
2022-12-15,28210.855016241727,6155.901545286765,6.5321755e+06
2022-12-16,27762.02363441312,6051.805974937352,6.4282495e+06
2022-12-19,27747.346123736832,6048.606444241116,6.4248505e+06
2022-12-20,28407.99340965061,6192.620052358041,6.577823e+06
2022-12-21,27732.66860650416,6045.4069121156635,6.4214525e+06
2022-12-22,27655.073545658477,6028.492069774363,6.403485e+06
2022-12-23,27271.26020970352,5944.825119901386,6.3146135e+06
2022-12-27,26434.430767159807,5762.405801804129,6.120847e+06
2022-12-28,27183.17240028529,5925.6229774935955,6.294217e+06
2022-12-29,27250.29096144162,5940.254061840473,6.3097575e+06
2022-12-30,26230.994054578437,5718.058908042558,6.073741e+06
2023-01-03,26501.550905582193,5777.0372299771,6.1363875e+06
2023-01-04,26220.509413113406,5715.773375233468,6.0713125e+06
2023-01-05,27185.266331648127,5926.079430758661,6.2947e+06
2023-01-06,27074.11524204494,5895.92367567315,6.320437e+06
2023-01-09,27194.781325779648,5916.305176525737,6.348606e+06
2023-01-10,27768.924858831175,6041.211801659782,6.48264e+06
2023-01-11,27785.57268233708,6038.792373140951,6.4787535e+06
2023-01-12,28066.739226321242,6093.861062726362,6.544314e+06
2023-01-13,28312.506901809244,6147.222233614663,6.601619e+06
2023-01-17,28160.468953192947,6114.21169656372,6.566168e+06
2023-01-18,28172.964957297427,6116.924833712925,6.569082e+06
2023-01-19,28714.468186490292,6234.496220154011,6.6953445e+06
2023-01-20,29389.271804407897,6381.009837537769,6.852688e+06
2023-01-23,29685.010573083877,6445.220751126303,6.9216455e+06
2023-01-24,29545.478321918778,6414.925455847678,6.8891105e+06
2023-01-25,29982.848148775476,6509.887358489859,6.991092e+06
2023-01-26,30393.133634969123,6598.968698817861,7.0867585e+06
2023-01-27,29782.90885588956,6466.476463408613,6.9444725e+06
2023-01-30,30051.582640361175,6524.8110173646155,7.007119e+06
2023-01-31,30289.00672847263,6576.360625398128,7.0624795e+06
2023-02-01,31411.59675398345,6820.097797383178,7.324233e+06
2023-02-02,32178.037710695273,6986.507748511552,7.502944e+06
2023-02-03,31601.11626894767,6861.246346331257,7.3684235e+06
2023-02-06,32209.27129303741,6993.289195752338,7.510227e+06
2023-02-07,31640.683739222346,6869.83725047987,7.3776495e+06
2023-02-08,31422.00043883815,6822.356649383536,7.3266595e+06
2023-02-09,31499.17860269614,6839.113601583594,7.344655e+06
2023-02-10,32091.576365177178,6967.7352283896,7.4827845e+06
2023-02-13,31955.99310749147,6938.297340072539,7.4511705e+06
2023-02-14,32400.28901815939,7034.763036657936,7.554767e+06
2023-02-15,32062.38026282378,6961.396159576508,7.4759765e+06
2023-02-16,31820.413064892018,6908.860149816223,7.419557e+06
2023-02-17,30971.450011692785,6724.532969809066,7.221605e+06
2023-02-21,31061.150013533228,6744.008668219709,7.24252e+06
2023-02-22,30958.941092843812,6715.073019937422,7.266352e+06
2023-02-23,31516.372986797247,6835.981414714677,7.135517e+06
2023-02-24,31256.436907229247,6779.600618304982,7.194368e+06
2023-02-27,31364.206196258394,6802.9760510424,7.1695625e+06
2023-02-28,30917.39320522796,6699.258201448751,7.0674255e+06
2023-03-01,30789.72905451761,6664.896355298823,7.096608e+06
2023-03-02,29709.315988210154,6431.024823168752,7.3456285e+06
2023-03-03,29158.52229773393,6311.797308900062,7.4818125e+06
2023-03-06,29581.215629423714,6403.295588758261,7.373353e+06
2023-03-07,29333.411258681084,6349.654634514548,7.4351195e+06
2023-03-08,29770.910419191965,6444.357856981114,7.324227e+06
2023-03-09,29357.731453676977,6348.47474581549,7.222577e+06
2023-03-10,29747.1870442386,6432.69273061443,7.3183905e+06
2023-03-13,30166.299912163624,6523.323965587971,7.4215005e+06
2023-03-14,30087.215892997,6499.699085282136,7.440957e+06
2023-03-15,29524.771802230294,6378.195076560291,7.580057e+06
2023-03-16,29685.795551878542,6412.980811538882,7.538716e+06
2023-03-17,30145.448629655853,6505.866040963929,7.655445e+06
2023-03-20,30505.507879788358,6583.572539113953,7.746882e+06
2023-03-21,30783.219097834495,6636.923453033392,7.6763575e+06
2023-03-22,30568.672087793646,6590.666689626265,7.7298585e+06
2023-03-23,30314.783148165676,6535.927727709147,7.794059e+06
2023-03-24,29942.112458495794,6449.043255774048,7.6982435e+06
2023-03-27,29822.93737022929,6423.374883166513,7.6676035e+06
2023-03-28,30413.158167626454,6550.4988280166945,7.819352e+06
2023-03-29,30713.93785414216,6615.281872682855,7.8966845e+06
2023-03-30,30233.44234819156,6505.1756862731,8.0202215e+06
2023-03-31,30000.592963938445,6455.074671126949,8.0819915e+06
2023-04-03,29903.095128037567,6427.64148406418,8.055726e+06
2023-04-04,29565.48587533397,6355.072700505488,7.964776e+06
2023-04-05,29402.990414729185,6313.789385123638,8.008551e+06
2023-04-06,29872.631232224983,6414.636719578447,7.8806345e+06
2023-04-10,30099.39665206111,6463.330715681551,7.820812e+06
2023-04-11,29968.367213128473,6428.731053626687,7.786767e+06
2023-04-12,30990.39682120038,6647.974011790234,8.052324e+06
2023-04-13,30924.87920331308,6633.919354034731,8.0353005e+06
2023-04-14,30921.13550509831,6626.482346918274,8.036274e+06
2023-04-17,30689.082415886187,6576.752746950689,8.0965835e+06
2023-04-18,30475.234473927005,6530.924558911355,8.153003e+06
2023-04-19,30653.398720130215,6569.105635156855,8.105339e+06
2023-04-20,30953.21836315599,6633.357789526865,8.026061e+06
2023-04-21,30895.068090906425,6620.89603007865,8.041139e+06
2023-04-24,31186.58618890776,6683.369141064324,7.965265e+06
2023-04-25,31188.49047691863,6683.777235097138,7.964779e+06
2023-04-26,30302.888441739695,6493.990341548532,8.19094e+06
2023-04-27,30531.402930019463,6536.467619495345,8.2527085e+06
2023-04-28,30515.2171486436,6533.002405790554,8.2483335e+06
2023-05-01,30704.148747813746,6566.917766766747,8.197265e+06
2023-05-02,30505.573175787027,6517.880059052385,8.1442495e+06
2023-05-03,30203.16244268242,6453.266394015256,8.063514e+06
2023-05-04,31620.495372709956,6756.09650274428,8.441908e+06
2023-05-05,31633.247751478295,6752.06510427624,8.438503e+06
2023-05-08,31948.659514321625,6819.389230275069,8.354364e+06
2023-05-09,31615.728976799186,6748.325750413183,8.441423e+06
2023-05-10,31581.12142600246,6740.9388251782275,8.450663e+06
2023-05-11,31410.026475069404,6697.677948318581,8.404881e+06
2023-05-12,31501.03101721707,6710.385510783641,8.380529e+06
2023-05-15,31501.03101721707,6710.385510783641,8.380529e+06
2023-05-16,31387.528344372022,6686.207042120875,8.410725e+06
2023-05-17,30958.586345968568,6594.833329003995,8.525666e+06
2023-05-18,30939.129056062266,6590.688514943939,8.531024e+06
2023-05-19,31108.70296650681,6626.811342512093,8.484267e+06
2023-05-22,31580.146339669045,6727.23874689431,8.35569e+06
2023-05-23,31528.6079572117,6716.259981954775,8.369326e+06
2023-05-24,31739.60907985248,6754.491421473636,8.425337e+06
2023-05-25,32187.29084384034,6849.762369102467,8.544175e+06
2023-05-26,32530.39100161103,6922.777353834572,8.635251e+06
2023-05-30,32539.566319382495,6917.8071715810975,8.632816e+06
2023-05-31,32018.19646245148,6806.965616413376,8.771136e+06
2023-06-01,31865.294223669778,6774.459092091174,8.813023e+06
2023-06-02,32106.557736943818,6825.7509392530665,8.746297e+06
2023-06-05,32172.708603767787,6839.814400837943,8.728276e+06
2023-06-06,32422.25033155281,6892.866169787048,8.660577e+06
2023-06-07,31920.82945966062,6786.265704694492,8.794516e+06
2023-06-08,31851.891180422786,6771.609648193092,8.813509e+06
2023-06-09,31353.76326273016,6665.7092545751775,8.951342e+06
2023-06-12,31435.651900440855,6683.118515647247,8.927963e+06
2023-06-13,31325.894338766935,6659.784410950503,8.959135e+06
2023-06-14,30975.08876746542,6585.20427447417,9.059466e+06
2023-06-15,31156.603448585087,6623.793712036801,9.006377e+06
2023-06-16,31141.431948730136,6620.568299950172,9.010764e+06
2023-06-20,31318.176357427485,6658.143592934181,8.959622e+06
2023-06-21,30800.63053237529,6548.11501464808,9.107684e+06
2023-06-22,30853.34096710324,6559.32108358579,9.092097e+06
2023-06-23,30620.307679724778,6503.219634902193,9.023425e+06
2023-06-26,31081.42291038559,6601.152472591199,9.159309e+06
2023-06-27,31278.097680022558,6642.922765593182,9.217267e+06
2023-06-28,31334.28974199397,6654.856980120362,9.233826e+06
2023-06-29,30610.387109641364,6494.457821753287,9.44715e+06
2023-06-30,30372.092019523385,6437.405446896414,9.373606e+06
2023-07-03,30550.416917489776,6468.764241617364,9.318571e+06
2023-07-05,30627.05806231582,6478.523520954542,9.341948e+06
2023-07-06,30807.486865169652,6510.210995642357,9.286913e+06
2023-07-07,31141.92627917711,6580.884438107056,9.186096e+06
2023-07-10,31229.437520299995,6599.377236519789,9.160283e+06
2023-07-11,30948.829951311964,6540.079492140914,9.242592e+06
2023-07-12,30823.253472673117,6513.542781256103,9.280094e+06
2023-07-13,30847.520101607588,6512.157241132376,9.2874e+06
2023-07-14,30313.684238128462,6392.948080291574,9.448124e+06
2023-07-17,30273.0513675687,6377.985938516407,9.43546e+06
2023-07-18,30487.136658407017,6423.089848196051,9.502186e+06
2023-07-19,30179.29694335531,6358.233572227119,9.406239e+06
2023-07-20,29993.348603505165,6319.057610661341,9.348283e+06
2023-07-21,29866.78062491019,6286.072962656643,9.387731e+06
2023-07-24,30001.590633303294,6308.160404720531,9.430105e+06
2023-07-25,29865.238044624202,6273.182631044313,9.472963e+06
2023-07-26,29668.69449427526,6225.62554555435,9.410622e+06
2023-07-27,30069.46028168328,6309.721518309504,9.537741e+06
2023-07-28,30164.65939159617,6329.697928484954,9.567937e+06
2023-07-31,30035.67880672726,6302.632874301482,9.527026e+06
2023-08-01,29570.426305757734,6205.005125438861,9.379453e+06
2023-08-02,29353.92766235449,6159.575439100314,9.310781e+06
2023-08-03,27944.343701207985,5863.790873358445,8.863675e+06
2023-08-04,27462.2004644013,5762.618802836125,8.710744e+06
2023-08-07,27608.074159837153,5793.228676988326,8.757014e+06
2023-08-08,27855.289910061492,5839.310757154368,8.6786e+06
2023-08-09,27820.902808427654,5826.262870463301,8.667886e+06
2023-08-10,27830.288578045685,5828.228441509388,8.670811e+06
2023-08-11,28091.705452086364,5882.974451637945,8.752258e+06
2023-08-14,27777.071926281344,5817.083792308032,8.65423e+06
2023-08-15,27639.320529653756,5788.235848262065,8.611312e+06
2023-08-16,27237.02525769991,5703.987036421293,8.485973e+06
2023-08-17,27313.725653641923,5720.049659266566,8.509871e+06
2023-08-18,27525.05287770329,5764.30587796461,8.575712e+06
2023-08-21,27742.629240434464,5809.870793395288,8.6435e+06
2023-08-22,27133.709301825977,5676.540703224802,8.833215e+06
2023-08-23,26423.614103307114,5522.30783162267,8.602048e+06
2023-08-24,26757.686505857862,5592.126087283015,8.710804e+06
2023-08-25,26994.391076814234,5641.595304509043,8.787862e+06
2023-08-28,27583.142487570443,5764.639280014688,8.979527e+06
2023-08-29,27054.311293349037,5648.353474552121,9.151685e+06
2023-08-30,27022.592728446343,5641.731326077029,9.162415e+06
2023-08-31,27251.29487015146,5683.837642103951,9.23996e+06
2023-09-01,27285.81691156417,5691.03794870952,9.251666e+06
2023-09-05,28262.4706308167,5889.048833889188,8.920517e+06
2023-09-06,27435.811693878404,5710.90892587909,8.659598e+06
2023-09-07,27340.013471688417,5685.2571116761055,8.689835e+06
2023-09-08,27158.950609926276,5647.6057431586905,8.747385e+06
2023-09-11,27622.299923983057,5743.957560456052,8.598149e+06
2023-09-12,27294.84230015683,5670.119972050884,8.49622e+06
2023-09-13,27055.126607721806,5614.652285185325,8.570837e+06
2023-09-14,27167.50969717784,5637.974740081929,8.535236e+06
2023-09-15,26708.015572762983,5542.6175912102335,8.679596e+06
2023-09-18,26542.937114648535,5508.359457603029,8.733244e+06
2023-09-19,27073.588147328952,5618.4835415326415,8.558647e+06
2023-09-20,27314.258659279873,5668.429019870055,8.482565e+06
2023-09-21,27179.203013494367,5640.401411600784,8.524508e+06
2023-09-22,26978.613032114572,5598.773700384755,8.587421e+06
2023-09-25,27609.867233012727,5729.775594886851,8.386489e+06
2023-09-26,27855.52482128523,5780.756023083172,8.3118705e+06
2023-09-27,27898.019954292642,5783.794127866352,8.3245505e+06
2023-09-28,27983.007700412916,5801.413716201165,8.3499105e+06
2023-09-29,27567.863908834894,5709.54503936439,8.473787e+06
2023-10-02,27782.060935988153,5753.907111735094,8.407947e+06
2023-10-03,27579.007945731337,5711.853066594609,8.469398e+06
2023-10-04,27380.497576570302,5670.739837899999,8.53036e+06
2023-10-05,27784.371444306842,5748.714898320316,8.656187e+06
2023-10-06,27549.55891978824,5694.38238656634,8.729342e+06
2023-10-09,27457.206745525982,5669.599183338348,8.700079e+06
2023-10-10,27674.233279878397,5714.4126806955655,8.768846e+06
2023-10-11,27814.292938656792,5743.333398465155,8.813226e+06
2023-10-12,28100.571141424614,5796.703239966921,8.722516e+06
2023-10-13,28120.99894173579,5800.917171977529,8.716175e+06
2023-10-16,28368.03893380534,5851.877613856945,8.639604e+06
2023-10-17,28577.8101382802,5895.150094494843,8.575718e+06
2023-10-18,28516.04990635211,5876.514785678416,8.557185e+06
2023-10-19,28096.74217441544,5790.104918443395,8.431358e+06
2023-10-20,28116.241708912843,5794.123332745661,8.437209e+06
2023-10-23,28044.726688568757,5773.591576541944,8.45867e+06
2023-10-24,28423.098104607565,5851.487219623264,8.344548e+06
2023-10-25,29122.466286105126,5995.466737998875,8.139225e+06
2023-10-26,29354.554757935675,6037.251521033094,8.2040895e+06
2023-10-27,28993.34056836185,5956.924574662106,8.305043e+06
2023-10-30,29075.070278773328,5967.759703396452,8.3284545e+06
2023-10-31,28530.244993904675,5849.964651471363,8.484518e+06
2023-11-01,27939.861342245786,5728.909837755289,8.660091e+06
2023-11-02,28084.620056568605,5758.591789731581,8.615223e+06
2023-11-03,28494.799559276205,5836.938174681805,8.74105e+06
2023-11-06,28906.56949259156,5921.2860444730895,8.867364e+06
2023-11-07,28736.454119370854,5880.5179466801565,8.919548e+06
2023-11-08,28811.87403601463,5895.951589659158,8.896139e+06
2023-11-09,28142.86283484118,5759.047698918562,9.102707e+06
2023-11-10,28384.43367812237,5808.481831376544,9.024572e+06
2023-11-13,27978.94210982487,5725.503589360472,9.153494e+06
2023-11-14,27893.857609741663,5708.092223029565,9.18133e+06
2023-11-15,27641.636376299266,5656.478635506531,9.264349e+06
2023-11-16,27644.549922690432,5657.074852484819,9.263373e+06
2023-11-17,27388.058861833502,5604.587503827717,9.34932e+06
2023-11-20,27503.93336039388,5628.299617560202,9.309765e+06
2023-11-21,27407.268427209463,5608.518475737892,9.342484e+06
2023-11-22,27599.241895971667,5647.803191369581,9.277045e+06
2023-11-24,27625.398964993718,5653.155873825732,9.268252e+06
2023-11-27,27536.6063331003,5634.985689598644,9.298041e+06
2023-11-28,27685.567813212365,5665.468596554536,9.247742e+06
2023-11-29,27600.770695273968,5648.116039005435,9.276067e+06
2023-11-30,27413.32713254404,5609.7583060003735,9.339062e+06
2023-12-01,27672.78287788625,5662.852336339547,9.250672e+06
2023-12-04,27089.903733802563,5543.5741799848565,9.445521e+06
2023-12-05,27243.96601569182,5575.1008954868075,9.391804e+06
2023-12-06,27520.201585541487,5626.053583972175,9.487031e+06
2023-12-07,27724.194534630027,5667.756594713477,9.557352e+06
2023-12-08,28082.59687948585,5735.358315833619,9.433801e+06
2023-12-11,27860.178690926994,5689.93345670047,9.508517e+06
2023-12-12,27395.151028299686,5594.96003656458,9.667229e+06
2023-12-13,27374.39576486775,5590.721152488705,9.674552e+06
2023-12-14,27449.010529160085,5605.959857466898,9.648182e+06
2023-12-15,27682.414994404044,5653.62846327406,9.566142e+06
2023-12-18,27534.035888181363,5623.324736577336,9.617416e+06
2023-12-19,27829.03298688482,5683.5725146035775,9.514376e+06
2023-12-20,27850.464498957463,5687.949510132667,9.507049e+06
2023-12-21,28004.962038767677,5719.502815317689,9.454309e+06
2023-12-22,28084.521148997126,5735.751312791515,9.427451e+06
2023-12-26,28069.976084358266,5732.780748573797,9.432333e+06
2023-12-27,28132.469672741634,5739.811143658248,9.453333e+06
2023-12-28,27979.87435348105,5708.677427914456,9.402056e+06
