date,gross_value,net_value,benchmark_value
2012-08-08,98899.92838725448,98799.92838725448,101100.08
2012-08-09,97117.6599078756,97019.4620006662,102921.984
2012-08-10,93127.85534528465,93033.69162154502,107150.24
2012-08-13,98356.41655181455,98256.9661091745,101134.42
2012-08-14,98423.26340203513,98323.74536900212,101065.68
2012-08-15,95410.30926242647,95313.83769685683,104159.53
2012-08-16,96323.45609699088,96226.06122758325,103162.66
2012-08-17,97928.35031160623,97829.33269662055,101443.81
2012-08-20,99255.70576657982,99155.34603186096,100068.805
2012-08-21,102119.833766867,101917.42270019698,102956.4
2012-08-22,104779.37784874268,104571.69531682826,105637.74
2012-08-23,100585.48064194816,100386.11080675309,101409.49
2012-08-24,96562.04277069491,96370.64776586491,97353.09
2012-08-27,95300.44411769003,95015.17907168198,98625.03
2012-08-28,94370.34401928145,93992.84788455743,97662.484
2012-08-29,94370.34401928145,93898.85503667287,97662.484
2012-08-30,94735.71374981613,94168.50046791385,98040.6
2012-08-31,93473.47663337008,92913.82077230752,96734.336
2012-09-04,92809.1431930813,92253.46491065333,96046.82
2012-09-05,94835.36437841927,94267.55445605422,98143.73
2012-09-06,92177.94745000397,91531.78078567043,100893.84
2012-09-07,85959.4712893474,85265.36431170092,94087.375
2012-09-10,84609.0243032232,83840.55657319375,95565.51
2012-09-11,86069.89740149153,85204.32062677038,97215.555
2012-09-12,89722.08798600858,88819.78232648272,101340.69
2012-09-13,86952.49448456532,85989.22193765818,104468.93
2012-09-14,93104.10278593554,91986.69259384928,111859.77
2012-09-17,96537.56406718235,95286.959711349,107734.66
2012-09-18,97430.85041378794,96168.67390149027,106737.76
2012-09-19,97901.5304358854,96633.25645788589,106222.12
2012-09-20,95113.38303155646,93784.59509762474,103197.0
2012-09-21,93085.637428463,91691.39365617212,105397.08
2012-09-24,102193.81828784873,100663.15148843019,95084.26
2012-09-25,102637.1763270273,101099.86887710568,94671.74
2012-09-26,106177.6579388106,104486.22101657887,97937.46
2012-09-27,103233.43442742524,101484.41350872334,100653.195
2012-09-28,103656.52311509004,101900.33406360932,100240.68
2012-10-01,101381.46333113682,99663.81922563704,102440.77
2012-10-02,99680.39754918253,97891.90974124608,100721.93
2012-10-03,100020.6216603323,98226.02947591143,101065.72
2012-10-04,98285.56816741641,96522.10669770467,99312.53
2012-10-05,97060.8233607419,95222.8144273759,100550.07
2012-10-08,99980.96360742372,98087.65693729596,97524.95
2012-10-09,99875.23956773964,97983.93495902742,97628.08
2012-10-10,100156.55793684594,98259.92609457405,97353.086
2012-10-11,97751.6851063852,95802.33362495372,95015.53
2012-10-12,96655.32317218068,94727.83519886472,93949.85
2012-10-15,99237.05759697953,97258.08500915112,96459.32
2012-10-16,101924.8380982242,99892.2661387209,99071.875
2012-10-17,99166.29270958231,97188.7313060003,96390.54
2012-10-18,100227.27215721796,98131.36410719258,95359.26
2012-10-19,99829.7957722473,97742.19957125286,95737.43
2012-10-22,101765.45460685917,99539.63857135196,97593.74
2012-10-23,98288.41544937002,96138.64928307162,94259.234
2012-10-24,98646.88955476083,96489.28283574071,94603.02
2012-10-25,98145.018132354,95998.38835500895,94121.73
2012-10-26,100833.42968189073,98627.99891397262,96699.93
2012-10-31,104848.15111928494,102554.91028469965,100550.08
2012-11-01,106031.05730913894,103609.38901669328,99415.664
2012-11-02,96571.85882484636,94366.23139460369,108284.7
2012-11-05,97644.85656985249,95414.72269137767,107081.555
2012-11-06,96422.33583930883,94220.12339975151,108422.22
2012-11-07,97125.51541199585,94907.24288855096,107631.53
2012-11-08,94054.47576538529,91811.43619689367,104228.3
2012-11-09,96381.01938719302,94082.49570314954,106806.51
2012-11-12,98056.13291276911,95717.66061502058,108662.82
2012-11-13,98769.58851290215,96318.38384972591,107872.19
2012-11-14,100532.19190086398,98037.24399942023,105947.14
2012-11-15,103859.3477047403,101183.7911935117,109453.51
2012-11-16,100336.47990092251,97650.49341218214,113166.13
2012-11-19,100092.66656562692,97413.20690865327,113441.125
2012-11-20,101700.20739451578,98977.71420725725,111619.195
2012-11-21,100635.27143292634,97842.30864343567,110450.4
2012-11-23,101073.75996476089,98268.62766317376,110931.66
2012-11-26,100697.89824162722,97903.19735033748,110519.13
2012-11-27,97315.1988640279,94516.47591025378,114231.75
2012-11-28,98662.34249067144,95730.36007084855,115813.06
2012-11-29,99043.06632453017,96099.76980492512,116259.97
2012-11-30,96700.25118751464,93730.47713310557,119010.03
2012-12-03,98711.35218421221,95679.81494421215,116534.945
2012-12-04,99264.61359984476,96216.08507618956,115881.79
2012-12-05,98705.11533462393,95673.76963532683,116534.945
2012-12-06,97918.96288568096,94911.76081700539,117463.1
2012-12-07,96772.6973144311,93800.69835754848,118838.16
2012-12-10,94785.1900739377,91874.22971171522,121278.836
2012-12-11,94731.47047841547,91730.28567600132,121210.1
2012-12-12,90298.49372997321,87437.74992757406,115538.05
2012-12-13,90835.80501669938,87958.03867195242,116225.54
2012-12-14,92420.92222954177,89492.93783513083,118253.72
2012-12-17,92931.3977487,89987.24099506815,118906.87
2012-12-18,92985.11734694705,90039.25870437548,118975.6
2012-12-19,92501.51606010894,89570.97837503077,118356.82
2012-12-20,91346.2804463852,88452.3417452519,116878.69
2012-12-21,92098.51817855965,89180.74785697117,117841.19
2012-12-24,93952.31030959437,90886.62930866577,115469.23
2012-12-26,93672.58730208542,90616.03371384967,115813.01
2012-12-27,94979.3728104583,91880.17857302398,114197.35
2012-12-28,93120.97902729329,90082.42451755186,116431.77
2012-12-31,89024.43719712895,86119.55359358303,121553.79
2013-01-02,90509.8389227812,87556.48639032792,119525.625
2013-01-03,91473.00041722783,88488.21974974922,118253.69
2013-01-04,91632.54431366174,88642.55769977797,118047.43
2013-01-07,93393.68837448278,90346.23530906242,115778.6
2013-01-08,93504.57939388254,90453.50793429786,115641.13
2013-01-09,93810.35909152222,90749.3099846989,115262.96
2013-01-10,95544.98197262146,92427.33180518729,113131.664
2013-01-11,94528.8661879233,91444.37206365218,114334.81
2013-01-14,92709.89950265754,89684.75859269235,116534.89
2013-01-15,93256.85024166542,90124.17747085434,117222.39
2013-01-16,94022.60871877384,90864.21268233629,118184.94
2013-01-17,93639.75392814844,90403.35449058993,118666.19
2013-01-18,91822.28224617556,88648.69869698245,120969.41
2013-01-22,89708.72031463156,86608.18619540325,123753.88
2013-01-23,87241.73118772889,84226.46173321655,127157.12
2013-01-24,87265.33156840719,84249.246431927,127122.71
2013-01-25,84787.54569817569,81857.09838602126,130732.2
2013-01-28,84965.89208172956,82029.28071946595,130457.21
2013-01-29,85928.62528460036,82958.73970849505,128979.016
2013-01-30,85951.50114183189,82980.82492491034,128944.68
2013-01-31,84141.29727326379,81233.18575281286,131660.36
2013-02-01,85371.55122168727,82420.91937178539,129735.31
2013-02-04,84489.33250475314,81569.1921078882,131075.98
2013-02-05,82184.89306214027,79344.39924915766,134651.1
2013-02-06,81534.45072726371,78716.4376568979,135716.77
2013-02-07,82030.10187681476,79194.95799358006,134891.75
2013-02-08,80315.90484940264,77460.81249337591,132072.89
2013-02-11,79207.96792057299,76392.26081784564,130250.98
2013-02-12,78037.3139274583,75186.82930103847,132176.02
2013-02-13,77671.98710075673,74759.66001134887,131557.25
2013-02-14,80168.37010300565,77087.68096082732,127328.99
2013-02-15,85016.58627092844,81672.50346591312,135029.27
2013-02-19,83414.93459134751,80133.85191461588,132485.4
2013-02-20,76099.36511889863,73106.0365282197,120866.31
2013-02-21,74043.22803401551,71057.6704799997,124132.016
2013-02-22,70495.89330092532,67582.31306139984,118184.97
2013-02-25,70393.38349814712,67416.45765385269,118356.82
2013-02-26,69023.53349310787,66104.53840423615,120660.04
2013-02-27,69554.48044065814,66613.03168339367,119731.89
2013-02-28,69913.93762333505,66957.28747463503,119113.11
2013-03-01,68037.45851262564,65160.16438978132,122310.09
2013-03-04,65991.37447794949,63200.608948273104,125988.32
2013-03-05,64118.748782727955,61407.17631853253,129563.46
2013-03-06,63200.09308149739,60527.37043191663,131419.77
2013-03-07,62803.33526773241,60147.39144779483,132244.8
2013-03-08,61774.841652218216,59162.3926761504,134410.48
2013-03-11,61743.251213929296,59132.13819285471,134479.22
2013-03-12,61964.209034641506,59343.75173979729,133997.95
2013-03-13,65350.14317209958,62586.49522012291,126675.86
2013-03-14,62583.62837090501,59874.38942812967,121313.19
2013-03-15,62831.92572902124,60052.06362929651,120831.88
2013-03-18,62706.81358252771,59872.43473438512,120591.28
2013-03-19,64261.973322581514,61357.300488492874,123582.016
2013-03-20,64369.2241783155,61459.70355274185,123788.26
2013-03-21,63278.84156312795,60357.14706506683,125885.18
2013-03-22,64851.318517281434,61796.662868166095,129013.42
2013-03-25,65421.54964662457,62340.034717229755,130147.81
2013-03-26,65939.94493595275,62834.01232107018,131179.11
2013-03-27,65473.3916318706,62389.43481822866,130250.95
2013-03-28,75910.43668784726,72334.86953583088,151014.12
2013-04-01,76618.90289424884,73009.9652518697,152423.53
2013-04-02,82217.57948911797,78271.9205263581,141285.69
2013-04-03,84037.97991810755,79926.68719185433,144413.92
2013-04-04,82757.69163707565,78709.03297107045,142213.83
2013-04-05,81837.48291607572,77755.13352221542,143795.16
2013-04-08,84439.54247583545,80227.39294775711,139223.12
2013-04-09,81604.03106141706,77533.32708972033,143898.3
2013-04-10,84976.5668573319,80660.09528530485,149845.34
2013-04-11,84664.64245243782,80283.35530410454,150395.38
2013-04-12,85535.47785870284,81109.1260899653,148848.45
2013-04-15,81011.79457471699,76819.53764015289,156720.55
2013-04-16,80763.02490594053,76506.82194646998,156239.3
2013-04-17,78062.04448554614,73871.67608958542,161464.45
2013-04-18,76632.74741123593,72519.10364282117,164420.81
2013-04-19,72851.58984850714,68940.91851382026,172533.56
2013-04-22,71661.33948259582,67814.5607547381,175352.4
2013-04-23,72476.15797511108,68585.63981303816,173358.58
2013-04-24,70219.80514689143,66450.40794243394,178755.62
2013-04-25,71300.12318351222,67472.73453663124,176005.5
2013-04-26,66091.85531730391,62544.04634589888,188862.2
2013-04-29,67234.70031459417,63625.54345524069,185596.44
2013-04-30,68118.86974912851,64462.2506989041,183155.75
2013-05-01,67057.71704984567,63458.06064726478,186008.94
2013-05-02,66512.41790350691,62942.03314406862,187521.5
2013-05-03,60476.920859278085,57230.52141478673,204537.66
2013-05-06,64532.432051408214,61068.332877926114,190821.6
2013-05-07,64206.93282370236,60760.3064397901,191784.1
2013-05-08,48543.60312338885,45937.78384598096,238569.97
2013-05-09,43395.47120756044,41066.00350946992,263870.72
2013-05-10,37154.12038360004,35159.68822567744,301821.9
2013-05-13,35224.47635305794,33298.467745272515,286146.4
2013-05-14,35901.5470216156,33938.51745367025,291646.56
2013-05-15,39037.219337268754,36902.73706096771,317119.25
2013-05-16,38719.842382366216,36602.7136854606,314541.03
2013-05-17,38059.70022973717,35978.6668733437,309178.34
2013-05-20,37065.255624241625,35038.59664238684,301099.97
2013-05-21,36917.14858712581,34898.58782156527,299896.8
2013-05-22,39240.34017547682,37094.751630940926,318769.28
2013-05-23,41081.11940841368,38834.88049189969,333722.88
2013-05-24,46688.08743633441,44135.26997548344,379271.16
2013-05-28,44276.03398559234,41855.103104459515,359676.8
2013-05-29,44411.44993177618,41983.114759508775,360776.84
2013-05-30,41368.870980150474,39106.89834488609,336060.44
2013-05-31,39181.0982867585,37038.74897810135,318288.06
2013-06-03,40133.226185053114,37938.81630040763,326022.7
2013-06-04,40357.50090127532,38150.82809383651,327844.6
2013-06-05,41195.37274950503,38942.88667359527,334651.06
2013-06-06,43180.03363400241,40819.03000601425,350773.47
2013-06-07,42337.92741101941,40022.96857920873,343932.6
2013-06-10,39976.65041208106,37790.80179839648,324750.75
2013-06-11,41356.176918667654,39094.8983709871,335957.38
2013-06-12,41546.60067542375,39274.91011221846,337504.28
2013-06-13,42443.720788193044,40122.97737202004,344792.03
2013-06-14,43247.735615383004,40883.03016944315,351323.47
2013-06-17,43751.308027850966,41359.06818249704,355414.22
2013-06-18,43205.4219282493,40801.67104754564,359848.75
2013-06-19,44868.756786166276,42372.46560725045,345995.2
2013-06-20,44378.388332674054,41867.00653263589,342213.8
2013-06-21,45243.21871400554,42682.89599111288,348882.75
2013-06-24,45648.89005147676,43065.61030711488,352011.0
2013-06-25,47128.910651961145,44461.87624819445,363423.8
2013-06-26,48702.546580548624,45946.45980738727,375558.56
2013-06-27,47860.00411612195,45151.596988175705,369061.5
2013-06-28,52237.66292101613,49281.52321281093,402818.8
2013-07-01,51952.352523165944,48963.077063765406,405018.94
2013-07-02,50814.70718762473,47841.92738628736,396149.9
2013-07-03,52953.2954084118,49855.403169790094,412822.25
2013-07-05,53623.53640081118,50486.43348885278,418047.44
2013-07-08,54434.87644780582,51250.30823618888,424372.62
2013-07-09,53914.55912108185,50760.43069599088,420316.22
2013-07-10,55387.321872585126,52147.033365066345,431797.84
2013-07-11,53495.658474522344,50313.889688440926,446545.16
2013-07-12,54582.86593288124,51336.43315623228,437469.9
2013-07-15,46772.44532814557,43939.21760067675,374871.1
2013-07-16,51576.222305045,48452.0071375986,413372.3
2013-07-17,51052.946119236876,47960.42825964673,409178.4
2013-07-18,51331.74083286749,48222.33506187164,411412.84
2013-07-19,52511.235854554914,49330.38250419025,420866.25
2013-07-22,52644.2000476989,49455.292428712324,421931.94
2013-07-23,52198.13095729419,49036.24384806363,418356.8
2013-07-24,53214.64347119232,49991.18140218598,426503.94
2013-07-25,55496.44171800397,52134.76036163729,444792.03
2013-07-26,57739.62874583114,54242.06696584005,462770.7
2013-07-29,56504.376628047095,53081.6398978469,452870.4
2013-07-30,57593.79825074454,54105.070111998655,461601.88
2013-07-31,58138.51518248166,54616.79096872212,465967.7
2013-08-01,59189.33790182015,55603.960397235285,474389.84
2013-08-02,62054.44603729006,58295.51541281464,497353.03
2013-08-05,60969.31318993317,57276.114182642814,488655.9
2013-08-06,57572.35440115721,54084.925217571945,461430.03
2013-08-07,65828.84075974507,61841.277235983616,527603.94
2013-08-08,65622.96130884548,61647.86887494712,525953.9
2013-08-09,63212.49360180089,59383.41457164599,506634.47
2013-08-12,62376.121803241746,58597.705759670636,499931.16
2013-08-13,64979.59030268555,60984.872180866536,479064.9
2013-08-14,65124.13064232671,61059.54181338375,480130.53
2013-08-15,66210.5510949148,62078.15556526704,488140.2
2013-08-16,67562.7337067374,63345.94447717386,498109.25
2013-08-19,69744.88611600634,65391.90232663394,514197.3
2013-08-20,68942.89728550275,64639.967981453236,508284.62
2013-08-21,73251.24689750496,68679.4208031044,540048.1
2013-08-22,75461.37353729497,70751.6069289553,556342.4
2013-08-23,74351.64787340339,69640.39090572696,564523.9
2013-08-26,75614.83725119971,70753.89849571712,574114.8
2013-08-27,75868.37537894634,70920.38389584985,572189.8
2013-08-28,75690.61214316588,70683.29365710805,570849.1
2013-08-29,74350.55137475187,69361.20142210141,580955.75
2013-08-30,74376.95239844182,69385.83078513973,580749.44
2013-09-03,73637.31824648949,68695.83034205422,586524.7
2013-09-04,73339.52035461702,68349.32057248348,584152.7
2013-09-05,72062.02381438688,67158.74801165638,573977.4
2013-09-06,69355.97411685434,64636.82453346337,552423.5
2013-09-09,71803.07201144182,66917.41592076278,571914.8
2013-09-10,70573.0465651233,65771.084404873,562117.56
2013-09-11,71181.58284515182,66338.2143926687,566964.56
2013-09-12,71444.85632292417,66583.5741010972,569061.56
2013-09-13,70996.0078729089,66098.68281990699,572636.6
2013-09-16,70846.83731419116,65893.70340643525,571433.44
2013-09-17,70842.57564627651,65889.73968565065,571399.06
2013-09-18,75829.0864383578,70527.6272134906,611619.06
2013-09-19,78160.38938612622,72695.9411540203,630422.8
2013-09-20,77188.66203582668,71792.15043816101,622585.06
2013-09-23,77708.6159752118,72275.75269855419,626778.9
2013-09-24,78948.85275874192,73429.28047574002,636782.4
2013-09-25,80397.92960071642,74777.04762044323,648470.25
2013-09-26,79434.71950377639,73806.40164130823,656239.25
2013-09-27,78406.94566128009,72851.45033677059,664730.1
2013-09-30,78556.9668106729,72990.84179274784,663458.25
2013-10-01,83461.6948270974,77548.04710779141,622035.0
2013-10-02,79937.8124034322,74196.30003131063,595771.75
2013-10-03,83475.53768579941,77479.92912481332,622138.2
2013-10-04,84439.53569499742,78374.6882302923,629322.9
2013-10-07,80592.7810392872,74804.22571698914,600653.25
2013-10-08,77848.38676594984,72256.94684124137,580199.44
2013-10-09,79762.54653767291,74033.62259030818,594465.56
2013-10-10,82423.90353919589,76503.82832447147,614300.5
2013-10-11,82894.36906079257,76940.50278359483,617806.8
2013-10-14,84840.81345694674,78747.14432242581,632313.56
2013-10-15,84665.54109572731,78584.46085249796,631007.25
2013-10-16,84315.00294018173,78259.1000078701,628394.7
2013-10-17,84591.74773517365,78515.96768067675,630457.3
2013-10-18,79610.33477699719,73892.34339934916,593331.1
2013-10-21,79121.41434987927,73438.53955344457,589687.2
2013-10-22,75874.27654938652,70424.62657228291,565486.5
2013-10-23,79864.01247465024,74127.8007630224,595221.7
2013-10-24,78254.28312371549,72633.68979976026,583224.5
2013-10-25,81390.73080261427,75472.22925842772,559848.75
2013-10-28,82195.34860103817,76142.86531876473,565383.3
2013-10-29,79571.6114523244,73712.32797393219,547335.94
2013-10-30,79931.44035398806,74045.66074839563,549811.0
2013-10-31,81045.8933657868,75078.0506223454,557476.8
2013-11-01,87557.75853503644,81110.41231914668,602268.9
2013-11-04,88362.36203637319,81855.76855985877,607803.4
2013-11-05,75543.55372590855,69980.87768898481,519628.75
2013-11-06,69851.29787542412,64707.77309170214,480474.44
2013-11-07,68941.73831819973,63865.1892710374,474218.0
2013-11-08,72315.10923195673,66990.16083607306,497421.84
2013-11-11,68866.77987510397,63795.750419152384,473702.38
2013-11-12,68417.00088881253,63315.295315627605,476796.2
2013-11-13,67874.39727737229,62749.83716910023,473014.84
2013-11-14,66813.85906135786,61769.370262048964,465623.94
2013-11-15,59972.16088607912,55444.22464485179,417944.34
2013-11-18,62196.824342424385,57500.92459713633,433447.97
2013-11-19,59740.325160586515,55229.892663895975,416328.72
2013-11-20,60228.6655751373,55681.36306695425,419731.94
2013-11-21,59873.506363453176,55353.01860134948,417256.84
2013-11-22,59607.13696116815,55106.76025813487,415400.5
2013-11-25,59439.42210136862,54951.707976782716,414231.7
2013-11-26,62616.11154171578,57888.55534654991,436369.94
2013-11-27,62783.819350744794,58043.6011094692,437538.72
2013-11-29,61249.7378581662,56625.34374402915,426847.75
2013-12-02,51122.83815204252,47206.40605458246,497421.78
2013-12-03,53154.32547069533,49082.2646478368,477655.56
2013-12-04,52569.03904570838,48541.81600228238,482915.06
2013-12-05,53736.570382048434,49619.90478484962,472189.75
2013-12-06,52077.843771404056,48088.250347301706,486765.16
2013-12-09,51860.85269587164,47887.88258228562,488793.38
2013-12-10,50934.4449062213,46984.55740648618,480061.9
2013-12-11,48082.26523321301,44306.57530259024,506943.94
2013-12-12,48140.95424373386,44316.349146574554,507562.7
2013-12-13,48046.39790840063,44184.988582445614,508559.66
2013-12-16,49514.351720067825,45490.780391951754,524097.62
2013-12-17,48059.38307781726,44154.043533192256,508697.12
2013-12-18,50417.2058680253,46276.113928159015,483740.12
2013-12-19,51320.068335799144,47058.54233485679,492402.88
2013-12-20,51431.13743558243,47160.38845672955,493468.56
2013-12-23,54247.22170070481,49742.63015878012,520488.22
2013-12-24,55712.589578691266,51086.31652862585,534548.06
2013-12-26,57281.8563651114,52474.18791223582,519491.38
2013-12-27,57782.20245307234,52880.06574548478,524029.06
2013-12-30,57020.31537440141,52182.81577749552,517119.47
2013-12-31,56895.227489095654,52068.340120318826,515985.0
2014-01-02,56690.53969983949,51881.017669916306,514128.7
2014-01-03,55720.17463774275,50992.97661051794,505328.4
2014-01-06,56614.724627183256,51811.634609798166,513441.1
2014-01-07,57342.49978640037,52477.666651387226,520041.28
2014-01-08,55921.066790078214,51176.825438915905,507150.22
2014-01-09,55234.99478488565,50548.95853179717,500928.22
2014-01-10,52816.65985025723,48335.79072391355,478996.22
2014-01-13,61129.1991881654,55943.10937981813,554382.94
2014-01-14,62213.28151394674,56935.22013757945,564214.5
2014-01-15,59620.591359192375,54505.553868423296,587727.75
2014-01-16,59285.819842039986,54144.997895634464,584427.6
2014-01-17,61611.785658303386,56269.27338954598,607356.5
2014-01-21,62267.37591216357,56868.01577027438,613819.2
2014-01-22,63292.612134291114,57804.351191417714,623925.75
2014-01-23,60886.44654400017,55606.83024678084,600206.25
2014-01-24,59149.81906321107,54020.79008501268,583086.94
2014-01-27,62204.605932404214,56810.68873269549,613200.4
2014-01-28,61106.1389019249,55807.47253003194,602371.9
2014-01-29,63759.89250044822,58231.11250651225,628532.0
2014-01-30,63261.224647603056,57775.68539232438,623616.25
2014-01-31,64760.72003997947,59087.380097677364,608834.56
2014-02-03,65353.07606496167,59568.7556027926,614403.44
2014-02-04,66929.03420454379,60945.65886824179,599587.4
2014-02-05,68448.57850742598,62268.412075184344,613200.3
2014-02-06,65321.23460392698,59361.16509481406,641216.8
2014-02-07,68833.65704405445,62493.744339532044,675696.0
2014-02-10,68812.64707300818,62412.17574408724,675902.2
2014-02-11,69267.6203737189,62824.83060929971,671433.25
2014-02-12,70796.1100636285,64148.32604404005,686249.4
2014-02-13,71292.60592558756,64534.052413142985,681436.75
2014-02-14,69325.34141695229,62753.28497923412,700240.44
2014-02-18,72749.06740978934,65852.44105301549,665658.06
2014-02-19,66614.00955491189,60298.98792805086,721794.25
2014-02-20,66731.39443035887,60405.24469347913,720522.3
2014-02-21,64168.47496631215,58085.290514835586,748195.0
2014-02-24,55220.565599629575,49985.64477232674,852526.4
2014-02-25,54107.245617995104,48977.86775092862,869714.4
2014-02-26,54205.621414748995,49066.9175021823,868133.06
2014-02-27,55864.801407303974,50568.806894669106,841560.4
2014-02-28,54552.67163415167,49381.0672903427,861326.6
2014-03-03,53620.822500212504,48537.55764344411,876039.44
2014-03-04,54079.512665941234,48952.76388835859,868545.44
2014-03-05,54019.579499391366,48898.51239816266,869508.06
2014-03-06,52582.27243326575,47548.56382124665,846373.0
2014-03-07,54156.258435001226,48924.32334956333,821037.9
2014-03-10,55160.7495561505,49831.77245762636,805809.2
2014-03-11,56826.797194689374,51287.03456977455,830147.44
2014-03-12,57697.46905489297,52021.54191387099,817428.4
2014-03-13,56042.65972654124,50477.50115093354,793983.9
2014-03-14,56773.010045505645,51135.32608725879,804331.1
2014-03-17,58243.40862721385,52459.71087667942,825163.0
2014-03-18,57224.31973012536,51541.81973399109,810725.0
2014-03-19,56998.66659765715,51338.57445067558,807528.1
2014-03-20,55537.966000820685,50022.92461503682,786833.7
2014-03-21,53422.145537721975,48117.20974742761,756857.75
2014-03-24,53487.65717829142,48176.215938932066,757785.9
2014-03-25,51672.706401827614,46541.49374061264,732072.56
2014-03-26,50304.212916557015,45308.894648869726,712684.44
2014-03-27,51529.54854507707,46412.55177186685,730044.4
2014-03-28,50578.39754585621,45555.85214532959,716568.94
2014-03-31,52645.696981966496,47417.86422995877,745857.4
2014-04-01,55877.665811906765,50328.89149256795,791646.3
2014-04-02,54691.15330963926,49260.20227454998,774836.4
2014-04-03,57886.725268862945,52089.186752964844,729563.1
2014-04-04,59171.40027892561,53245.19749990575,713372.06
2014-04-07,56907.42238797829,51207.96415118199,740666.7
2014-04-08,56519.166813304655,50858.59359958969,745719.94
2014-04-09,59838.45761201801,53845.44693251746,701924.9
2014-04-10,59718.30209126143,53683.479920044316,700515.44
2014-04-11,58050.835046874025,52184.518454966,680955.44
2014-04-14,59275.799332700466,53233.50967892314,666586.2
2014-04-15,60865.375561298315,54607.81864868859,684461.8
2014-04-16,60562.74530961401,54336.30175177994,681058.56
2014-04-17,62476.34386811943,56053.16363073138,702577.9
2014-04-21,58117.241293389445,52086.166343669545,751598.2
2014-04-22,60948.14444412411,54623.29455434316,714987.7
2014-04-23,60986.24029738726,54657.43703781122,714540.75
2014-04-24,63336.3804416464,56763.69307750973,687005.5
2014-04-25,63761.0491365367,57144.29208377262,682399.1
2014-04-28,61059.77074458886,54723.33691569655,711309.44
2014-04-29,60773.53850006655,54466.80821665098,714643.94
2014-04-30,60820.308721067006,54508.72489157817,714094.0
2014-05-01,61751.36572780815,55288.65340165002,725025.6
2014-05-02,60082.488531197276,53739.14722275995,744619.94
2014-05-05,62670.40848916922,56053.84182050386,712547.1
2014-05-06,64463.32800450386,57657.469901639335,692162.06
2014-05-07,57176.587911099006,51082.38600306797,613922.2
2014-05-08,58351.56080295889,52132.1236841351,626538.2
2014-05-09,59123.13022394935,52821.45490222878,634822.8
2014-05-12,60880.78531593452,54391.76924152875,653695.3
2014-05-13,61028.05994868705,54523.34651666141,655276.7
2014-05-14,61677.97449035445,55049.46616930518,648298.4
2014-05-15,62649.30667591147,55861.36019033392,658508.06
2014-05-16,61167.77929390486,54484.49243583124,674080.44
2014-05-19,61414.209704031586,54703.99747543706,671364.75
2014-05-20,60109.197199637296,53541.572670333495,685630.9
2014-05-21,58472.73444731504,52083.91238775223,704297.0
2014-05-22,57782.06770976093,51468.70897392327,712615.94
2014-05-23,56594.64871976038,50411.02923263349,727260.25
2014-05-27,56947.764567890204,50725.56309308244,722722.56
2014-05-28,56947.764567890204,50725.56309308244,722722.56
2014-05-29,57616.81602594257,51321.51294652216,714231.7
2014-05-30,58468.15731354423,52079.83535874786,703678.25
2014-06-02,58536.7113620221,52088.819249730914,704503.3
2014-06-03,58265.35943325437,51847.35707596386,701237.56
2014-06-04,57434.17939736666,51055.88520555335,711240.94
2014-06-05,57786.72591239208,51318.22414185685,715606.8
2014-06-06,56992.80527493397,50613.17299766,705775.2
2014-06-09,56157.24861254916,49871.14646117665,695428.06
2014-06-10,56759.62741106127,50406.09648148431,702887.7
2014-06-11,56495.91245634551,50171.90112014508,699621.94
2014-06-12,55690.88890109086,49406.81798991906,709590.94
2014-06-13,50783.33565280224,45053.02520803939,772121.06
2014-06-16,49187.09989490766,43636.906142327134,796390.56
2014-06-17,50153.13767827483,44493.93776591954,780749.44
2014-06-18,50005.18488896375,44362.679732930046,783052.7
2014-06-19,49610.04354043195,44012.12550274216,789240.44
2014-06-20,47961.344186600756,42549.46274942346,815469.4
2014-06-23,47007.05031174698,41660.30040772479,799243.8
2014-06-24,46119.47418150814,40832.02005829784,814334.94
2014-06-25,45868.326294048544,40568.83347413522,809900.4
2014-06-26,46541.94283422936,41164.622321298026,821794.5
2014-06-27,46736.629946224784,41336.815851436215,825232.1
2014-06-30,46802.82439890031,41354.025574001935,824063.3
2014-07-01,48811.838957878084,43129.150056712875,788690.3
2014-07-02,48773.54321301034,43052.183563868086,788071.56
2014-07-03,50175.58201387126,44246.70461862143,765417.75
2014-07-07,49366.589769772865,43489.058299555254,753076.7
2014-07-08,50265.72361416653,44281.14226485038,766792.75
2014-07-09,49454.47486250714,43566.479890542345,754417.3
2014-07-10,49754.186138949044,43786.941394658854,749845.25
2014-07-11,51708.95210706821,45463.47649103747,779305.6
2014-07-14,50084.924880979575,44035.60142094893,754829.9
2014-07-15,50636.91523942845,44476.88605252473,746510.8
2014-07-16,50226.521833617655,44071.94051113157,740460.6
2014-07-17,51303.80578420698,45017.217875573544,756342.44
2014-07-18,51425.059519641945,45123.61360475712,758130.0
2014-07-21,51201.20827867579,44927.19230750138,754829.8
2014-07-22,51879.756844215495,45522.59391849574,764833.3
2014-07-23,52124.59258014407,45737.4283445105,768442.75
2014-07-24,52131.5874108849,45743.56605329546,768545.94
2014-07-25,52423.05868277732,45999.321460729385,772842.9
2014-07-28,52467.36261056585,46038.196541038014,773496.0
2014-07-29,53379.088866051505,46838.203068014096,786937.06
2014-07-30,52068.63053316616,45688.32368993255,767617.7
2014-07-31,49743.84844487868,43602.723898039505,801890.56
2014-08-01,48624.309847299664,42621.3978870951,819938.0
2014-08-04,48630.4251565139,42626.75823108848,819834.9
2014-08-05,46501.60747725807,40760.75364158203,855723.56
2014-08-06,47147.9573723359,41286.5476861249,867617.8
2014-08-07,47943.75192638027,41942.12292493028,852973.56
2014-08-08,45781.615892545444,40050.64443883324,891440.4
2014-08-11,45894.60652707786,40109.440190275185,893640.44
2014-08-12,45956.395280327364,40163.440267635706,894843.56
2014-08-13,46145.297234066275,40328.53050783302,898521.8
2014-08-14,46256.520011932436,40425.7332881638,900687.5
2014-08-15,45891.070818459964,40106.35016937575,893571.7
2014-08-18,45329.65841191014,39615.70564605245,882640.06
2014-08-19,45515.029714801494,39738.09457992602,879030.6
2014-08-20,45758.88264047076,39950.99679452538,874321.06
2014-08-21,45319.8925066153,39567.724904599985,882708.94
2014-08-22,44301.533113757316,38678.6194349712,902543.8
2014-08-25,44164.85992488248,38520.614690955415,899759.4
2014-08-26,43910.07071252561,38259.86678757149,904950.1
2014-08-27,44011.82320536935,38310.26623647923,907047.2
2014-08-28,44985.930830554986,39158.182086038796,927122.8
2014-08-29,47391.18764063245,41251.847425263615,976693.1
2014-09-02,46902.463571161825,40826.4356187536,966620.94
2014-09-03,46093.48782560599,40081.43303377421,983293.25
2014-09-04,47487.377359145874,41293.515100690856,953557.94
2014-09-05,48295.411123169535,41954.862082752785,969783.5
2014-09-08,47673.97706855671,41415.014104477705,957304.94
2014-09-09,48122.50596241652,41804.657083890925,966311.56
2014-09-10,48257.75131210912,41880.341849957724,963595.75
2014-09-11,48066.6568920659,41672.62080025404,959780.0
2014-09-12,52429.152652168785,45413.125749275416,872671.1
2014-09-15,53850.067483050414,46598.48177827364,896321.94
2014-09-16,53717.89334785264,46437.50806321435,898522.0
2014-09-17,53216.43420830864,46004.011673377274,906909.75
2014-09-18,52308.71932377461,45173.31536193906,891440.56
2014-09-19,50434.78775060478,43555.005775777565,859505.2
2014-09-22,50511.43964723809,43621.20162886803,860811.44
2014-09-23,50860.40717700402,43922.56668763804,866758.44
2014-09-24,49813.50459417511,43018.471516914484,848917.2
2014-09-25,49742.906595001,42957.5037524224,847714.1
2014-09-26,49472.610847682074,42724.07890103097,843107.8
2014-09-29,48952.183631136904,42274.642878129795,834238.75
2014-09-30,48460.000199998765,41849.59792122489,825850.94
2014-10-01,50715.17134772676,43797.14239886536,864283.44
2014-10-02,51479.67039082762,44457.35654316767,877312.0
2014-10-03,50388.39375109621,43470.48299997361,895909.4
2014-10-06,50591.40036265005,43645.618478592456,892299.94
2014-10-07,50647.921405388355,43694.37964846886,891303.06
2014-10-08,51091.34326535671,44076.92334535245,883499.7
2014-10-09,55087.05085568564,47524.05324864453,814403.75
2014-10-10,52222.367367632316,45005.14311623519,772052.44
2014-10-13,52796.697749465595,45500.100015612166,780543.25
2014-10-14,53410.557520187605,46029.12327187624,789618.56
2014-10-15,54189.506752976566,46654.39120902214,778102.56
2014-10-16,54460.03284839495,46840.64593701645,781987.06
2014-10-17,55175.85914486634,47456.32250479896,792265.5
2014-10-20,56341.763139314004,48459.107360851165,809006.6
2014-10-21,55326.684154989794,47586.045909801425,794431.2
2014-10-22,56329.79376665062,48448.81259755981,808834.75
2014-10-23,56341.763189760495,48410.65859164224,808662.9
2014-10-24,53091.64456201487,45569.64127038362,762014.56
2014-10-27,58145.25841302503,49907.261101326665,834548.06
2014-10-28,57026.75346354302,48947.22549256892,818494.44
2014-10-29,56892.62523925911,48783.15327678315,820419.5
2014-10-30,56167.94395304777,48161.76802494442,830869.75
2014-10-31,56374.77004742235,48290.9513701232,833929.25
2014-11-03,57225.304766451656,48971.233337466445,821347.6
2014-11-04,59131.77939213834,50602.72161223392,793984.25
2014-11-05,56507.62568825185,48357.07095347605,829219.75
2014-11-06,56746.57127252288,48561.55147149251,825713.4
2014-11-07,56337.85607411563,48211.78859244001,831660.56
2014-11-10,54207.11469206987,46388.38138075608,863114.6
2014-11-11,53779.64112266197,45976.17742183477,856308.2
2014-11-12,53218.30952149143,45450.31925284225,865246.0
2014-11-13,51742.49406927406,44189.92064069789,889240.4
2014-11-14,52682.61263845856,44992.81516119568,873083.56
2014-11-17,53454.24895369101,45606.82706057242,885871.5
2014-11-18,55520.23250181489,47323.90432754715,851633.0
2014-11-19,55737.616407862224,47461.872427747796,854967.5
2014-11-20,57066.57305167502,48546.04794413658,834582.44
2014-11-21,56140.45749842065,47758.20932608279,848126.6
2014-11-24,55828.71758189056,47493.014832622204,852836.1
2014-11-25,55749.95168910884,47426.00935808843,854039.4
2014-11-26,56629.60669592647,48174.324384760854,840563.9
2014-11-28,59612.54619912279,50711.885629335666,796287.56
2014-12-01,59558.50294431465,50615.199606857466,795565.7
2014-12-02,59010.34677059578,50149.354550703974,788243.56
2014-12-03,59272.84311409597,50322.28509516879,784737.25
2014-12-04,58086.2407235671,49264.5445616211,769027.3
2014-12-05,55658.51717902014,47205.52519225253,736885.75
2014-12-08,56315.431706949115,47762.67254128389,745582.9
2014-12-09,54484.89996238775,46210.14802638933,721347.7
2014-12-10,54235.63569811194,45998.74012148676,718047.6
2014-12-11,53747.496157286245,45584.7354990196,711584.94
2014-12-12,52978.932945598855,44932.89581859019,701409.6
2014-12-15,51361.313425513625,43560.94803993743,679993.3
2014-12-16,53441.1056649694,45324.87726281813,707528.5
2014-12-17,50211.059334060374,42540.06090834896,750292.4
2014-12-18,49974.10692302334,42339.30892001045,753833.1
2014-12-19,49219.788635149045,41700.231666193446,765211.6
2014-12-22,48859.37185124742,41353.17735232079,759608.25
2014-12-23,48574.13442264929,41070.40735920895,764042.8
2014-12-24,47359.01669956451,40043.000891349875,783155.9
2014-12-26,47797.6425138264,40413.867836980935,775902.5
2014-12-29,48534.58534450407,41036.96781840371,763939.7
2014-12-30,48573.8972567398,41029.16986284526,764558.44
2014-12-31,47896.865706121855,40457.29805387784,753901.94
2015-01-02,49910.49926369442,42117.70722817002,722207.1
2015-01-05,50193.204175747,42314.15420960361,726297.9
2015-01-06,50271.60247906529,42337.93182918805,725163.44
2015-01-07,50192.96229927139,42229.36440780687,724029.0
2015-01-08,49249.252816439446,41435.38354236208,710416.06
2015-01-09,50309.73281737896,42286.17277269783,695118.75
2015-01-12,49802.183189900024,41859.56881285969,702131.44
2015-01-13,46983.51223825399,39448.56911596577,662392.6
2015-01-14,46783.57255999179,39280.69460337179,659573.8
2015-01-15,47076.1677251456,39526.36505340191,663698.94
2015-01-16,46798.201279859735,39292.97725401448,659780.0
2015-01-20,47929.57200268606,40242.905303856096,675730.56
2015-01-21,49160.909067960325,41276.76767408931,693090.44
2015-01-22,49080.44766532264,41209.21020441729,691956.06
2015-01-23,50362.99226479569,42286.06774159025,710037.94
2015-01-26,50224.00903575056,42169.37383652108,708078.5
2015-01-27,51835.72409436073,43480.44201041007,685355.9
2015-01-28,53351.51194575057,44708.42303486754,705397.1
2015-01-29,52935.5124439258,44359.81657496462,699896.94
2015-01-30,51027.126914307475,42716.234834584524,725129.0
2015-02-02,52822.04884263496,44176.09793816619,750635.94
2015-02-03,52776.087047158646,44093.48310445644,751289.06
2015-02-04,53365.30750955759,44541.67284955669,759676.9
2015-02-05,54241.88907243788,45228.77521703754,747198.4
2015-02-06,54211.94540836051,45203.80714761944,747610.9
2015-02-09,54508.58046252576,45451.151781365814,743520.2
2015-02-10,55388.11446532758,46184.53784864197,731522.94
2015-02-11,52806.10956495023,43985.38774773006,697421.8
2015-02-12,52574.4563366903,43748.44443992398,700481.4
2015-02-13,52724.097978446924,43829.21633304807,702475.1
2015-02-17,52752.480580044044,43852.81061409207,702853.3
2015-02-18,54623.045363848636,45407.79954169529,727775.94
2015-02-19,56016.291538147576,46565.996463404656,746339.06
2015-02-20,53495.54746756474,44470.5175187485,712753.6
2015-02-23,52662.17669717048,43777.74155516198,701650.1
2015-02-24,52752.48061553969,43809.032902044215,700446.94
2015-02-25,51864.467851581656,43071.57032322829,712237.94
2015-02-26,52828.21404173064,43871.926781556045,699003.1
2015-02-27,51266.79969948828,42531.35654798683,678343.06
2015-03-02,50687.43781458147,42008.18183078976,686009.0
2015-03-03,49955.9279001349,41401.929022953875,695909.4
2015-03-04,50402.582797772055,41772.10279705923,689687.25
2015-03-05,48706.837829270335,40324.94967587157,666483.4
2015-03-06,47953.173804043116,39700.98258533015,656170.56
2015-03-09,47812.48914060759,39584.50813890664,654245.5
2015-03-10,48671.66930312309,40295.83324971323,666002.06
2015-03-11,48000.90599373618,39740.50061263546,656823.7
2015-03-12,47400.48682229516,39243.406694166435,648607.75
2015-03-13,49164.063759308585,40703.49226744618,672739.8
2015-03-16,48920.37852190828,40501.74246448494,669405.4
2015-03-17,47418.074584315604,39217.46606159931,689962.25
2015-03-18,46222.63990137692,38189.555580943794,672567.94
2015-03-19,45648.549395373826,37677.04735091509,680921.25
2015-03-20,46005.75861451357,37934.20089165458,686249.6
2015-03-23,45524.10933806839,37499.12118197812,693434.2
2015-03-24,43849.564714152846,36082.26609557512,667927.1
2015-03-25,42971.67295959848,35359.87981654512,654554.9
2015-03-26,44192.60203275177,36329.179572200905,635957.4
2015-03-27,45523.16035098267,37386.65546069127,655104.94
2015-03-30,45093.17869142368,37033.525844109165,648917.25
2015-03-31,44811.29806665938,36802.02667494219,644860.8
2015-04-01,45625.874300691314,37471.011006728855,656583.0
2015-04-02,42735.43677399466,35059.719920224496,698178.06
2015-04-06,42703.873689777596,35033.825885296974,698693.75
2015-04-07,41775.20708284969,34271.95719748306,713888.0
2015-04-08,42262.01425281437,34637.05691687284,722207.0
2015-04-09,42099.0708764383,34468.874899983086,724991.5
2015-04-10,42322.64201284002,34651.92515195886,721141.4
2015-04-13,42790.69749851264,35035.14847841307,713166.1
2015-04-14,42714.380933854394,34972.66381865129,714438.06
2015-04-15,42946.625654578165,35162.81562148572,710553.56
2015-04-16,42927.9244902813,35147.503927445614,710863.0
2015-04-17,43243.46502874764,35405.85469671061,705637.8
2015-04-20,44115.62343160375,36084.53393356497,719869.5
2015-04-21,42002.64322395197,34320.12958744123,754348.6
2015-04-22,41841.86091782962,34154.4351166709,751461.0
2015-04-23,41874.39797627925,34146.83984568624,750876.7
2015-04-24,44389.58545897588,36163.724383107605,795978.2
2015-04-27,44184.45543687395,35996.607130146294,792299.8
2015-04-28,44562.11954966947,36304.28607653228,799072.0
2015-04-29,43335.19791847295,35304.72603893585,777071.3
2015-04-30,43331.36681376099,35301.604878567865,777002.6
2015-05-01,44190.20891286611,36001.294426003515,792403.06
2015-05-04,43722.44662933563,35584.21216126652,800790.8
2015-05-05,43249.469216130165,35163.68772008116,792128.06
2015-05-06,44445.05548959991,36135.75103379753,814025.56
2015-05-07,44480.71674035963,36128.60942091502,813372.5
2015-05-08,45022.13124058928,36532.2343597068,823272.8
2015-05-11,46009.088779850055,37333.079702515635,841320.3
2015-05-12,46302.356094197625,37533.71204032158,835957.6
2015-05-13,46477.52563397061,37638.174624337975,839120.2
2015-05-14,45575.012433787524,36869.66816518445,855414.4
2015-05-15,45591.49734770592,36883.00427357907,855105.0
2015-05-18,45296.415699303594,36607.40356244725,849570.56
2015-05-19,44785.06072698945,36194.139564707686,839979.75
2015-05-20,44552.29582236177,35969.8307880943,844345.5
2015-05-21,44935.023392659845,36242.86065501989,851598.94
2015-05-22,44983.99695147109,36246.11798227546,850670.8
2015-05-26,44978.54125935404,36205.47590854112,850567.6
2015-05-27,45709.30755994085,36793.70622793075,864386.9
2015-05-28,45591.14944113929,36698.594852508395,862152.4
2015-05-29,45345.74210210368,36501.05421974309,857511.6
2015-06-01,45145.78500871847,36340.0987613267,853730.3
2015-06-02,45262.12283001931,36433.7448883114,855930.3
2015-06-03,44704.05074855882,35984.524777235754,845376.9
2015-06-04,45289.390873833894,36455.694299647555,856446.0
2015-06-05,46589.14061652043,37501.92782964634,881024.94
2015-06-08,46536.424797762986,37459.49423236677,880028.06
2015-06-09,47499.877112544425,38197.56566010697,861808.7
2015-06-10,47634.40390468926,38267.549342238744,864249.5
2015-06-11,47497.98527517527,38157.956144713426,861774.44
2015-06-12,47439.24601035647,38110.767400223674,860708.7
2015-06-15,47958.39136166256,38527.82773305895,870127.75
2015-06-16,49339.62052262777,39637.45125592141,895187.94
2015-06-17,49059.20504593806,39372.539376711655,900275.7
2015-06-18,48943.05968617107,39279.32674217006,902407.06
2015-06-19,48435.92978765332,38833.0495466324,893056.7
2015-06-22,49905.103340957416,40010.94557625715,920145.1
2015-06-23,50371.21349076347,40344.63404392559,911551.0
2015-06-24,51058.86124809512,40855.05829548255,923995.1
2015-06-25,50735.93397195656,40596.666071893065,918151.2
2015-06-26,49772.847807839236,39826.046821545926,900722.5
2015-06-29,50958.18801435448,40774.50399535268,922173.2
2015-06-30,51127.24670313019,40909.77733315254,925232.6
2015-07-01,53192.09200601902,42561.975857729376,962599.44
2015-07-02,53135.108679732046,42516.380302708814,961568.25
2015-07-06,55384.213740957,44273.499013022985,920866.94
2015-07-07,52713.00114112525,42093.889099280495,876453.0
2015-07-08,52101.01795402804,41563.09694124133,886628.3
2015-07-09,51852.55590282839,41364.88867726187,890856.56
2015-07-10,52454.817192825074,41803.972067007446,901203.8
2015-07-13,53153.11901399996,42360.48510792465,913201.06
2015-07-14,53655.33256491112,42718.36472234441,904572.75
2015-07-15,52933.511811203716,42143.678092945054,916741.9
2015-07-16,51349.556928975835,40882.592584232756,944173.94
2015-07-17,49928.68658174219,39751.34886968005,970299.75
2015-07-20,52668.698348306374,41932.843539310525,917051.1
2015-07-21,52451.52291496409,41759.93659927758,920832.56
2015-07-22,52582.71425862069,41864.38622988898,918529.3
2015-07-23,52934.97100447299,42144.83984793375,912376.0
2015-07-24,55408.10517383344,44113.85657756116,869749.6
2015-07-27,57994.44837812752,46128.89224101554,910347.8
2015-07-28,58213.44702080185,46256.95527699128,906910.25
2015-07-29,57558.09903431166,45736.20957211814,917119.9
2015-07-30,57696.1707886433,45845.92269326096,914919.9
2015-07-31,59031.5419708095,46907.02125747366,893744.06
2015-08-03,57603.37417032737,45772.185623168516,915366.6
2015-08-04,56770.51944161081,45110.39138300428,928601.4
2015-08-05,61814.36051466848,49118.27517757341,846098.7
2015-08-06,62723.50478552106,49840.68980906109,833654.6
2015-08-07,63077.84586626252,50122.25258129826,828945.06
2015-08-10,64064.0090397524,50905.86716085814,815985.3
2015-08-11,63848.096515714424,50734.30102830121,818735.44
2015-08-12,65011.55427917451,51608.06126393572,833654.7
2015-08-13,65183.11932144644,51744.25458080826,835854.6
2015-08-14,62009.077719757675,49172.86385337413,876555.94
2015-08-17,60615.642658528726,48067.87737278183,896253.4
2015-08-18,61887.3785171099,49076.357042711534,877449.7
2015-08-19,65056.305935865814,51589.299377186195,832520.1
2015-08-20,68121.34351102087,54019.85762657221,793297.1
2015-08-21,71634.12532366315,56805.47463897668,752389.5
2015-08-24,72013.78317457238,57049.73579038877,756377.1
2015-08-25,73588.0499286291,58296.87902357806,772912.0
2015-08-26,67647.72263495874,53532.620484537285,835304.6
2015-08-27,66119.32557139172,52323.13261463326,854177.06
2015-08-28,65964.98632647461,52200.997176776735,856170.94
2015-08-31,68727.4328767376,54387.04272308499,820316.7
2015-09-01,71336.78889740021,56397.553952206894,851461.44
2015-09-02,71947.37181635064,56823.87202992307,844173.6
2015-09-03,73013.81292873109,57666.14481581492,831660.8
2015-09-04,71130.60511045392,56178.79152729337,853111.44
2015-09-08,70918.5049156504,56011.27527169197,855655.4
2015-09-09,71041.02225516517,56108.039190182346,854177.2
2015-09-10,70537.8296196969,55710.61878131412,860227.5
2015-09-11,69706.2813088664,55053.86380043804,870368.5
2015-09-14,69601.66240392989,54971.23602521928,871674.75
2015-09-15,67219.11547689392,53089.5058345355,901513.2
2015-09-16,67172.97444180297,52999.97424322731,900894.4
2015-09-17,67544.63271803252,53240.21540101873,895909.8
2015-09-18,66616.80810797116,52508.882945629644,908216.5
2015-09-21,67438.80020141229,53156.79580490049,897009.9
2015-09-22,67407.788974912,53132.35205101086,897422.3
2015-09-23,67939.69594438547,53498.48086729411,904503.8
2015-09-24,66336.22566767182,52235.84313058329,883156.3
2015-09-25,64146.62511574996,50511.66256713334,854005.44
2015-09-28,63687.011181511676,50149.74385487834,847886.44
2015-09-29,63235.14660227605,49743.77755619763,853902.3
2015-09-30,61066.21220213085,47987.846695477085,824613.94
2015-10-01,63023.858080574326,49526.22949197055,851049.25
2015-10-02,63385.35018757775,49760.77570101605,846167.75
2015-10-05,64593.05529242336,50708.88662345081,830045.44
2015-10-06,62051.703617863626,48663.085333284056,797388.06
2015-10-07,63453.45589038007,49713.72470826155,779375.0
2015-10-08,61765.80662042914,48341.79251596689,758646.25
2015-10-09,60335.63650649718,47222.45172381785,741080.0
2015-10-12,61362.78258228075,48026.36063711448,753696.1
2015-10-13,60699.4768547171,47507.215990407494,745548.94
2015-10-14,61939.325132285485,48477.59898166055,760777.56
2015-10-15,63534.617983545984,49726.175180005426,780371.94
2015-10-16,63839.684577919244,49964.93942215923,784119.06
2015-10-19,59621.952766108436,46663.87808594876,732314.2
2015-10-20,58799.117298644465,46019.87546347243,722207.6
2015-10-21,59255.31791994164,46376.92667007173,727810.94
2015-10-22,58519.241735005766,45800.82730126101,718770.0
2015-10-23,60246.07876442455,47152.35822027018,739980.06
2015-10-26,58871.88383116947,46076.827113744686,723101.4
2015-10-27,59602.36295540521,46648.545871957576,732073.56
2015-10-28,59230.13102762562,46357.213829115164,727501.56
2015-10-29,57914.70968768938,45327.682621386375,711344.75
2015-10-30,59834.66314070061,46830.358560456596,734926.8
2015-11-02,58312.136741520604,45638.73394942305,716226.1
2015-11-03,64827.64688635625,50738.18066260084,796253.75
2015-11-04,64866.82666738849,50768.845215516354,796735.06
2015-11-05,64701.69587008232,50588.83465586122,798763.3
2015-11-06,62744.159010112766,49007.69075290236,774596.94
2015-11-09,65202.91338419725,50879.146670292765,744242.8
2015-11-10,64425.89975771522,50272.82728646939,753111.8
2015-11-11,62620.28115227518,48813.59389149365,732004.94
2015-11-12,60929.3517931799,47495.48516513125,712238.6
2015-11-13,63023.15958608828,49127.644609470655,736714.4
2015-11-16,62932.00301567937,49056.58648378671,735648.75
2015-11-17,65011.10819254625,50677.28498423722,759952.6
2015-11-18,65225.78404439198,50844.62852945104,762462.06
2015-11-19,65752.1817857233,51204.120058759385,756308.7
2015-11-20,65076.76441407604,50626.93868215418,748539.8
2015-11-23,64927.33670683224,50460.06337986392,750258.56
2015-11-24,61538.92109217186,47826.66309971518,789412.94
2015-11-25,61010.99663315693,47416.37210345951,796185.0
2015-11-27,61366.615919815435,47692.75140151875,791544.2
2015-11-30,63213.530400264935,49080.43897630368,815366.8
2015-12-01,61827.67544742562,48004.42931488864,797491.25
2015-12-02,62019.564058469914,48153.41604613072,799966.4
2015-12-03,62640.529513405316,48587.39449211428,791956.8
2015-12-04,62436.60695995561,48429.22109180514,794535.0
2015-12-07,61245.30707919461,47456.755025645536,779375.2
2015-12-08,60651.007754169725,46996.2541509721,771812.44
2015-12-09,59962.16369444601,46415.4977549884,780578.3
2015-12-10,57308.27301579943,44314.75917669195,746030.4
2015-12-11,57720.21735907492,44633.3033136165,751393.0
2015-12-14,57057.40289875043,44076.13557779589,760021.4
2015-12-15,53594.060454297934,41400.74652433852,806154.06
2015-12-16,53338.09866316534,41161.618471005015,802303.9
2015-12-17,54007.7074458608,41637.201579641776,792231.7
2015-12-18,53515.579985836026,41257.79628315758,799450.6
2015-12-21,52914.98013854365,40753.50648472023,790478.44
2015-12-22,52972.51134463549,40757.061761389145,789619.0
2015-12-23,52771.873402291414,40602.69088486805,792609.8
2015-12-24,53142.65138350727,40887.96754433886,787040.9
2015-12-28,55055.276973562904,42318.654122187596,815366.75
2015-12-29,55264.18162750355,42479.23026094492,818460.56
2015-12-30,54818.520564890896,42094.19029171089,825060.75
2015-12-31,51027.06136924239,39140.70040485049,767996.4
2016-01-04,51022.49368107169,39098.05602405656,768065.1
2016-01-05,50019.99371585286,38290.75169318355,752974.06
2016-01-06,49245.853615568616,37698.14053605088,741320.56
2016-01-07,48183.97779261537,36885.265114740876,725335.6
2016-01-08,47464.643392494145,36334.60821030634,714507.1
2016-01-11,47948.767610288756,36705.20962056511,721794.9
2016-01-12,50154.72619438308,38357.18539856795,688587.56
2016-01-13,48684.96577258824,37233.14630458968,708766.25
2016-01-14,48965.95518145955,37448.040566186064,704675.56
2016-01-15,48901.458130770196,37361.26665907313,703747.4
2016-01-19,47463.46267623738,36262.62188067685,683053.0
2016-01-20,47160.099307756536,35994.58621689426,687418.7
2016-01-21,47768.55561434846,36422.99126741083,696287.75
2016-01-22,46313.44915619396,35313.4888104725,675077.7
2016-01-25,45648.39296900793,34806.39087990543,665383.6
2016-01-26,44353.65337230054,33819.16636750508,646511.2
2016-01-27,44738.06498295371,34112.27593629652,652114.5
2016-01-28,45091.82012904535,34382.01029253122,657270.94
2016-01-29,46445.51438347194,35414.18707438296,677002.75
2016-02-01,43106.08073769294,32867.90613802215,628326.25
2016-02-02,40912.80754003051,31195.55976920062,596356.5
2016-02-03,41349.10603247509,31528.232507070046,602716.1
2016-02-04,44351.29849826865,33785.842569794164,558955.3
2016-02-05,40366.228210022935,30716.317933838433,508731.84
2016-02-08,40437.14540852388,30770.281737560657,509625.56
2016-02-09,39187.89070439557,29819.672617662247,493881.3
2016-02-10,41042.678807718905,31231.056925979523,517257.03
2016-02-11,40887.203341027736,31081.518212441428,519216.44
2016-02-12,42005.216996093266,31900.32514201159,533413.8
2016-02-16,45662.42891476158,34677.74798759788,579855.9
2016-02-17,45145.385988763395,34285.08634622955,573290.06
2016-02-18,45093.95199493419,34246.02545703913,572636.94
2016-02-19,48115.012006542915,36540.330868026795,611000.6
2016-02-22,47971.541291229216,36431.373867107366,609178.75
2016-02-23,48456.10204585979,36799.36733861381,615332.0
2016-02-24,50738.13805595432,38532.43041776812,644311.06
2016-02-25,51525.889099275904,39130.67787867886,654314.5
2016-02-26,51956.30901460686,39457.554781800965,659780.3
2016-02-29,53466.83894558534,40565.249875687434,640598.5
2016-03-01,52895.87598065405,40132.06071023531,647439.3
2016-03-02,50817.56490687045,38555.24768575033,672877.6
2016-03-03,49441.58685354112,37511.29418751616,691097.0
2016-03-04,48396.390057136785,36718.30417629519,705706.75
2016-03-07,49030.54588956743,37199.43772205904,696459.6
2016-03-08,50511.62650846307,38285.93301880005,717497.75
2016-03-09,49654.9227595615,37636.58346079473,705328.6
2016-03-10,49093.469960623384,37173.386551143274,713303.9
2016-03-11,47283.51703734943,35802.897162020854,739601.6
2016-03-14,47984.58287373735,36297.93861859369,750567.6
2016-03-15,48773.55659918025,36894.75780806472,762908.6
2016-03-16,47795.57863401745,36118.071600089745,778205.94
2016-03-17,46452.79339184259,35103.35821223053,800069.1
2016-03-18,45339.076778082,34261.74696810208,819250.94
2016-03-21,46115.27265072171,34848.30118305079,805225.56
2016-03-22,48410.798670607925,36582.97990262402,765143.06
2016-03-23,49535.26490538242,37396.13141993205,782915.5
2016-03-24,48989.34300848872,36946.59724826441,791543.94
2016-03-28,48961.683608719686,36888.79058961017,791097.0
2016-03-29,48272.353393955294,36369.43430801764,779959.2
2016-03-30,47659.61609162938,35871.41534767253,789859.44
2016-03-31,46037.56895006394,34650.567772720744,816741.56
2016-04-01,47858.99840511341,35986.8315736863,849055.1
2016-04-04,46215.83464417555,34715.29323699508,878206.06
2016-04-05,44415.82705513584,33363.20705780053,912410.25
2016-04-06,45791.376354858236,34396.45892200384,884153.06
2016-04-07,47060.789501379055,35349.98599686151,859642.9
2016-04-08,47032.56028547803,35293.43147100511,859127.25
2016-04-11,47427.75852726684,35554.696465853536,851908.3
2016-04-12,48711.91465382936,36481.82233267948,874974.56
2016-04-13,48200.931874180475,36099.131914643454,865796.2
2016-04-14,47693.776414316504,35683.20875993501,874905.75
2016-04-15,47811.83444536408,35771.53662332461,872740.06
2016-04-18,46585.84159875208,34818.51000704876,850361.25
2016-04-19,46096.195576303326,34417.72741122814,859299.0
2016-04-20,46405.99783355882,34649.04128666397,853523.8
2016-04-21,45385.509831841664,33887.09385411738,872293.2
2016-04-22,45730.71109760423,34144.83840154669,865658.56
2016-04-25,46079.38532868877,34371.03120035693,872258.75
2016-04-26,46491.617802968474,34644.148108377114,864455.44
2016-04-27,45796.4688445493,34091.49997135785,851530.0
2016-04-28,44511.557759873125,33134.99508546535,827638.6
2016-04-29,44703.83422992348,33278.12824482453,831213.75
2016-05-02,42951.17528675913,31973.425637435645,798625.2
2016-05-03,41146.75121243097,30630.188378530747,765074.1
2016-05-04,43185.96838375035,32117.578550490573,727157.4
2016-05-05,42491.8249634129,31601.341294215857,738845.2
2016-05-06,43680.0052405606,32484.99574985598,718185.2
2016-05-09,43631.91842616944,32416.748396649487,717394.56
2016-05-10,43688.36764792256,32458.687882346265,718322.7
2016-05-11,44039.61255135986,32687.189933093814,712547.56
2016-05-12,43969.50135934184,32635.15183109516,713681.94
2016-05-13,44113.5164854725,32709.40794166066,716019.56
2016-05-16,43344.72380714484,32139.36149464338,703541.0
2016-05-17,44723.46976152822,33161.677724742425,725919.8
2016-05-18,45579.09566926722,33796.10950645961,739807.7
2016-05-19,44505.32482111786,32966.13092259641,757236.4
2016-05-20,43685.04492278949,32325.564361160024,743279.7
2016-05-23,43343.59932011999,32040.579750105975,749089.25
2016-05-24,43675.77381311426,32254.090151369892,754830.06
2016-05-25,42573.83494361579,31408.066034150783,773874.4
2016-05-26,42967.19785096609,31698.262305776454,766724.1
2016-05-27,42930.595489580235,31671.259584857948,767377.25
2016-05-31,43636.39456704001,32191.94991169973,754761.25
2016-06-01,43755.64129561797,32279.921999027385,752698.7
2016-06-02,43749.64671183373,32275.499604765933,752801.8
2016-06-03,44087.27481006302,32492.303043391996,758611.4
2016-06-06,46416.700157993975,34209.088547781015,798693.9
2016-06-07,47051.997693704005,34677.30256513504,809625.44
2016-06-08,48282.63702270432,35549.60593187333,788449.75
2016-06-09,46057.545003817264,33875.76253522752,752114.3
2016-06-10,45863.8745228016,33733.316053887145,748951.7
2016-06-13,46476.46020355365,34150.145334079265,738948.2
2016-06-14,47068.8754265497,34551.29223750557,748367.25
2016-06-15,47118.60626390871,34587.79756462962,749157.94
2016-06-16,46586.728483509905,34197.36833812574,740701.44
2016-06-17,45672.16236493658,33491.82624470154,755242.56
2016-06-20,45653.45414180434,33444.615502468456,754933.2
2016-06-21,40882.51225347367,29949.538951541486,676040.06
2016-06-22,40828.460325236054,29909.941817194125,675146.25
2016-06-23,41504.08262541951,30374.97641964611,663974.06
2016-06-24,42664.43374812046,31193.81038270956,682537.1
2016-06-27,41968.220621176224,30653.585082630623,693675.0
2016-06-28,43715.248199769085,31898.960305285367,722550.9
2016-06-29,44149.926950267356,32216.144829649307,729735.5
2016-06-30,43272.25384704465,31543.491751858004,744242.1
2016-07-01,43775.93156420057,31910.649745820163,735579.4
2016-07-05,43681.82593649795,31842.05105203052,737160.7
2016-07-06,43376.27197328621,31619.316203219878,742317.1
2016-07-07,43207.54033336518,31496.31856341726,745204.6
2016-07-08,41613.01764583685,30333.98453247019,772705.56
2016-07-11,41637.08250880635,30351.526715719323,772258.7
2016-07-12,41244.15412094279,30034.748385226394,764970.94
2016-07-13,41429.49329764807,30139.681019659714,761533.4
2016-07-14,41640.82396443424,30293.422675171798,757648.8
2016-07-15,40535.56511762053,29489.35421003772,777758.8
2016-07-18,40358.194064351774,29330.828593442482,774355.6
2016-07-19,40913.599246885475,29734.476342963433,785012.2
2016-07-20,42321.8187524641,30728.183224630913,757992.6
2016-07-21,41982.092511728995,30481.521562177764,764077.1
2016-07-22,40520.171043090806,29420.07873971588,790684.2
2016-07-25,40608.25319740854,29484.031675966715,788965.44
2016-07-26,40427.78036907104,29323.51352761779,785459.06
2016-07-27,40802.879795836736,29595.584687957336,792746.8
2016-07-28,40063.291216201505,29029.542740846842,807116.06
2016-07-29,39247.65609494017,28409.51046481042,790684.25
2016-08-01,39727.13864676031,28728.17555520017,781024.56
2016-08-02,39973.68435312175,28906.461950243876,776177.56
2016-08-03,39120.35638608634,28289.388672927584,792746.8
2016-08-04,39021.9658456668,28189.949415061285,790753.0
2016-08-05,39678.46578613647,28636.023119764155,777449.56
2016-08-08,40190.763449057835,28977.113280078203,787487.4
2016-08-09,39588.988208371156,28543.23972749872,775696.3
2016-08-10,39718.81505736482,28608.300266033697,773152.5
2016-08-11,39842.432769646235,28668.730186722623,775558.8
2016-08-12,39838.9010517095,28666.188929535612,775490.06
2016-08-15,39489.23572173421,28414.586296265938,768683.56
2016-08-16,39423.893884504425,28367.569400679364,767411.7
2016-08-17,39471.57713056251,28401.88000926017,768339.8
2016-08-18,39734.70780573512,28591.21639777811,773461.8
2016-08-19,39369.149744008915,28328.17810642171,766346.0
2016-08-22,39706.451568046476,28570.884545577435,772911.8
2016-08-23,39314.40307355398,28288.78499172492,765280.3
2016-08-24,39021.25026251475,28077.846094199427,759573.9
2016-08-25,38849.949303611684,27954.58602622335,756239.44
2016-08-26,38004.0421752401,27345.91126566039,739773.25
2016-08-29,37322.367532127595,26855.410433758094,726504.06
2016-08-30,37440.69019231248,26940.54982370017,728807.25
2016-08-31,35455.723142797506,25512.261418193128,690168.56
2016-09-01,34927.69086468343,25132.314365294646,679890.1
2016-09-02,35819.51533979572,25774.02907681166,697250.06
2016-09-06,35621.72397429921,25631.707765172214,693399.9
2016-09-07,34853.51974820303,25078.944337959252,678446.3
2016-09-08,34343.15113875017,24711.70722558784,668511.6
2016-09-09,35019.5231491675,25198.392533802216,681677.7
2016-09-12,34622.17454089403,24912.479268753294,673943.06
2016-09-13,34685.750518972905,24958.22553561501,675180.6
2016-09-14,35393.9105308874,25467.783986224225,688965.44
2016-09-15,36273.37146971808,26100.602481793274,706084.7
2016-09-16,36439.37484968218,26220.050662525362,709316.0
2016-09-19,36739.59109134176,26409.852019982467,703472.06
2016-09-20,36843.717702105474,26458.29243983337,705465.9
2016-09-21,37060.954616711635,26614.295095750156,709625.5
2016-09-22,37244.077630766384,26745.79980158628,713131.8
2016-09-23,37520.55864457844,26944.3469616923,718425.75
2016-09-26,36949.64465691129,26534.360940036684,707494.2
2016-09-27,37032.22889434633,26593.666516163496,709075.44
2016-09-28,36032.2318379024,25875.54640753901,689928.0
2016-09-29,36630.076335100595,26304.871826550967,701375.25
2016-09-30,38366.15847043897,27551.59098794896,734616.9
2016-10-03,38777.28960338492,27819.281799873635,726744.8
2016-10-04,39318.38528740815,28207.47018200398,716603.9
2016-10-05,37911.327478374056,27169.82295730093,690959.25
2016-10-06,37083.31454912209,26576.41285561127,675868.2
2016-10-07,36264.731627885056,25963.184522994543,690787.4
2016-10-10,36418.12730818926,26073.00583350731,687865.4
2016-10-11,36161.5082040389,25889.283278448944,692712.4
2016-10-12,36389.414548661014,26052.44936885605,688346.56
2016-10-13,37067.26142416962,26537.74355737371,675524.3
2016-10-14,37548.262678370294,26882.109109192686,666758.4
2016-10-17,36553.22498675708,26169.726967232382,684427.6
2016-10-18,37372.050354994964,26729.782842202938,699759.4
2016-10-19,38190.87568979075,27288.70525603932,684427.6
2016-10-20,38000.976334357845,27153.015580295498,687830.8
2016-10-21,38508.062498639236,27488.19321638417,697009.25
2016-10-24,38587.82831217585,27517.644218554055,695565.44
2016-10-25,38606.89771535449,27531.242938022922,695221.7
2016-10-26,38269.010917566266,27290.290049654515,701306.3
2016-10-27,39026.85166529469,27830.719324440463,687418.3
2016-10-28,38589.686317995394,27491.1384751439,679718.06
2016-10-31,39944.123569288226,28428.54302730361,655861.06
2016-11-01,40524.0524883438,28841.282943841044,646338.94
2016-11-02,40653.37068741827,28933.31971065669,644276.4
2016-11-03,41334.46997086484,29389.13004170457,655070.44
2016-11-04,41909.28151520505,29797.82552607863,664180.06
2016-11-07,42284.53744467774,30064.6354142414,670127.2
2016-11-08,43343.06166516517,30787.189742857096,653351.7
2016-11-09,44417.17456927486,31550.147330845248,637160.56
2016-11-10,45186.419786671686,32065.002941597144,648195.25
2016-11-11,43482.583323535815,30855.93345876622,623753.9
2016-11-14,44038.54430563064,31250.452223705906,631729.06
2016-11-15,44076.88726886258,31277.661000914326,632279.1
2016-11-16,42943.39243794536,30442.037360319642,648539.0
2016-11-17,43771.93942196668,31029.38402322721,636026.1
2016-11-18,43890.23074302443,31113.23927104549,634307.3
2016-11-21,45472.01179556632,32203.430967496704,657167.4
2016-11-22,45003.424301948835,31839.372304990622,663939.44
2016-11-23,45821.284433878725,32386.15897365552,676005.44
2016-11-25,45697.79177141938,32298.875235368796,674183.5
2016-11-28,47224.005708615194,33345.29355037628,651667.2
2016-11-29,47266.35154133736,33375.19432227328,651082.8
2016-11-30,49143.03354283674,34700.336298301976,625232.0
2016-12-01,49032.25395821422,34587.41350473439,623822.56
2016-12-02,50472.392385258245,35603.28895934185,642145.0
2016-12-05,50215.710429347346,35422.22518536442,638879.4
2016-12-06,48243.28815227001,33995.45380944733,663973.9
2016-12-07,48028.482708912125,33810.09204526861,661017.5
2016-12-08,48055.95553729741,33795.62170338951,660639.4
2016-12-09,47993.44224076421,33751.65887511054,661498.75
2016-12-12,46566.83259843834,32748.387599960606,681161.8
2016-12-13,46693.73780052595,32804.88601130561,683018.2
2016-12-14,46954.597924388254,32955.34952554007,679202.44
2016-12-15,48121.45264086315,33741.35774352029,696081.06
2016-12-16,48064.417725365216,33667.62516809576,696906.06
2016-12-19,46627.67635676524,32661.232660900285,717737.94
2016-12-20,46384.255603619094,32458.062784571055,713990.94
2016-12-21,46216.765673509195,32308.40118803253,716569.1
2016-12-22,47300.95920759805,33034.01167524676,733379.0
2016-12-23,48673.382044721024,33992.48340149482,754657.8
2016-12-27,48719.94226858824,34025.00009892756,755379.6
2016-12-28,47598.05976293192,33241.500558728956,737985.4
2016-12-29,47378.56066407719,33088.20692756917,734582.1
2016-12-30,48110.2222172255,33599.18422473037,745926.2
2017-01-03,50327.38646977975,35147.60588534337,780302.3
2017-01-04,50274.175241127676,35110.44426371891,779477.25
2017-01-05,50775.25266617554,35460.3863745456,787246.2
2017-01-06,51278.55030777362,35811.87903869445,795049.56
2017-01-09,50965.93074664792,35593.55200251718,790202.56
2017-01-10,50934.889541070086,35571.87346650754,789721.3
2017-01-11,50965.93074728929,35557.98012949859,789240.0
2017-01-12,52777.34439486179,36786.21169548881,817290.9
2017-01-13,53259.0587677192,37085.18407680086,809831.25
2017-01-17,53887.55392747966,37485.730710303644,819387.94
2017-01-18,55108.36817976171,38334.96417838669,837951.06
2017-01-19,55327.65601604851,38487.50709748365,841285.5
2017-01-20,56274.921548008,39146.45221661028,855689.1
2017-01-23,54988.54665674507,38212.466432267516,875249.1
2017-01-24,55018.78667637452,38233.48073079435,874767.75
2017-01-25,55442.55717751172,38527.965983346556,868030.06
2017-01-26,55345.9489477893,38460.831298765916,869542.6
2017-01-27,55853.56395031091,38813.58150628559,861567.4
2017-01-30,55563.857383832816,38612.25953798815,866036.3
2017-01-31,56157.1486303555,39024.54760924463,856789.1
2017-02-01,55636.670119795126,38662.85833351861,864730.06
2017-02-02,55588.00873230455,38590.37985813236,863973.7
2017-02-03,57012.38258905631,39579.21053304911,886112.0
2017-02-06,56948.23688491039,39534.67921872952,885115.06
2017-02-07,55930.82787014426,38788.83752750775,900928.1
2017-02-08,54411.33976194863,37735.05056246191,925403.9
2017-02-09,54405.27363919934,37730.8436186582,925507.06
2017-02-10,52107.65650670969,36137.41292853012,964592.6
2017-02-13,52037.089991449524,36088.47403025985,965898.9
2017-02-14,52263.03174069618,36245.16789902497,961705.0
2017-02-15,54282.48949602638,37645.69104069981,924544.5
2017-02-16,54944.49390122303,38067.15497298322,935819.94
2017-02-17,53903.045595444935,37307.54192255295,953557.94
2017-02-21,53149.074323637105,36748.3934619839,940220.06
2017-02-22,56553.59784960543,39065.604599802486,879993.25
2017-02-23,56330.46788705788,38911.47281645544,883465.2
2017-02-24,58691.08852209125,40542.12189706016,846442.1
2017-02-27,59587.320921898645,41120.67143142724,859367.56
2017-02-28,59580.17408542915,41074.61879276369,859470.6
2017-03-01,59689.79852857491,41109.119351145215,861052.06
2017-03-02,59430.05150747671,40889.11917243963,864799.0
2017-03-03,59515.097292122235,40947.63245208985,863561.44
2017-03-06,60135.81369340131,41374.698326346996,854554.9
2017-03-07,59719.735044660105,41047.052810110516,848642.25
2017-03-08,60196.28964498008,41333.555131583584,841870.2
2017-03-09,59898.869244074194,41087.99898049792,837710.7
2017-03-10,59289.28857917572,40628.76536284437,846235.9
2017-03-13,62138.51135682643,42540.60400725749,886902.8
2017-03-14,62685.23216246126,42872.35356223849,879099.44
2017-03-15,61136.06374630951,41812.82975138972,900825.0
2017-03-16,61264.379044039786,41900.588520432466,898934.4
2017-03-17,61165.981611276555,41833.291497170125,900378.1
2017-03-20,63790.847344771326,43628.51770751801,861739.44
2017-03-21,62688.9830794039,42874.91892941988,876624.3
2017-03-22,62745.53031553087,42913.5933191696,875833.5
2017-03-23,60681.75389078248,41502.11330221896,904640.7
2017-03-24,59053.79609797662,40388.7030192884,928910.2
2017-03-27,57473.75307292942,39308.0631161321,953764.1
2017-03-28,57488.25548060561,39317.981757699636,953523.56
2017-03-29,57376.34023375125,39241.43948663155,955379.9
2017-03-30,57297.889347118195,39187.784518260574,956686.2
2017-03-31,53134.88900955607,36340.58085968401,1.0261947e+06
2017-04-03,52212.87351835211,35709.98617629334,1.04400156e+06
2017-04-04,53708.599268534665,36732.958908176624,1.0140944e+06
2017-04-05,53034.96795710706,36272.2417861714,1.0268135e+06
2017-04-06,53716.766296883354,36702.27234765603,1.0400139e+06
2017-04-07,55465.662250664485,37897.21500761865,1.0738744e+06
2017-04-10,56119.05422521316,38305.75140827434,1.061224e+06
2017-04-11,58276.852288824164,39778.62149411415,1.0204195e+06
2017-04-12,56871.17232061195,38819.13227667584,1.0450327e+06
2017-04-13,56392.2598024406,38453.416974806554,1.0362325e+06
2017-04-17,56614.88311886188,38566.76856165058,1.0321417e+06
2017-04-18,57608.59057942211,39205.12778035895,1.0502579e+06
2017-04-19,58176.152911317025,39552.173271131425,1.0399107e+06
2017-04-20,57581.91215644057,39148.16729745575,1.0505329e+06
2017-04-21,57124.04363538312,38836.876602317025,1.0588864e+06
2017-04-24,56055.85700975477,38110.64943897809,1.0786869e+06
2017-04-25,56702.53770100547,38550.30770910181,1.0662428e+06
2017-04-26,56984.067403099194,38741.711076305466,1.0609489e+06
2017-04-27,57988.485908527364,39385.84254909172,1.0796495e+06
2017-04-28,56371.079536076686,38247.912543418126,1.1097629e+06
2017-05-01,57059.064203971946,38714.711789156005,1.0962186e+06
2017-05-02,58467.242998261805,39670.1644754049,1.0691648e+06
2017-05-03,55542.18582718705,37645.8360112394,1.01567556e+06
2017-05-04,53119.0484666775,35965.81635885958,1.0599864e+06
2017-05-05,53318.88043514589,36101.11847905986,1.0559988e+06
2017-05-08,50876.75531957957,34447.60573801526,1.1043659e+06
2017-05-09,50249.62496594559,34022.98866028249,1.1179789e+06
2017-05-10,50577.18376455753,34244.771992960144,1.1106911e+06
2017-05-11,50309.5088053826,34063.53477762127,1.1165694e+06
2017-05-12,48926.35022793099,33092.9629877492,1.0858716e+06
2017-05-15,49101.377667232795,33211.34861315701,1.0897561e+06
2017-05-16,47413.085357820106,32069.416001228794,1.0522861e+06
2017-05-17,48489.563777082665,32797.52795562162,1.0761775e+06
2017-05-18,48144.16186691308,32563.903894642415,1.0685116e+06
2017-05-19,48069.81608282012,32513.617652774352,1.0668616e+06
2017-05-22,47064.58595462185,31833.696847898023,1.04455156e+06
2017-05-23,46079.492101834665,31135.562185254097,1.0664148e+06
2017-05-24,45097.656238433156,30472.143163336677,1.0891374e+06
2017-05-25,43914.80704581745,29672.90096441935,1.117704e+06
2017-05-26,42569.567513854425,28763.932848865203,1.1519426e+06
2017-05-30,41818.789958005,28256.63816719244,1.172259e+06
2017-05-31,41897.27235581279,28309.6681262031,1.1700589e+06
2017-06-01,41961.279759773606,28352.917442014448,1.1682714e+06
2017-06-02,42883.599111724034,28947.768692575242,1.1939502e+06
2017-06-05,43566.38637223895,29408.671417463822,1.2129601e+06
2017-06-06,44405.98509367138,29975.42677583026,1.236336e+06
2017-06-07,43128.06966337486,29082.81852319204,1.2719151e+06
2017-06-08,44606.083058160424,30079.49645640125,1.2283261e+06
2017-06-09,44395.11092191492,29937.23030816488,1.2341356e+06
2017-06-12,46489.908455276534,31319.890882050182,1.2923688e+06
2017-06-13,47072.34465476538,31712.27363391762,1.3085598e+06
2017-06-14,47730.2132006732,32123.76229909363,1.2902716e+06
2017-06-15,48231.24445316711,32460.97028079409,1.2767275e+06
2017-06-16,48439.02560754847,32600.812782345783,1.2712272e+06
2017-06-19,48758.63342378965,32783.31692781491,1.2796149e+06
2017-06-20,49303.53767705375,33149.68832864574,1.2939152e+06
2017-06-21,48490.10498182657,32569.61966464973,1.3152629e+06
2017-06-22,48383.6479899388,32498.115102270935,1.3181505e+06
2017-06-23,47631.61667613653,31960.49591400072,1.2976624e+06
2017-06-26,49539.45420378881,33208.6816268896,1.2456858e+06
2017-06-27,50752.064429694656,33988.34397052601,1.2761772e+06
2017-06-28,49317.98115139327,33027.947259712244,1.2401168e+06
2017-06-29,49435.55069387314,33106.682855892745,1.2430731e+06
2017-06-30,48206.53261570133,32283.617042584516,1.2121691e+06
2017-07-03,44716.33745482841,29946.254907959563,1.124407e+06
2017-07-05,42220.0214851516,28274.487526870522,1.0616364e+06
2017-07-06,42820.17413507791,28676.406048407225,1.0767274e+06
2017-07-07,43207.06356550136,28935.5035095166,1.0864559e+06
2017-07-10,41680.01665045501,27883.914122052778,1.124854e+06
2017-07-11,41972.98237118413,28052.024155486575,1.1327605e+06
2017-07-12,41194.71412915102,27531.880046309594,1.1117568e+06
2017-07-13,41751.345718540746,27903.89656524982,1.1267791e+06
2017-07-14,40705.588776274075,27204.980325612476,1.0985564e+06
2017-07-17,41809.94172324068,27943.058341382886,1.1283605e+06
2017-07-18,41430.359231384784,27689.369977368715,1.1181164e+06
2017-07-19,42023.932678284546,28086.076042313933,1.1341358e+06
2017-07-20,41830.320420002994,27956.678143015724,1.1289105e+06
2017-07-21,40031.76867102223,26726.685911117565,1.1774496e+06
2017-07-24,39690.49385572456,26472.111565694016,1.1674118e+06
2017-07-25,39193.77918808864,26114.348890050896,1.1820216e+06
2017-07-26,38123.4599062833,25375.093534403637,1.1497425e+06
2017-07-27,38053.929136074265,25303.43854387377,1.1518394e+06
2017-07-28,36736.51734690858,24402.140194924497,1.1119631e+06
2017-07-31,37179.44107993028,24671.949041764376,1.0985565e+06
2017-08-01,37914.72302559212,25135.203703983338,1.1202821e+06
2017-08-02,40381.176265366725,26770.315335057065,1.1931595e+06
2017-08-03,41523.65601058294,27527.71137628098,1.2269169e+06
2017-08-04,41726.09321575127,27634.387477648805,1.2209354e+06
2017-08-07,40545.3986503396,26852.43621888529,1.2554834e+06
2017-08-08,40733.01701518014,26976.69224652531,1.2496738e+06
2017-08-09,41643.971643495825,27579.999942821454,1.221726e+06
2017-08-10,41354.548742916515,27388.32073292853,1.2302169e+06
2017-08-11,42039.80278110772,27814.762956888222,1.2506019e+06
2017-08-14,41869.93406084057,27702.372843817946,1.2455486e+06
2017-08-15,41936.95914276684,27746.71859814159,1.2475425e+06
2017-08-16,40666.98047711756,26906.463572939276,1.2097631e+06
2017-08-17,40151.59518872325,26565.469593904785,1.1944314e+06
2017-08-18,39042.24462837999,25831.490820676434,1.1614304e+06
2017-08-21,39445.53905112297,26098.322204944307,1.1734276e+06
2017-08-22,38125.872551565335,25199.093933522814,1.212685e+06
2017-08-23,38143.16650580479,25185.325187229802,1.2132351e+06
2017-08-24,38670.577994399784,25508.381265800293,1.1964595e+06
2017-08-25,38936.1204942616,25683.541805933153,1.1882436e+06
2017-08-28,38744.62867537282,25557.227523115755,1.1940875e+06
2017-08-29,38095.46351385155,25129.016896241825,1.2140945e+06
2017-08-30,37802.072673136725,24935.486677326266,1.2234449e+06
2017-08-31,37855.18261766368,24970.519738228413,1.221726e+06
2017-09-01,38474.03007052017,25378.731810339643,1.2017534e+06
2017-09-05,39030.907547478564,25746.06645433303,1.1843591e+06
2017-09-06,38342.11821572006,25291.718425481326,1.2052599e+06
2017-09-07,37553.644071648574,24746.323307305425,1.1804746e+06
2017-09-08,39772.52450613089,26208.475222767815,1.2502238e+06
2017-09-11,39875.323254063216,26250.006939337516,1.2469922e+06
2017-09-12,39492.78339533725,25998.18016712178,1.2589552e+06
2017-09-13,38262.37258060214,25188.198208624646,1.2981784e+06
2017-09-14,38482.2363330385,25307.746768796413,1.305638e+06
2017-09-15,37956.386071876565,24936.61490898442,1.3234791e+06
2017-09-18,36980.362172184556,24270.44938249003,1.2894469e+06
2017-09-19,36863.04389107716,24193.452640543586,1.2853561e+06
2017-09-20,37595.55473066145,24650.010760088244,1.2598146e+06
2017-09-21,36016.764419795574,23590.206502248308,1.2069099e+06
2017-09-22,35390.990922351586,23180.338312638683,1.1859404e+06
2017-09-25,35417.6641699453,23197.808716461954,1.1868341e+06
2017-09-26,35856.730837450676,23462.190137072743,1.1721211e+06
2017-09-27,35712.66023441344,23344.458006462122,1.1674116e+06
2017-09-28,35870.4022685151,23447.569963587954,1.172568e+06
2017-09-29,35825.18182013838,23394.562936243292,1.1740462e+06
2017-10-02,36518.54461579554,23823.94819846157,1.1967689e+06
2017-10-03,37239.181401725094,24294.07683142099,1.2203851e+06
2017-10-04,37272.74873680131,24315.975471151287,1.2214851e+06
2017-10-05,37435.33648182015,24422.044375478825,1.2268134e+06
2017-10-06,35973.08517172455,23468.101664142458,1.1788931e+06
2017-10-09,37300.01971892764,24333.766499581754,1.2223789e+06
2017-10-10,37403.866882305854,24377.180488829534,1.2189756e+06
2017-10-11,37517.78808444287,24427.049046481545,1.2226882e+06
2017-10-12,37529.39175750006,24410.17690686227,1.2223101e+06
2017-10-13,37004.82280886026,24044.57226245954,1.2052252e+06
2017-10-16,36461.25371621213,23667.333556682996,1.2229289e+06
2017-10-17,36061.53760382505,23407.87416909646,1.2363356e+06
2017-10-18,35275.43281801566,22874.198482386866,1.2093848e+06
2017-10-19,35948.235372329545,23287.600126251422,1.1863182e+06
2017-10-20,36789.9081024328,23832.843523397478,1.1585425e+06
2017-10-23,36824.83753374829,23831.63828928766,1.1596424e+06
2017-10-24,35569.47356742543,23019.21433930027,1.12011e+06
2017-10-25,35605.49610350249,23042.526758513643,1.1212442e+06
2017-10-26,35026.93367280696,22668.103095042745,1.1030249e+06
2017-10-27,34940.696950119,22612.293958601353,1.1003091e+06
2017-10-30,36190.60465572958,23421.186823581564,1.1396698e+06
2017-10-31,35049.857594916604,22682.93858805444,1.1037468e+06
2017-11-01,32667.93528807327,21141.448804213476,1.0287381e+06
2017-11-02,31922.35559880695,20637.796456232845,1.052217e+06
2017-11-03,32267.55833076128,20860.96995281764,1.0408385e+06
2017-11-06,32616.04607652815,21065.406240216875,1.0520795e+06
2017-11-07,32439.138895096457,20951.148931561915,1.04637306e+06
2017-11-08,32289.938157890057,20854.7861126838,1.0415604e+06
2017-11-09,32289.938157890057,20854.7861126838,1.0415604e+06
2017-11-10,33612.48407132741,21708.96588887518,1.084221e+06
2017-11-13,32898.458503830065,21247.80518871118,1.061189e+06
2017-11-14,33175.541250927425,21426.76190885028,1.0701268e+06
2017-11-15,33303.426296964826,21509.35777103743,1.0742519e+06
2017-11-16,33575.18240182558,21684.874224923922,1.0830178e+06
2017-11-17,32902.72105190251,21250.55819888764,1.0613265e+06
2017-11-20,31936.12382896024,20605.02095909133,1.0925055e+06
2017-11-21,32459.664850267523,20942.806902518758,1.0745958e+06
2017-11-22,32765.986145382663,21119.501001706263,1.0847366e+06
2017-11-24,32635.151214923768,21014.05110904094,1.089068e+06
2017-11-27,32711.380274921135,21042.12159724442,1.0916119e+06
2017-11-28,33742.5283347773,21684.382053462607,1.0572014e+06
2017-11-29,33886.258867211924,21755.065017066754,1.0617046e+06
2017-11-30,34140.8039202979,21896.72852833331,1.0537295e+06
2017-12-01,34288.93753709266,21991.73629676335,1.0491574e+06
2017-12-04,34120.41649641281,21861.6610048569,1.0440011e+06
2017-12-05,33046.36008010323,21151.629043354103,1.0768646e+06
2017-12-06,33259.456158337816,21288.023163205304,1.0699205e+06
2017-12-07,32843.7644001075,21021.955800713506,1.083293e+06
2017-12-08,31407.572468626826,20102.70784432428,1.1306632e+06
2017-12-11,32564.90775265363,20823.368311219394,1.172327e+06
2017-12-12,32373.928210345875,20701.247979124844,1.1654518e+06
2017-12-13,32265.069456140205,20631.639124404828,1.1615329e+06
2017-12-14,31734.143282363188,20271.511014214127,1.1806461e+06
2017-12-15,31310.95873522583,19980.912677861987,1.1649019e+06
2017-12-18,30593.025629818007,19522.76769389631,1.1381918e+06
2017-12-19,30788.911351202598,19628.24830048179,1.1309039e+06
2017-12-20,31039.73047139958,19768.51982627782,1.1401168e+06
2017-12-21,31644.314500287557,20133.797541718803,1.1179099e+06
2017-12-22,32414.016066918204,20623.522655212557,1.0907182e+06
2017-12-26,31836.817408456875,20235.65461756851,1.0712958e+06
2017-12-27,32216.8504393368,20477.20568272338,1.0840836e+06
2017-12-28,32626.50886692866,20717.109605768783,1.0702989e+06
2017-12-29,33588.48751310411,21307.227603667485,1.1018562e+06
2018-01-02,33244.7727379535,21089.188344173577,1.0905809e+06
2018-01-03,33520.37116951209,21242.928061303093,1.0815399e+06
2018-01-04,33311.54795339954,21110.590130586996,1.0882776e+06
2018-01-05,35398.124128283845,22411.80939633257,1.1564455e+06
2018-01-08,35684.33145702957,22570.60561017602,1.1470952e+06
2018-01-09,35565.63060013969,22495.526433488132,1.150911e+06
2018-01-10,35900.2550375834,22684.683357771402,1.1617395e+06
2018-01-11,35716.477666590035,22568.557957967307,1.1557924e+06
2018-01-12,35308.55562958552,22288.231280062362,1.1689928e+06
2018-01-16,34571.362947687405,21822.884547545582,1.1933998e+06
2018-01-17,34313.442179686965,21638.25132916755,1.1844962e+06
2018-01-18,34856.17353475884,21980.500801073256,1.2032314e+06
2018-01-19,34702.81770139404,21861.813241628388,1.2085252e+06
2018-01-22,34824.23324895957,21916.439857895504,1.2127535e+06
2018-01-23,35505.33738904894,22323.17256636245,1.1890341e+06
2018-01-24,34658.47962263744,21768.406852788186,1.1606738e+06
2018-01-25,35193.2829019183,22104.307777939764,1.1785838e+06
2018-01-26,35878.97985514509,22534.982476255398,1.201547e+06
2018-01-29,35498.15096401627,22295.790268932677,1.1887935e+06
2018-01-30,34626.65918438557,21726.12518161384,1.2179788e+06
2018-01-31,35121.172695121466,22036.40236951801,1.2005845e+06
2018-02-01,34568.08604555001,21667.337692752113,1.1816778e+06
2018-02-02,33500.120533511414,20997.935014135142,1.1451702e+06
2018-02-05,33584.59199193227,21050.881874212733,1.1480579e+06
2018-02-06,32475.39777656455,20334.586089292654,1.1859748e+06
2018-02-07,35277.69531415657,22089.25468236218,1.083637e+06
2018-02-08,35815.984903070355,22426.3066274083,1.0671022e+06
2018-02-09,35203.321656790315,22042.685351667762,1.0853559e+06
2018-02-12,34319.1430190881,21489.053745663423,1.112616e+06
2018-02-13,34462.289901832875,21578.685676598172,1.1079752e+06
2018-02-14,33204.87710202386,20791.35216944875,1.1484015e+06
2018-02-15,33063.737951160045,20702.977386988627,1.1532828e+06
2018-02-16,33134.694204576364,20747.4068980171,1.1508078e+06
2018-02-20,33280.1933112051,20838.511682322227,1.1457544e+06
2018-02-21,34565.269774032175,21622.328379006234,1.1899964e+06
2018-02-22,33978.14811342405,21233.431690349167,1.2102095e+06
2018-02-23,34496.434051601675,21536.082568881575,1.2286695e+06
2018-02-26,35117.02684666276,21901.981826907508,1.2065656e+06
2018-02-27,35910.4324724121,22396.81744247385,1.1793055e+06
2018-02-28,37180.16172378758,23188.729215362495,1.1376072e+06
2018-03-01,37650.910096671905,23459.1394389565,1.1520109e+06
2018-03-02,37849.77058621698,23559.58423546914,1.1459262e+06
2018-03-05,37265.01937905533,23172.046346780386,1.1282225e+06
2018-03-06,36799.488475302525,22859.398973240255,1.1423169e+06
2018-03-07,36445.115185236355,22616.407155075398,1.1313165e+06
2018-03-08,36658.8487197565,22726.425385369876,1.1246818e+06
2018-03-09,34603.88075643235,21452.460770582544,1.1877275e+06
2018-03-12,34236.31848504075,21203.140364500396,1.1751114e+06
2018-03-13,35759.64630724095,22125.360321726617,1.1228254e+06
2018-03-14,35646.88163768077,22033.464725867798,1.1192846e+06
2018-03-15,36112.17646529357,22299.031654229282,1.1046748e+06
2018-03-16,35236.764499137505,21736.171486290008,1.0778959e+06
2018-03-19,35575.017272067875,21923.090121300145,1.0675486e+06
2018-03-20,34889.97958956489,21500.935924293157,1.0881055e+06
2018-03-21,35708.96118411147,22005.633003359027,1.0625641e+06
2018-03-22,34835.58820325626,21445.411621298794,1.0365758e+06
2018-03-23,35140.576805925346,21633.16806410322,1.0456511e+06
2018-03-26,38028.7190077871,23389.5269304604,959710.9
2018-03-27,35113.70233591318,21573.25921229834,886146.2
2018-03-28,36251.10534394518,22272.060201336342,914850.25
2018-03-29,38110.45039316011,23392.13799442268,867927.0
2018-04-02,40382.16130980511,24763.118651747776,919662.9
2018-04-03,43311.99417268153,26559.748561092983,986386.9
2018-04-04,46146.727952903784,28298.061882344482,1.050945e+06
2018-04-05,45177.665846918266,27703.814344989292,1.02887556e+06
2018-04-06,43722.5634174108,26811.517525215284,995737.06
2018-04-09,45992.7671162809,28203.650133657586,1.0474386e+06
2018-04-10,45423.70685810032,27854.691429213544,1.0344789e+06
2018-04-11,44389.73688166058,27220.64113625151,1.0109312e+06
2018-04-12,43444.8241367644,26613.981810843266,1.03245056e+06
2018-04-13,42124.14855751027,25778.33161947966,1.00106525e+06
2018-04-16,41614.97268810954,25466.73589912631,988964.9
2018-04-17,42433.706565929715,25967.76901512476,1.0084218e+06
2018-04-18,43407.21319570189,26563.51700280853,1.0315568e+06
2018-04-19,41983.83579287985,25692.465694566046,997730.75
2018-04-20,40990.07523150888,25084.32309278962,974114.3
2018-04-23,41003.095050235395,25092.290712700065,974423.8
2018-04-24,41403.77935319378,25312.401546325415,964901.6
2018-04-25,42110.33584168695,25719.045884750492,981367.7
2018-04-26,43378.898082729276,26493.82504129028,1.010931e+06
2018-04-27,43405.45166234522,26483.54891479963,1.0103122e+06
2018-04-30,42516.36776182183,25941.080260123734,1.0310066e+06
2018-05-01,42690.73292079641,26021.526927021787,1.03523494e+06
2018-05-02,45058.11138009762,27438.50715036804,977826.9
2018-05-03,46585.13168053911,28340.960202119724,1.01096544e+06
2018-05-04,45210.18201554346,27476.14218733329,1.04080394e+06
2018-05-07,45090.7203630377,27376.064139914663,1.0380538e+06
2018-05-08,44362.02693666526,26906.274252751005,1.0548294e+06
2018-05-09,44626.593771739485,27066.738242208754,1.04853856e+06
2018-05-10,45205.96977905396,27418.138996969643,1.03492575e+06
2018-05-11,46570.88992235717,28245.984752558135,1.0036779e+06
2018-05-14,45328.34127297575,27464.11326777212,976898.9
2018-05-15,44961.47729072397,27214.368928061656,984805.4
2018-05-16,45265.950107421435,27398.66081661756,978136.44
2018-05-17,44037.814549521034,26627.893917469773,951598.06
2018-05-18,42817.63489939544,25863.472501867363,977964.56
2018-05-21,44244.43790299166,26725.31553303426,945376.1
2018-05-22,44897.62626388323,27093.14071638218,959332.9
2018-05-23,45093.90774085984,27184.49218216885,955138.9
2018-05-24,44931.60969889781,27086.652139601407,958576.56
2018-05-25,44140.45215934303,26609.709310151236,975455.3
2018-05-29,45378.67380704872,27329.551358699002,1.00281856e+06
2018-05-30,44291.341197308044,26674.69942256154,978789.7
2018-05-31,45394.228204270206,27338.919078424038,1.0031624e+06
2018-06-01,44628.89238830338,26850.652531137403,1.0200755e+06
2018-06-04,43785.16236178568,26316.17776875828,1.0007905e+06
2018-06-05,39518.39276226741,23725.40684827386,1.0983154e+06
2018-06-06,39096.61632345756,23448.462195643548,1.0865931e+06
2018-06-07,38902.42392682565,23308.54551958939,1.0919901e+06
2018-06-08,40670.82524800688,24344.781818092528,1.1416292e+06
2018-06-11,41977.53489464637,25126.953339153417,1.1783086e+06
2018-06-12,41731.3811147197,24954.483418724925,1.185218e+06
2018-06-13,40165.152426055,24017.911783729876,1.2297006e+06
2018-06-14,40215.68002547711,24024.10830790025,1.2312476e+06
2018-06-15,38794.20306017439,23150.919979318474,1.2747678e+06
2018-06-18,40706.558559271856,24292.141750595558,1.2119282e+06
2018-06-19,39590.025813688386,23625.837039884085,1.2451701e+06
2018-06-20,37982.247266378756,22642.749490600876,1.194603e+06
2018-06-21,36465.18765225292,21738.36906876719,1.1468889e+06
2018-06-22,36397.42137344299,21697.97085682775,1.1447575e+06
2018-06-25,37380.0121173275,22283.732828980836,1.1756616e+06
2018-06-26,37653.25991074633,22446.626859232667,1.1842558e+06
2018-06-27,38246.748818004475,22800.429533367533,1.2029219e+06
2018-06-28,37483.84576947773,22345.63225683309,1.1789274e+06
2018-06-29,38345.11635652671,22836.72475817072,1.151839e+06
2018-07-02,35574.54795184046,21163.85501504267,1.0686146e+06
2018-07-03,35379.999165636975,21048.114899099743,1.0627705e+06
2018-07-05,35409.75445545727,21044.768671531434,1.0618768e+06
2018-07-06,36511.36635611843,21678.435237963426,1.0949121e+06
2018-07-09,36057.42462200129,21387.23124214018,1.1085251e+06
2018-07-10,35664.95039343112,21133.050427579034,1.0964591e+06
2018-07-11,35413.36419755313,20983.974550402105,1.0887245e+06
2018-07-12,35171.842340676354,20819.878261816928,1.0961498e+06
2018-07-13,34204.497186454144,20226.44099965501,1.0660019e+06
2018-07-16,35593.19511959988,21047.631752964448,1.1092814e+06
2018-07-17,35465.24516947678,20950.92237115078,1.113269e+06
2018-07-18,35068.81469559135,20695.78206014739,1.1008249e+06
2018-07-19,35797.06713421256,21104.862815597942,1.0779646e+06
2018-07-20,36982.00638613528,21803.46698512068,1.0422824e+06
2018-07-23,36278.2265056748,21366.73629033201,1.0224474e+06
2018-07-24,37657.73293381571,22179.22226056801,1.0613268e+06
2018-07-25,37912.65578981705,22307.18459601857,1.0541421e+06
2018-07-26,39083.47700315918,22996.076587119132,1.02158806e+06
2018-07-27,38161.56139313903,22430.640492383925,997490.4
2018-07-30,39209.72926676368,23046.733647135396,1.02488806e+06
2018-07-31,38854.63953001996,22814.97191502738,1.0341697e+06
2018-08-01,45144.43384334954,26485.447688971446,1.2015812e+06
2018-08-02,45321.3783944607,26562.772506542748,1.1968716e+06
2018-08-03,44516.92862900887,26064.72327732133,1.1756272e+06
2018-08-06,49408.726376092025,28928.87762338869,1.3048125e+06
2018-08-07,48207.25437377715,28225.41410444817,1.2730834e+06
2018-08-08,45878.5114884669,26861.931924545734,1.2115846e+06
2018-08-09,46274.22645845014,27093.62358672805,1.2220349e+06
2018-08-10,46393.98559634765,27163.74272758888,1.2251976e+06
2018-08-13,45252.391306753816,26495.33769225489,1.1950498e+06
2018-08-14,44087.36441544819,25813.21283621234,1.1642831e+06
2018-08-15,43665.61353109122,25566.277110157636,1.1531452e+06
2018-08-16,39767.015389927605,23283.642506909368,1.0501889e+06
2018-08-17,40149.718023749454,23507.715428273677,1.0602956e+06
2018-08-20,41901.80560609765,24533.565130801853,1.1065656e+06
2018-08-21,41867.963791692346,24513.75070166574,1.105672e+06
2018-08-22,42068.42636028416,24606.608062105868,1.100378e+06
2018-08-23,42425.8966954588,24791.092527623267,1.1097284e+06
2018-08-24,41959.34400263095,24518.467742343357,1.0975249e+06
2018-08-27,40985.50239711488,23949.41442278954,1.0720522e+06
2018-08-28,40085.255957740526,23423.36560556839,1.04850456e+06
2018-08-29,39840.80853111412,23280.525518648476,1.04211056e+06
2018-08-30,40036.6274198491,23371.66954434515,1.03698856e+06
2018-08-31,41723.513005049,24356.401151305257,993296.5
2018-09-04,40538.014842582284,23640.00166150798,965073.75
2018-09-05,40507.69160320166,23598.678469583607,965795.7
2018-09-06,37954.24504375703,22087.51133286014,904915.7
2018-09-07,34744.77443856382,20197.669153163857,981436.8
2018-09-10,35482.2630097478,20626.382546924753,960604.94
2018-09-11,36891.69974697603,21425.083311289865,998762.44
2018-09-12,36754.56436110086,21345.44108587188,995049.75
2018-09-13,37483.41009814745,21768.72276561019,1.0147817e+06
2018-09-14,37437.69830382947,21742.175357703036,1.01354406e+06
2018-09-17,36183.1723486467,21013.601632710343,979580.56
2018-09-18,37968.460801966874,22050.41896857202,1.0279134e+06
2018-09-19,38056.0771975378,22079.25231444532,1.0255414e+06
2018-09-20,38154.30325028109,22114.16153708886,1.02818844e+06
2018-09-21,38228.28848105767,22157.04323601597,1.0301822e+06
2018-09-24,38061.179370490914,22038.030070387907,1.0346855e+06
2018-09-25,36974.946477709775,21409.08389608426,1.0642146e+06
2018-09-26,37220.98355341698,21551.543288109024,1.0571332e+06
2018-09-27,42395.27204368477,24547.5388727806,910175.44
2018-09-28,49749.636338493314,28781.285589582832,1.0680648e+06
2018-10-01,51299.60652805079,29649.19698285967,1.0347888e+06
2018-10-02,50239.59756550301,29006.903427347657,1.0134069e+06
2018-10-03,52449.93359929897,30254.081186640036,968821.06
2018-10-04,56149.70129612255,32388.17487542413,900481.3
2018-10-05,53708.22560771004,30947.49886062993,861327.0
2018-10-08,56331.90323564935,32459.30193143658,903403.3
2018-10-09,57600.87155556832,33158.0415322898,883052.6
2018-10-10,58643.55778499014,33758.2656672139,867067.7
2018-10-11,57120.67455122536,32881.61529456656,889584.06
2018-10-12,56941.88622327101,32778.69548374253,892368.44
2018-10-15,53212.88300864206,30632.08832094247,950807.7
2018-10-16,52287.495526740655,30068.755324984282,934272.9
2018-10-17,53801.600312500996,30909.396590875214,907218.8
2018-10-18,53004.49077736255,30420.54217768903,893777.75
2018-10-19,52810.81412665938,30278.965983695023,897043.6
2018-10-22,46093.85736655284,26427.813362464232,1.01113775e+06
2018-10-23,46977.68469553878,26934.553848714677,991749.7
2018-10-24,42685.372428705174,24473.56590016413,1.082365e+06
2018-10-25,44859.90266907655,25695.854541352976,1.1375042e+06
2018-10-26,45395.403593091374,26002.59069171316,1.1510828e+06
2018-10-29,44724.33536490251,25618.201280392583,1.1340666e+06
2018-10-30,45730.26082463473,26194.397677504716,1.1595736e+06
2018-10-31,46673.821172984855,26734.871196608146,1.1834994e+06
2018-11-01,46385.05800767012,26542.73212586246,1.1908215e+06
2018-11-02,45714.20875510084,26132.312068309147,1.1735991e+06
2018-11-05,45759.73603127477,26132.205209179792,1.1724304e+06
2018-11-06,46712.33718730517,26650.07895878807,1.1968372e+06
2018-11-07,46277.62988973167,26375.421939867312,1.2079751e+06
2018-11-08,46394.83937992322,26442.22418895667,1.2049156e+06
2018-11-09,48940.19471327203,27892.92123338034,1.1388105e+06
2018-11-12,47839.598997175075,27265.648910522927,1.1644208e+06
2018-11-13,47095.30852431045,26841.44880964473,1.1825368e+06
2018-11-14,47703.16952576973,27161.050997479415,1.1977999e+06
2018-11-15,46899.538775104586,26676.321696427458,1.2179786e+06
2018-11-16,47010.727967238425,26739.56578658262,1.2150911e+06
2018-11-19,47806.054141711465,27191.945009021667,1.1945342e+06
2018-11-20,49085.50651604421,27919.69381048911,1.1625646e+06
2018-11-21,47291.55503237337,26871.379713320657,1.1200758e+06
2018-11-23,50219.06688431497,28534.81164181018,1.1894124e+06
2018-11-26,50520.96488617999,28677.81730578298,1.1822621e+06
2018-11-27,49940.71795245915,28348.44482457689,1.1958406e+06
2018-11-28,50902.57964388041,28894.43783801508,1.1728088e+06
2018-11-29,49513.52762212119,28105.953686970362,1.2048129e+06
2018-11-30,48381.93032042153,27463.611626501584,1.232348e+06
2018-12-03,48218.62662332539,27370.913602993263,1.2365075e+06
2018-12-04,47768.20885971193,27115.23760065865,1.2480579e+06
2018-12-06,48437.904316979795,27495.38481315368,1.2305605e+06
2018-12-07,47466.36342557056,26943.89748008904,1.2552424e+06
2018-12-10,47257.0756842007,26825.096985584103,1.260777e+06
2018-12-11,47236.461155980935,26786.570218302564,1.260227e+06
2018-12-12,45923.47946172907,26015.225832199478,1.2952561e+06
2018-12-13,47273.91889623117,26780.237265850927,1.2571674e+06
2018-12-14,49508.929336131354,28046.34998232708,1.1977312e+06
2018-12-17,51127.400202250516,28963.198739834974,1.1585768e+06
2018-12-18,51743.30038712182,29312.10049090706,1.1446201e+06
2018-12-19,54476.773626264985,30860.587767047487,1.0841526e+06
2018-12-20,55235.07670839845,31259.298852903194,1.0992438e+06
2018-12-21,51023.826301540954,28876.017379296543,1.0154348e+06
2018-12-24,56326.74873674749,31877.111015338905,1.1209692e+06
2018-12-26,54606.32163904386,30903.46622281573,1.0867308e+06
2018-12-27,51542.02435322031,29138.37878618966,1.1477139e+06
2018-12-28,51376.84132380185,29015.857081066486,1.1440356e+06
2018-12-31,47875.56094355345,27038.455425060754,1.0660708e+06
2019-01-02,46368.83496387997,26187.508878717093,1.0325196e+06
2019-01-03,43693.47424274837,24650.37047592482,1.0920934e+06
2019-01-04,46068.70564210464,25965.744788194257,1.1514609e+06
2019-01-07,46015.06893600671,25909.547739912574,1.1528016e+06
2019-01-08,45578.72529567189,25663.857216315082,1.1637332e+06
2019-01-09,44711.66306689211,25175.64344788007,1.1858714e+06
2019-01-10,44414.85289900264,25008.5195601528,1.1937436e+06
2019-01-11,46059.6595025351,25934.65519794602,1.149536e+06
2019-01-14,44678.14480006558,25156.77043183159,1.1840151e+06
2019-01-15,44468.00496033166,25038.44770982903,1.1895841e+06
2019-01-16,44306.093557539185,24947.280809131305,1.1939155e+06
2019-01-17,38559.09850021312,21686.392645436405,1.0390513e+06
2019-01-18,38133.01504480436,21446.754960087826,1.0275697e+06
2019-01-22,36687.65555264434,20633.85645675229,988621.6
2019-01-23,37187.72746400999,20915.10669969481,1.00209706e+06
2019-01-24,37893.18750634957,21311.871252521625,1.0211071e+06
2019-01-25,37808.990567062625,21264.517243845552,1.0188382e+06
2019-01-28,37946.76638056269,21342.005061372984,1.0225509e+06
2019-01-29,39389.574669454545,22153.468717994165,1.0614302e+06
2019-01-30,39612.821199640995,22256.87347285155,1.0554145e+06
2019-01-31,40282.45116755075,22610.85512564484,1.0732555e+06
2019-02-01,40370.1882241422,22660.1026222157,1.0755931e+06
2019-02-04,39278.65033112319,22024.75375692242,1.1046752e+06
2019-02-05,38773.84327250056,21719.668076499438,1.090478e+06
2019-02-06,39960.69749839409,22362.7801007685,1.0570989e+06
2019-02-07,39738.48364366454,22216.06214471364,1.0512205e+06
2019-02-08,40653.32701599984,22727.5113835605,1.0754212e+06
2019-02-11,40519.47597297695,22652.681072555282,1.0718804e+06
2019-02-12,40046.46149949876,22388.239202242094,1.0593675e+06
2019-02-13,40618.237687463596,22685.506223129767,1.0442421e+06
2019-02-14,40068.673683537985,22378.571743918958,1.0583706e+06
2019-02-15,39777.1503590277,22193.375813055423,1.0506704e+06
2019-02-19,39376.31043436363,21969.73005138946,1.04008275e+06
2019-02-20,37901.77818614218,21147.0253569135,1.00113456e+06
2019-02-21,38354.679309906765,21399.718291302685,1.0130975e+06
2019-02-22,38883.062074776644,21694.525666090834,1.0270541e+06
2019-02-25,38764.63049069649,21628.44761298993,1.0239259e+06
2019-02-26,40961.462493166524,22854.154275958543,1.0819528e+06
2019-02-27,41630.39781490498,23227.381941992175,1.099622e+06
2019-02-28,44895.705518958115,25026.009579005036,1.01337244e+06
2019-03-01,43459.544120973675,24200.430632625008,980955.8
2019-03-04,42116.28383416663,23452.43665224762,950636.1
2019-03-05,42161.9740546526,23454.42679751437,949604.8
2019-03-06,42215.392185508725,23460.688522958706,950807.9
2019-03-07,43367.73558003092,24101.089287958697,976761.8
2019-03-08,44402.55300389967,24676.17643041213,1.00006875e+06
2019-03-11,45556.42044752029,25292.74799065106,974080.44
2019-03-12,46456.74410736642,25767.311447665394,993331.06
2019-03-13,46295.969731375,25652.370357500025,996768.75
2019-03-14,48615.880487442046,26937.82155889583,946820.25
2019-03-15,47567.41710537833,26329.935306209285,926400.9
2019-03-18,47210.86945427277,26132.57591277422,919456.9
2019-03-19,48292.86965566285,26731.49418577595,940529.44
2019-03-20,48367.00312577315,26772.52919652091,941973.2
2019-03-21,46691.93017467581,25845.328076101294,909350.3
2019-03-22,45966.48268764257,25443.771999190034,895221.8
2019-03-25,47263.82343244156,26161.887464761625,920488.25
2019-03-26,48509.977750589984,26851.669769016517,944757.75
2019-03-27,49178.946438455205,27221.963204002695,957786.25
2019-03-28,49397.8169279292,27343.114323381786,962048.8
2019-03-29,51042.88298331199,28253.70576282684,994087.44
2019-04-01,50460.39993766296,27931.284621587944,982743.25
2019-04-02,51507.10092267552,28510.663761709686,1.0031283e+06
2019-04-03,55748.61593354836,30829.953811810374,920522.6
2019-04-04,54253.820274287966,30003.30582492538,945204.75
2019-04-05,53906.54227382812,29781.25174735041,939154.44
2019-04-08,54082.154282301395,29848.489247197886,936094.94
2019-04-09,54826.92342372832,30229.686397765403,948985.94
2019-04-10,56344.2644026205,31036.066520674172,922722.75
2019-04-11,56193.12754841083,30921.779860491315,920247.6
2019-04-12,55916.04731861503,30769.30901141713,915710.06
2019-04-15,54450.867831003234,29932.285280403525,939704.5
2019-04-16,54026.59030956215,29669.122629552967,932382.4
2019-04-17,54430.94446626563,29891.176862334745,939360.6
2019-04-18,56524.44159725737,31010.9459314387,903231.44
2019-04-22,56771.834340145455,31115.66181016474,907184.7
2019-04-23,55644.57404831969,30497.829914821617,889171.7
2019-04-24,53271.73328750812,29197.316878719535,851254.94
2019-04-25,55958.66338392909,30640.77953768148,808319.2
2019-04-26,57465.07779927579,31434.992484122533,830079.2
2019-04-29,56803.496520629196,31073.089162690776,820522.7
2019-04-30,55689.74824524753,30463.837944270457,804434.7
2019-05-01,58090.96470447307,31777.369992589676,839120.1
2019-05-02,60692.09378693965,33200.25979434332,876693.25
2019-05-03,60765.86570878162,33240.61508311091,877758.8
2019-05-06,62736.342047323415,34285.27971525577,849295.44
2019-05-07,62172.61115836422,33942.91668377238,841663.94
2019-05-08,61446.368558969065,33546.42711088495,831832.44
2019-05-09,60821.69850320101,33205.39070815491,823375.9
2019-05-10,57645.01197489044,31471.089958162975,780371.4
2019-05-13,58990.84994250444,32205.845426100786,798590.7
2019-05-14,58899.43392816089,32155.937177104748,797353.2
2019-05-15,57980.20278572351,31654.086193214014,784909.06
2019-05-16,53587.18850822829,29255.73561997157,725438.44
2019-05-17,52147.39531725991,28469.685630878772,705947.2
2019-05-20,52076.292354770485,28430.86722054049,704984.6
2019-05-21,48940.23924233542,26718.75013991587,662530.2
2019-05-22,49641.0905003823,27101.377399996807,672018.0
2019-05-23,48406.98154106665,26427.61998810286,655311.2
2019-05-24,47916.8927699411,26160.057760684187,648676.6
2019-05-28,48211.45386397424,26320.872345865115,652664.25
2019-05-29,47795.00718135236,26093.514755631975,647026.6
2019-05-30,47017.97467545354,25669.29661331967,636507.56
2019-05-31,45446.1358086661,24811.1567555649,615228.75
2019-06-03,49161.1582247767,26839.36007530636,665521.0
2019-06-04,49920.4131458761,27253.872608212154,675799.44
2019-06-05,52297.21140953789,28551.47719541717,707975.4
2019-06-06,51929.01183627633,28350.45994352173,702990.9
2019-06-07,54056.96060192498,29512.2060293628,731798.06
2019-06-10,55128.55055184924,30097.236764147274,746304.75
2019-06-11,53137.72947871319,29010.35505596822,719353.94
2019-06-12,54318.509345940205,29654.997639067617,735338.75
2019-06-13,54574.97982727133,29795.016789260542,738810.75
2019-06-14,57142.2275703221,31196.596594667382,773564.94
2019-06-17,57068.589111459885,31156.393939071742,772568.0
2019-06-18,56639.446742407104,30890.94878989393,778377.5
2019-06-19,54935.984119940214,29930.995506236202,754967.4
2019-06-20,54375.6657642087,29595.78398365601,762667.6
2019-06-21,54811.92590074464,29803.63744429561,768786.5
2019-06-24,55762.872760819584,30290.905137236372,755448.7
2019-06-25,55887.20939889751,30358.445942123806,753764.2
2019-06-26,56797.12536538166,30822.362214448967,766036.44
2019-06-27,56639.10120309973,30705.784139473442,768167.7
2019-06-28,55698.7484487925,30195.990232518987,780921.25
2019-07-01,56341.13303629703,30544.246508827255,771914.75
2019-07-02,58938.0173474976,31921.552447104663,807494.0
2019-07-03,58486.38545316669,31676.943078644425,801306.25
2019-07-05,59178.88837632056,32020.33420497325,791818.5
2019-07-08,59106.948717982035,31949.388977689126,790855.94
2019-07-09,61383.261593027295,33179.81631418971,821313.2
2019-07-10,61301.04589141761,33135.37582981732,820213.1
2019-07-11,62965.886274120574,34035.2807331567,842488.75
2019-07-12,65129.14800364875,35204.59994107273,871433.44
2019-07-15,64841.39671456739,35049.06022767022,867583.4
2019-07-16,65478.56287133515,35393.47099201406,876108.75
2019-07-17,65139.42402015035,35210.15449016504,871571.06
2019-07-18,66331.53339256899,35854.53162127153,887521.56
2019-07-19,65689.2365111339,35507.34751941511,878927.5
2019-07-22,66842.80701836443,36130.8930356039,894362.44
2019-07-23,68052.89570607262,36784.98862029661,910553.56
2019-07-24,58788.372983185254,31777.187564984855,786593.44
2019-07-25,58587.97543083793,31668.865625026992,783912.06
2019-07-26,60573.96419377439,32742.362546600834,810484.8
2019-07-29,62241.37359737204,33643.65609627769,832794.9
2019-07-30,62408.37769102611,33700.28403877939,830560.3
2019-07-31,64412.79741690737,34782.66298523363,803884.5
2019-08-01,64277.82735818656,34709.77967238513,805568.9
2019-08-02,65929.07712417105,35601.4481981742,784874.44
2019-08-05,66630.76033910866,35944.75298858575,793227.9
2019-08-06,67401.74029694052,36360.667260048016,802406.2
2019-08-07,68810.88146930713,37120.84515849883,819181.75
2019-08-08,69760.89868590047,37596.22235495893,807871.94
2019-08-09,71541.95064347099,38556.08420714131,787246.25
2019-08-12,69670.69186330204,37547.60721633214,807837.56
2019-08-13,74230.42099377785,40004.98080951952,754967.2
2019-08-14,75575.63482237296,40729.95653614457,741285.56
2019-08-15,77082.66253405076,41501.4086186964,756067.25
2019-08-16,74667.91967389226,40159.8064240644,779752.4
2019-08-19,74987.22476481716,40331.54323818439,776417.9
2019-08-20,76657.220400676,41229.74291694915,759126.75
2019-08-21,77115.43656160576,41434.96268546478,763664.44
2019-08-22,73383.76190016983,39429.89330837102,726710.1
2019-08-23,74633.43684119235,40101.35724424412,739085.5
2019-08-26,74314.0784371427,39929.76250076477,735922.94
2019-08-27,74838.24988563723,40211.40552034109,741113.75
2019-08-28,76962.69937450165,41352.895333835564,762151.94
2019-08-29,75608.88726597173,40584.12447004797,775558.56
2019-08-30,75809.96562443515,40692.056082629504,773496.0
2019-09-03,74351.10954637505,39868.302685522176,758611.1
2019-09-04,71352.5378682474,38220.55033084061,789205.9
2019-09-05,72014.53417883633,38575.15388193525,781883.75
2019-09-06,73388.65653402919,39272.63821810761,796803.06
2019-09-09,74575.9702592597,39908.0081047433,809694.2
2019-09-10,78236.06020435957,41866.64033822736,849432.94
2019-09-11,78625.50260457823,42033.17689278189,845204.6
2019-09-12,78411.24854716752,41876.603542576224,842901.44
2019-09-13,77646.95866681826,41468.42404149692,834685.5
2019-09-16,77013.784785406,41088.80041527845,841492.0
2019-09-17,76604.80124919322,40829.50856278091,837023.25
2019-09-18,75626.36239053591,40267.18200564865,847714.25
2019-09-19,77460.29370328921,41243.6569228891,827157.2
2019-09-20,77263.91393355194,41139.09470833484,829254.25
2019-09-23,83035.56958987542,44212.207065464325,767308.5
2019-09-24,85077.8861738151,45255.42430758979,786181.0
2019-09-25,79921.8720353985,42467.53365732861,833826.4
2019-09-26,80063.55797632525,42542.820338081176,832348.1
2019-09-27,80480.19218217624,42764.20438113681,828016.75
2019-09-30,81756.5448201573,43399.64687076397,841148.5
2019-10-01,82277.77704741179,43632.93815610257,835785.75
2019-10-02,85695.73296366233,45445.52309052669,801065.8
2019-10-03,85107.34597043604,45088.04855779843,795565.75
2019-10-04,82794.23125107812,43817.5218870282,817188.25
2019-10-07,83605.73054338298,44203.17737871436,825197.9
2019-10-08,85166.05232784445,45028.134952294,840598.4
2019-10-09,85092.91286553626,44944.43725958795,841320.3
2019-10-10,83997.70362033126,44365.968835489926,852148.8
2019-10-11,87071.08499037908,45944.9036975847,883328.06
2019-10-14,86755.95240621506,45732.67240578265,886525.06
2019-10-15,86130.23296964119,45402.82965474262,892919.06
2019-10-16,85394.11142799008,45014.7893603137,900550.44
2019-10-17,83757.74419914042,44107.17731581473,883293.6
2019-10-18,82633.15318620545,43514.96299951987,871433.94
2019-10-21,83311.17562634379,43872.01244345163,878584.2
2019-10-22,83604.55448944806,43982.634963536264,875490.3
2019-10-23,98376.83734331552,51710.04622340847,1.03018275e+06
2019-10-24,107716.20720857536,56619.120965715265,1.1279828e+06
2019-10-25,107854.08125425864,56634.97290061823,1.126539e+06
2019-10-28,111635.60923733989,58620.68111262231,1.0870408e+06
2019-10-29,112062.77160616682,58844.98722047971,1.0828814e+06
2019-10-30,112094.79129197035,58861.80099346521,1.0825719e+06
2019-10-31,112667.870058401,59162.728877039735,1.0770372e+06
2019-11-01,114163.83196644718,59889.10677061557,1.0913378e+06
2019-11-04,114073.9320620414,59841.946256809344,1.0904784e+06
2019-11-05,110708.03562815752,58016.39158494123,1.1226545e+06
2019-11-06,107670.66343674732,56424.660926491655,1.1534555e+06
2019-11-07,107157.2435881538,56155.603971280834,1.1589556e+06
2019-11-08,104630.39656571449,54831.41331522519,1.1862846e+06
2019-11-11,103162.92339743118,54062.38604915142,1.2029226e+06
2019-11-12,102036.74578820624,53418.15185849689,1.1897909e+06
2019-11-13,101081.55417339948,52864.672965387195,1.2009289e+06
2019-11-14,100265.61153614624,52437.94287571214,1.210623e+06
2019-11-15,99644.94423237041,52060.90194960438,1.2031289e+06
2019-11-18,96931.67419448489,50591.25497248218,1.2358894e+06
2019-11-19,98899.86121039807,51618.50485734239,1.2107949e+06
2019-11-20,99632.72226900852,51949.38630395782,1.219767e+06
2019-11-21,105751.13123878368,55087.6296966714,1.1448615e+06
2019-11-22,106798.98623080584,55578.3882163269,1.1562055e+06
2019-11-25,104442.89084936204,54352.27186067553,1.1306985e+06
2019-11-26,103690.33355352048,53906.28739248557,1.1388458e+06
2019-11-27,104112.87026898788,54125.9547890236,1.134205e+06
2019-11-29,105668.53637966135,54880.584882892006,1.1511524e+06
2019-12-02,105248.85249649816,54607.73499737297,1.1557244e+06
2019-12-03,106241.23876506857,55122.628652588144,1.1448271e+06
2019-12-04,107089.80931207188,55562.904384419766,1.1356832e+06
2019-12-05,105300.49497112926,54634.52938517267,1.1546588e+06
2019-12-06,104159.37705800738,54042.46720945832,1.1671715e+06
2019-12-09,107015.46221413178,55470.28737196982,1.1991756e+06
2019-12-10,108199.60761055723,56084.076109325186,1.2124446e+06
2019-12-11,110340.90135482287,57193.99216149854,1.2364391e+06
2019-12-12,109945.16808486076,56988.86817517661,1.2320046e+06
2019-12-13,117034.73388904113,60663.66660489777,1.3114476e+06
2019-12-16,116264.73566614874,60264.54649817634,1.3028194e+06
2019-12-17,111920.80648798464,57952.6540574389,1.3514958e+06
2019-12-18,108820.66524521883,56347.399247284426,1.3889315e+06
2019-12-19,108403.20483855806,56131.23802320955,1.3942599e+06
2019-12-20,104760.2757657488,54244.927381452646,1.4411144e+06
2019-12-23,103253.41746186498,53464.67533771909,1.4618432e+06
2019-12-24,101871.84852184396,52749.29819427316,1.4814034e+06
2019-12-26,102004.23337271903,52817.8471415686,1.4794782e+06
2019-12-27,105720.54069933397,54742.15308278393,1.4255766e+06
2019-12-30,104795.14056685544,54262.98039429912,1.4380551e+06
2019-12-31,101806.57433500687,52715.49918506876,1.4790659e+06
2020-01-02,104823.43477134584,54224.91564948329,1.5228954e+06
2020-01-03,102805.09749326423,53126.609618814866,1.5522184e+06
2020-01-06,106793.98939366933,55134.82342880277,1.6124451e+06
2020-01-07,101539.20968979821,52366.78919244721,1.6917852e+06
2020-01-08,99310.93044022229,51165.23254762238,1.6546591e+06
2020-01-09,99969.09352071125,51453.15453254622,1.6436931e+06
2020-01-10,90203.21693758787,46426.749477936835,1.8042636e+06
2020-01-13,87958.70640387411,45271.52096406444,1.8491589e+06
2020-01-14,84783.22014738522,43591.85645906027,1.7824005e+06
2020-01-15,83964.00420732656,43170.65113557844,1.7651781e+06
2020-01-16,83475.09069728953,42919.27300304962,1.7548996e+06
2020-01-17,89476.1407991358,46004.7528207371,1.88106e+06
2020-01-21,93132.37266193163,47884.62874744727,1.9579252e+06
2020-01-22,93564.05258431518,48106.57985027269,1.9670004e+06
2020-01-23,92357.30055900879,47486.120271391505,1.9416308e+06
2020-01-24,91245.38579979134,46914.42190355107,1.918255e+06
2020-01-27,92697.40866546612,47660.989116093064,1.948781e+06
2020-01-28,95001.3576035678,48845.57978420099,1.997217e+06
2020-01-29,104782.91165589418,53874.83084890831,2.202855e+06
2020-01-30,103186.99559763826,53000.40516364193,2.2364058e+06
2020-01-31,123715.90307908702,63491.76073843481,2.6813358e+06
2020-02-03,140696.70240964554,72206.41117067536,3.049366e+06
2020-02-04,116530.86214168173,59804.353632802085,2.5256118e+06
2020-02-05,114269.0776371168,58583.78759023803,2.574632e+06
2020-02-06,114133.28896878017,58455.58729162408,2.5715725e+06
2020-02-07,117674.44495913565,60269.259314727744,2.6513592e+06
2020-02-10,118147.40925141252,60511.49719048522,2.662016e+06
2020-02-11,117065.69197001033,59957.474612680075,2.6376435e+06
2020-02-12,122666.54239779242,62826.059265297095,2.763838e+06
2020-02-13,122060.8449573663,62515.839522038594,2.7501908e+06
2020-02-14,130966.36925184715,67076.977271395,2.9508438e+06
2020-02-18,139971.06746217315,71688.90887368524,3.1537315e+06
2020-02-19,137223.28080371523,70281.5764089546,3.0918202e+06
2020-02-20,137465.86532767338,70405.82079850964,3.0972858e+06
2020-02-21,127211.61284849027,65153.90563578087,2.8662442e+06
2020-02-24,122042.52949624126,62506.45890183346,2.749778e+06
2020-02-25,118821.76971397,60856.88403810191,2.67721e+06
2020-02-26,103595.25377878503,53058.32728539166,2.3341368e+06
2020-02-27,101915.45169052662,52197.98392290693,2.2962888e+06
2020-02-28,113454.35393542376,58107.857488458925,2.5562752e+06
2020-03-02,113742.71060761041,58255.54497538257,2.5627722e+06
2020-03-03,114351.46358183383,58567.32966979795,2.5764882e+06
2020-03-04,110543.30496683202,56616.90705120084,2.4906855e+06
2020-03-05,107330.17541856522,54971.240160453606,2.4182895e+06
2020-03-06,92762.75947755262,47510.25430919869,2.0900665e+06
2020-03-09,98458.20975887706,50427.290119637255,2.2183925e+06
2020-03-10,96764.68392908465,49559.91787558383,2.180235e+06
2020-03-11,85523.29589924723,43802.42201092923,1.9269518e+06
2020-03-12,83397.9947101816,42713.9076055273,1.8790659e+06
2020-03-13,98891.51291874428,50606.5008662164,1.5299766e+06
2020-03-16,102195.5241998097,52297.287515366086,1.4788594e+06
2020-03-17,118581.96685103976,60682.845585501535,1.2417331e+06
2020-03-18,96777.4892374478,49524.67555986644,1.4700592e+06
2020-03-19,96802.37785384918,49537.41199952946,1.4696811e+06
2020-03-20,95271.76315203223,48754.13897692956,1.4929194e+06
2020-03-23,110783.67278986174,56643.4115235035,1.7359926e+06
2020-03-24,103270.12873913549,52745.112054299556,1.8537306e+06
2020-03-25,101146.31435356563,51607.6309288683,1.8156075e+06
2020-03-26,98503.52354695881,50259.20638724027,1.7681685e+06
2020-03-27,96161.390713192,49064.18581092048,1.7261265e+06
2020-03-30,100349.64839823308,51201.1500515456,1.8013069e+06
2020-03-31,92222.09021812025,47054.246374502414,1.6554148e+06
2020-04-01,87034.16730753795,44407.22544677136,1.5622899e+06
2020-04-02,91925.25645685823,46902.793627100364,1.6500866e+06
2020-04-03,84986.96076582259,43315.78158098322,1.7746311e+06
2020-04-06,89795.7132514021,45723.36968472082,1.8750436e+06
2020-04-07,90353.79311282579,46007.54017453064,1.886697e+06
2020-04-08,86376.40492668014,43936.273478547366,1.9697499e+06
2020-04-09,98126.9122272112,49869.3572339301,2.2377115e+06
2020-04-13,89242.05276532423,45304.08817215686,2.4403242e+06
2020-04-14,91748.76197290089,46531.325127618526,2.5088702e+06
2020-04-15,93682.22042284902,47511.89839989712,2.5617408e+06
2020-04-16,94773.40503398975,48065.30386089114,2.591579e+06
2020-04-17,93826.7847277023,47585.21566899513,2.5656938e+06
2020-04-20,101324.27502274574,51340.05951131031,2.3606748e+06
2020-04-21,94627.06190637236,47946.64445971135,2.5167078e+06
2020-04-22,91204.45199547725,46164.493484947685,2.4256798e+06
2020-04-23,93727.46316882317,47441.55321532306,2.4927818e+06
2020-04-24,103240.44635643835,52256.69152029149,2.7457898e+06
2020-04-27,99410.69286239243,50318.204677197406,2.6439332e+06
2020-04-28,103467.92915076546,52371.835329029826,2.7518398e+06
2020-04-29,101059.95371126957,51153.00265083956,2.6877972e+06
2020-04-30,90647.37134409216,45882.51880565534,2.4108635e+06
2020-05-01,98385.71899270291,49799.39886789469,2.616673e+06
2020-05-04,99293.07615747828,50258.671228018844,2.6408055e+06
2020-05-05,101150.43518817605,51198.80119970168,2.6902038e+06
2020-05-06,100822.1317000089,51032.62549326435,2.6814722e+06
2020-05-07,95732.17032392164,48405.23301204093,2.8168452e+06
2020-05-08,94782.34937603431,47876.56806960585,2.7888972e+06
2020-05-11,94562.71305627038,47765.625122074365,2.7824348e+06
2020-05-12,92407.21527144146,46676.837630535985,2.719011e+06
2020-05-13,93852.38957856447,47406.82571948829,2.761534e+06
2020-05-14,94338.39718233886,47604.911607102345,2.7472335e+06
2020-05-15,96045.33588377098,48418.659743961405,2.7969415e+06
2020-05-18,96708.75400057132,48704.685393977656,2.7776222e+06
2020-05-19,97612.39649058411,49111.0752203426,2.8035762e+06
2020-05-20,99053.43315935053,49836.094406219134,2.8449652e+06
2020-05-21,97770.38636864799,49190.56361592151,2.808114e+06
2020-05-22,98008.55937017326,49310.39401261186,2.8149548e+06
2020-05-26,98171.3363740829,49392.29092294864,2.8196298e+06
2020-05-27,96445.44672754567,48523.95555469163,2.7700595e+06
2020-05-28,99939.12540786961,50281.70685097957,2.8704032e+06
2020-05-29,107491.40843172258,54081.436731656526,3.0873162e+06
2020-06-01,105511.77912347611,53085.439016601296,3.030458e+06
2020-06-02,105679.33643329704,53169.74101042774,3.0352702e+06
2020-06-03,103455.54162883846,52050.89793472365,2.9713998e+06
2020-06-04,106002.49357066558,53332.328909627904,3.0445522e+06
2020-06-05,113693.61801859723,57201.913151705434,3.265453e+06
2020-06-08,112586.5111668247,56644.901851613,3.2336552e+06
2020-06-09,102487.26976584397,51507.092856430216,3.5237205e+06
2020-06-10,107707.36723917811,54130.56058947587,3.3442432e+06
2020-06-11,111865.80145034903,56220.467536372795,3.2151268e+06
2020-06-12,105213.28083015242,52877.10598428295,3.4063262e+06
2020-06-15,106144.46999096024,53345.09431768486,3.3761788e+06
2020-06-16,105100.46250026315,52820.40680391849,3.409386e+06
2020-06-17,103810.80271169328,52172.261657356976,3.4512215e+06
2020-06-18,104127.20265833361,52331.27498133963,3.4407028e+06
2020-06-19,103442.66080328295,51934.91306750173,3.4180832e+06
2020-06-22,104218.74557646242,52324.55787086519,3.4437275e+06
2020-06-23,108476.84175877483,54410.07328486054,3.3030262e+06
2020-06-24,111313.94632431153,55778.704893328715,3.3894138e+06
2020-06-25,108351.53056015699,54294.25734532158,3.2992108e+06
2020-06-26,102750.71995139238,51433.43279751728,3.4697505e+06
2020-06-29,109923.47165932963,54972.429126360264,3.7119645e+06
2020-06-30,105869.84480660498,52890.24893621335,3.8488498e+06
2020-07-01,114288.33347948155,57043.050708347866,4.1549002e+06
2020-07-02,98882.95903303927,49296.95026240449,4.714956e+06
2020-07-06,97565.07771654,48639.93584509211,4.7777955e+06
2020-07-07,99248.41673400329,49479.14495281031,4.6953615e+06
2020-07-08,97184.79836187323,48450.351991451935,4.79299e+06
2020-07-09,86703.63505800937,43225.08981144297,5.3099035e+06
2020-07-10,89374.93807257549,44556.83689033933,5.146308e+06
2020-07-13,90553.42379587478,45099.800417468716,5.2141665e+06
2020-07-14,92297.26367690491,45968.31347084334,5.314578e+06
2020-07-15,95005.86580349914,47271.35450676053,5.158614e+06
2020-07-16,95018.53055512252,47230.384657520466,5.1593015e+06
2020-07-17,104018.71324021916,51704.06034711104,5.6479915e+06
2020-07-20,108744.18698589037,54001.22383284317,5.3914085e+06
2020-07-21,110406.1762188677,54772.54904774154,5.473808e+06
2020-07-22,104910.5816343549,52046.18233316556,5.201343e+06
2020-07-23,111571.71046185592,55298.72487868,4.871092e+06
2020-07-24,121224.98477278613,60027.91639858482,5.2925425e+06
2020-07-27,126194.13312710337,62428.500232678154,5.0755955e+06
2020-07-28,128127.43632634848,63322.48084777534,5.153354e+06
2020-07-29,127134.28755861918,62831.651985303215,5.1134085e+06
2020-07-30,122285.63414210749,60435.37549755284,4.9183935e+06
2020-07-31,126921.46925910762,62726.47402278977,5.104849e+06
2020-08-03,126750.53386093218,62579.2687377682,5.111724e+06
2020-08-04,126581.7653614445,62433.36509190791,5.104918e+06
2020-08-05,126970.45674417258,62625.07762598931,5.1205935e+06
2020-08-06,123827.6910498372,61074.98518232263,4.993849e+06
2020-08-07,120917.62693145788,59639.66710925857,4.876489e+06
2020-08-10,117151.7610797294,57782.24572682833,4.724615e+06
2020-08-11,132526.335201552,65365.379020470325,5.344657e+06
2020-08-12,138172.57350115923,68150.24820086702,5.572364e+06
2020-08-13,140705.02768979722,69399.31939596606,5.6744955e+06
2020-08-14,156468.29364082986,77174.16544390579,6.3102125e+06
2020-08-17,160853.8455782895,79337.2318576117,6.4870775e+06
2020-08-18,160124.20300907973,78977.35347560309,6.4576515e+06
2020-08-19,149614.22138075635,73714.58430000597,6.8815085e+06
2020-08-20,153212.8813662649,75413.92125065149,7.047029e+06
2020-08-21,150538.73338545088,74097.66126363644,6.924032e+06
2020-08-24,151221.84066841862,74433.89799767661,6.955451e+06
2020-08-25,160925.16976275542,79210.0375080363,7.4017565e+06
2020-08-26,167321.31436880727,82358.32596346627,7.6959465e+06
2020-08-27,165426.68505380885,81425.757992116,7.6088035e+06
2020-08-28,186219.00951375082,91660.08493288794,8.565147e+06
2020-08-31,177523.1574148765,87379.84230874386,8.165181e+06
2020-09-01,167179.3155530225,82288.43179128059,7.6894155e+06
2020-09-02,182265.32441579032,89631.72712384445,6.9955345e+06
2020-09-03,177195.93402421052,87138.77780548824,7.1901025e+06
2020-09-04,139873.46607507693,68697.7515094305,5.6756635e+06
2020-09-08,124594.59906026057,61124.95852826468,6.295636e+06
2020-09-09,122873.37669380505,60280.54274651293,6.3826075e+06
2020-09-10,122416.7468544782,60056.524368492224,6.406327e+06
2020-09-11,137820.6625337858,67553.48648034225,7.2124465e+06
2020-09-14,147719.88698240128,72405.64081381519,7.730494e+06
2020-09-15,145092.34930440475,71117.74009019461,7.5929895e+06
2020-09-16,139072.01428046735,68166.84279243284,7.2779325e+06
2020-09-17,145220.44631115822,71180.52747820162,7.5996935e+06
2020-09-18,147598.3602002626,72346.07385423688,7.724134e+06
2020-09-21,139334.7784368936,68295.63795683213,7.291683e+06
2020-09-22,124926.04260959064,61233.12408544568,6.5376435e+06
2020-09-23,127366.36621674892,62429.26089666885,6.6653505e+06
2020-09-24,120945.33724674645,59219.532197934874,7.0013765e+06
2020-09-25,125060.57425970837,61175.29246023736,7.239602e+06
2020-09-28,124428.15299929719,60865.93392903964,7.2029915e+06
2020-09-29,127379.47938756178,62309.62036672354,7.3738395e+06
2020-09-30,133065.4123753317,65090.98144310718,7.7029915e+06
2020-10-01,123246.42354243982,60287.87289293725,7.1345825e+06
2020-10-02,126390.75179297035,61825.969143141054,7.316604e+06
2020-10-05,122916.85230992615,60126.658084394665,7.1155045e+06
2020-10-06,126277.92730171644,61770.77931781048,7.310073e+06
2020-10-07,126462.01312300822,61860.82771253416,7.32073e+06
2020-10-08,128861.09569064782,63034.375639851605,7.459609e+06
2020-10-09,131325.48609233633,64239.869892951865,7.6022695e+06
2020-10-12,132617.06346168084,64871.66471536001,7.677037e+06
2020-10-13,136966.8656177498,66999.43696186425,7.9288415e+06
2020-10-14,133279.1823396681,65195.550290363055,7.7153665e+06
2020-10-15,130544.60261993739,63857.88880031618,7.557065e+06
2020-10-16,127919.87102975417,62573.961202753446,7.4051225e+06
2020-10-19,125280.29721269956,61282.773302933245,7.252321e+06
2020-10-20,125488.14130232921,61384.44341795144,7.2643525e+06
2020-10-21,126423.41256362225,61841.94565858916,7.3184945e+06
2020-10-22,124891.343879608,61092.51083175791,7.229805e+06
2020-10-23,124995.26592942611,61082.25338088268,7.223789e+06
2020-10-26,123686.6704858307,60442.77349446927,7.2994165e+06
2020-10-27,129121.33610476517,63098.56705519146,6.9786875e+06
2020-10-28,127591.67416385889,62351.05715898238,7.0613615e+06
2020-10-29,134669.57373508217,65809.86059285006,6.6696465e+06
2020-10-30,130341.85579933957,63695.00638980149,6.8839815e+06
2020-11-02,122729.8111235883,59975.178777343266,7.28601e+06
2020-11-03,123575.23353530234,60388.316871671974,7.23582e+06
2020-11-04,118552.72813974385,57933.93634055996,7.529908e+06
2020-11-05,120755.5156582887,59010.38691131974,7.389997e+06
2020-11-06,123196.1847831218,60203.08464105717,7.2406335e+06
2020-11-09,126383.85443229754,61760.82399828561,7.0532835e+06
2020-11-10,124298.80898519086,60741.911214958796,7.169647e+06
2020-11-11,125899.00022092706,61523.887122544715,7.077347e+06
2020-11-12,124902.2394299391,60975.269626375964,7.021314e+06
2020-11-13,124776.87277444842,60914.06763627882,7.014267e+06
2020-11-16,135025.89433379265,65917.47554825703,7.5904105e+06
2020-11-17,121257.6064234887,59130.10078374427,8.3643885e+06
2020-11-18,124404.66792193192,60605.604831400575,8.581474e+06
2020-11-19,121997.6547550329,59432.9921694014,8.415437e+06
2020-11-20,130030.98999902474,63346.55224241294,8.969578e+06
2020-11-23,138385.76397467108,67416.70602748988,9.545892e+06
2020-11-24,133746.16196434209,65089.03742971325,9.865933e+06
2020-11-25,131005.99781332414,63755.50647548133,1.0068064e+07
2020-11-27,126944.4922843148,61715.17473297779,9.75593e+06
2020-11-30,130782.3499593071,63580.98279404731,1.0050876e+07
2020-12-01,127217.35417170235,61847.8289250193,9.776899e+06
2020-12-02,121724.48131622511,59115.572936104385,1.0199037e+07
2020-12-03,122885.553978286,59620.333051082416,1.0296321e+07
2020-12-04,114122.07715162421,55308.9403153668,1.1030594e+07
2020-12-07,112678.12497737864,54609.132998352376,1.1170161e+07
2020-12-08,104806.53902604929,50739.58210793299,1.0389825e+07
2020-12-09,108723.25973481522,52635.7688711165,1.0778102e+07
2020-12-10,111684.63858940301,54016.81392923756,1.0484531e+07
2020-12-11,106221.15401048111,51374.37327103871,1.0997422e+07
2020-12-14,107313.53572992465,51902.70895644855,1.0884325e+07
2020-12-15,109089.52525550389,52761.674853237426,1.0704194e+07
2020-12-16,114892.85015552255,55515.719246385066,1.1273634e+07
2020-12-17,108043.76786263386,52150.757124227595,1.1945686e+07
2020-12-18,101026.35929852855,48711.431179605155,1.1169817e+07
2020-12-21,99546.39696779227,47997.8443125476,1.1006187e+07
2020-12-22,98669.61501588539,47527.092406756616,1.1103127e+07
2020-12-23,101081.44535768773,48641.29360837235,1.1374527e+07
2020-12-24,100788.17702165077,48451.52897418713,1.1407528e+07
2020-12-28,100438.89318098019,48283.61904043735,1.1447061e+07
2020-12-29,104780.75250188526,50322.58145466415,1.1941904e+07
2020-12-30,103138.42087537337,49483.5036383277,1.2129082e+07
2020-12-31,99616.04048156626,47793.544440259866,1.2543314e+07
2021-01-04,98887.11316774836,47443.821445868,1.2635099e+07
2021-01-05,101694.54811431436,48743.322014434,1.2993813e+07
2021-01-06,109773.83029897498,52615.811351125994,1.4026126e+07
2021-01-07,101167.2331141985,48437.95828954876,1.5125816e+07
2021-01-08,93254.52736809307,44600.98822368755,1.3942764e+07
2021-01-11,97651.75321375694,46704.05628584419,1.4600208e+07
2021-01-12,98223.1088096935,46977.3194176739,1.4685632e+07
2021-01-13,97141.32636681398,46459.9336418068,1.4523892e+07
2021-01-14,99307.17529260839,47449.33765128861,1.420007e+07
2021-01-15,101517.71611209601,48458.09293759094,1.4516158e+07
2021-01-19,102226.9186516033,48796.621067332075,1.4617567e+07
2021-01-20,101570.60584017186,48483.33912571157,1.4523721e+07
2021-01-21,101768.93691767004,48578.009752217855,1.4552081e+07
2021-01-22,105875.0903541484,50538.025919456755,1.5139226e+07
2021-01-25,106150.35698663162,50669.42068059147,1.5178587e+07
2021-01-26,103874.90901106964,49583.26671951651,1.4853218e+07
2021-01-27,100421.45869926724,47934.80945930896,1.4359404e+07
2021-01-28,95384.94736840921,45530.69967927356,1.3639226e+07
2021-01-29,100947.95711830455,48186.1262766912,1.4434689e+07
2021-02-01,104912.2565918285,50078.43039539641,1.500155e+07
2021-02-02,102736.57936986123,49039.9006386013,1.4690446e+07
2021-02-03,102171.61860483512,48770.224346558854,1.4609662e+07
2021-02-04,102440.8765546258,48898.750945214146,1.4648163e+07
2021-02-05,103785.95568391595,49540.8060657567,1.4840498e+07
2021-02-08,102107.91089035671,48739.81434062818,1.4600552e+07
2021-02-09,96742.04363708477,46178.49101689705,1.3833279e+07
2021-02-10,97564.23392522473,46570.95230267969,1.3950845e+07
2021-02-11,98100.33972974576,46826.85507408538,1.4027504e+07
2021-02-12,95708.29436007474,45685.0449420838,1.3685461e+07
2021-02-16,95940.27854765701,45795.77942028561,1.3718634e+07
2021-02-17,94645.69010904498,45177.82534018277,1.3533519e+07
2021-02-18,93914.85185619147,44828.96969867072,1.3429015e+07
2021-02-19,85885.27668543454,40996.16184231323,1.2280855e+07
2021-02-22,84002.8922468817,40097.631383186796,1.2011691e+07
2021-02-23,89193.2689127795,42575.186675895064,1.275387e+07
2021-02-24,96381.42775372214,45963.78077182934,1.1726025e+07
2021-02-25,95432.05605609345,45465.06677145829,1.1610522e+07
2021-02-26,101497.04079207695,48354.504004449336,1.2348403e+07
2021-03-01,96977.61760831029,46201.392300582746,1.1798558e+07
2021-03-02,92281.5967628571,43964.14718482002,1.1227228e+07
2021-03-03,87794.66403122169,41826.51435290306,1.0681335e+07
2021-03-04,84476.08598744174,40245.500817387634,1.0277589e+07
2021-03-05,79538.48626708308,37893.16439863868,9.676867e+06
2021-03-08,95160.80512558806,45335.839317111095,1.1577521e+07
2021-03-09,94380.95579125456,44964.30899991548,1.1482642e+07
2021-03-10,98836.80733186407,47087.13435011479,1.2024753e+07
2021-03-11,98007.51689507013,46692.04965174461,1.1923859e+07
2021-03-12,100015.04997426897,47648.464396052725,1.2168102e+07
2021-03-15,95627.01247261808,45557.946531793816,1.1634241e+07
2021-03-16,92104.99865641138,43834.455614503066,1.2062739e+07
2021-03-17,98489.78447959381,46873.09211476989,1.1226541e+07
2021-03-18,98747.63123111783,46948.93301375117,1.1255932e+07
2021-03-19,101029.07966396966,48033.633156052245,1.1515987e+07
2021-03-22,99846.89145935507,47471.56929552081,1.1381233e+07
2021-03-23,95038.2066058588,45185.31067588221,1.0833106e+07
2021-03-24,96564.19964341774,45910.83435687183,1.100705e+07
2021-03-25,93295.0781504251,44356.55134192939,1.0634413e+07
2021-03-26,92176.22135752326,43824.59799816781,1.0506878e+07
2021-03-29,95844.93449758038,45568.864319413326,1.0925063e+07
2021-03-30,100716.9438102347,47885.230150273885,1.1480408e+07
2021-03-31,99785.06471748011,47442.174164452284,1.1374186e+07
2021-04-01,95366.92218012248,45294.154230137545,1.1877796e+07
2021-04-05,95445.57854102005,45286.21761309359,1.1887593e+07
2021-04-06,92595.81898076013,43934.087597605656,1.153266e+07
2021-04-07,94366.39887720169,44774.17749718293,1.1753183e+07
2021-04-08,95302.05638270194,45173.346245624416,1.1636648e+07
2021-04-09,98815.59671894796,46793.59734226645,1.2065661e+07
2021-04-12,90321.71422370337,42724.571116147396,1.3102788e+07
2021-04-13,86756.56557351873,40995.436490111395,1.2585599e+07
2021-04-14,87540.92571746354,41366.073412560974,1.2699384e+07
2021-04-15,87651.11373879512,41418.141011141066,1.2715369e+07
2021-04-16,84671.2751339179,40010.06562837933,1.228309e+07
2021-04-19,85187.8560527423,40254.16773304048,1.2358029e+07
2021-04-20,82210.38758065081,38806.95815113193,1.2789964e+07
2021-04-21,84909.411868815,40081.017618336395,1.2370061e+07
2021-04-22,86055.00184958291,40581.70600651125,1.2536956e+07
2021-04-23,87093.23091399833,41071.31272028678,1.268821e+07
2021-04-26,83145.60143115291,39209.694735832054,1.2113098e+07
2021-04-27,81925.68134921334,38634.40640798745,1.1935374e+07
2021-04-28,79872.8242973457,37666.322745658304,1.1636302e+07
2021-04-29,83700.10953819678,39471.18894877292,1.2193882e+07
2021-04-30,86595.34920244111,40797.05112043605,1.1772089e+07
2021-05-03,88024.06342016793,41470.15109074545,1.1577864e+07
2021-05-04,88371.66684258227,41633.91501946088,1.1532143e+07
2021-05-05,89346.34786682941,42093.1095597978,1.1404951e+07
2021-05-06,90535.32086936894,42611.16884655233,1.1556722e+07
2021-05-07,84700.8871122894,39865.14619418159,1.0811964e+07
2021-05-10,86295.15082644748,40575.633945150505,1.0608459e+07
2021-05-11,90113.55696590962,42371.03320321922,1.0139053e+07
2021-05-12,92893.84896081666,43678.31535251243,9.826231e+06
2021-05-13,89960.90823273978,42299.258380880165,1.0136475e+07
2021-05-14,87991.57552125707,41330.98677698431,9.914577e+06
2021-05-17,88150.2195679523,41405.50430843395,9.932452e+06
2021-05-18,85952.07187925412,40373.00077025721,9.684772e+06
2021-05-19,89509.38141536173,42043.92338446799,1.0085597e+07
2021-05-20,88609.372007819,41621.17522134045,9.984187e+06
2021-05-21,92508.38175222596,43452.599641630404,1.0423513e+07
2021-05-24,92241.43324699381,43327.20985204514,1.0393435e+07
2021-05-25,94444.15482800319,44361.86181729019,1.0641631e+07
2021-05-26,96231.96766198025,45201.62480781623,1.0843075e+07
2021-05-27,95373.14330740931,44798.22189302301,1.0746305e+07
2021-05-28,95171.78497555829,44703.64080952872,1.0723617e+07
2021-06-01,92307.02356489182,43358.01862601789,1.0400826e+07
2021-06-02,87382.92719431981,41045.095362909124,9.845995e+06
2021-06-03,91381.08670912606,42923.09194451153,1.0296494e+07
2021-06-04,90453.62063695255,42444.523874760656,1.0400998e+07
2021-06-07,90223.42324383814,42294.06135581672,1.0374528e+07
2021-06-08,89504.43443055755,41957.020752725744,1.0291853e+07
2021-06-09,91199.51436759492,42751.62388661835,1.0486766e+07
2021-06-10,91165.13050600822,42735.505753440586,1.0482812e+07
2021-06-11,92331.06155134723,43282.059601602035,1.061688e+07
2021-06-14,89591.12961464375,41997.660880346324,1.0301823e+07
2021-06-15,90414.75483775139,42383.75192486554,1.039653e+07
2021-06-16,92168.13338529259,43205.68371600654,1.0598146e+07
2021-06-17,93171.1294570278,43675.85848739562,1.0713478e+07
2021-06-18,92800.42012109679,43502.08096006032,1.0670851e+07
2021-06-21,93230.91972977441,43703.886391603955,1.0720354e+07
2021-06-22,88319.07060426012,41357.65350757533,1.1285153e+07
2021-06-23,85191.57732270825,39893.12514919546,1.1684776e+07
2021-06-24,84195.32042957649,39386.70936808107,1.154813e+07
2021-06-25,82083.76365682117,38359.53292766398,1.1837749e+07
2021-06-28,81135.06566130267,37877.826131206246,1.1700932e+07
2021-06-29,81008.73189550199,37818.84733607622,1.1682713e+07
2021-06-30,80796.58436783517,37719.80647006308,1.1652117e+07
2021-07-01,80913.38690650178,37774.33562111801,1.1668962e+07
2021-07-02,78610.7691769845,36699.360783858625,1.1336889e+07
2021-07-06,76831.3649389973,35868.64765391588,1.1080271e+07
2021-07-07,77803.89921800034,36322.674331856746,1.1220525e+07
2021-07-08,78297.3188555383,36553.02680754716,1.1291684e+07
2021-07-09,81723.8301688459,38152.690266302205,1.178584e+07
2021-07-12,79678.64832709725,37197.89912172064,1.1490893e+07
2021-07-13,81485.46231240887,38004.210566299465,1.1230322e+07
2021-07-14,81832.16633775287,38165.910732309945,1.1182539e+07
2021-07-15,81029.69422737209,37753.47782730607,1.107288e+07
2021-07-16,81281.24946096173,37870.68282263803,1.1107255e+07
2021-07-19,83077.3848867832,38707.54095989463,1.1352701e+07
2021-07-20,83732.7009616681,38974.15927680632,1.1263151e+07
2021-07-21,84503.20995713455,39332.79980755032,1.1159507e+07
2021-07-22,83737.91299738402,38937.252467177226,1.1058441e+07
2021-07-23,81884.53598164316,38036.5143147877,1.1303199e+07
2021-07-26,83483.32734367107,38779.17530442519,1.1082505e+07
2021-07-27,83198.4792648867,38646.85938059007,1.1120319e+07
2021-07-28,79293.04387223501,36832.72991844869,1.1642319e+07
2021-07-29,78139.97008529624,36297.11098775419,1.1811622e+07
2021-07-30,75584.95503150923,35110.27069486111,1.2197837e+07
2021-08-02,75577.50037390948,35106.8079019527,1.2199039e+07
2021-08-03,75451.8490864992,35048.44111834751,1.221932e+07
2021-08-04,75058.09287538411,34865.535841043704,1.2283088e+07
2021-08-05,73426.96614391156,34072.98908338079,1.2016158e+07
2021-08-06,71887.21880591282,33324.41300375747,1.2268134e+07
2021-08-09,72266.91944227704,33500.42900540796,1.2203336e+07
2021-08-10,72487.79295815315,33602.81828109437,1.2166038e+07
2021-08-11,71010.0185211342,32917.7734778092,1.2414062e+07
2021-08-12,71509.4715457197,33149.30251932352,1.2326746e+07
2021-08-13,74600.50399401782,34582.19759616894,1.1793916e+07
2021-08-16,76824.91571899437,35613.3574635948,1.1442249e+07
2021-08-17,79511.49507155507,36823.14880253235,1.1842387e+07
2021-08-18,81302.54625230689,37615.792438154174,1.1575629e+07
2021-08-19,82122.24313720773,37957.421199619,1.1692334e+07
2021-08-20,85265.84306141382,39410.413006075374,1.2139911e+07
2021-08-23,85530.22237244893,39532.610799049166,1.2177552e+07
2021-08-24,85203.06534695711,39341.86413782215,1.2224132e+07
2021-08-25,86405.87501053262,39897.25230578714,1.2051564e+07
2021-08-26,87731.86061207391,40469.618769253975,1.2236508e+07
2021-08-27,90072.0511950898,41549.11964933696,1.256291e+07
2021-08-30,89479.30195318778,41234.14265892116,1.2645584e+07
2021-08-31,89677.54542909474,41325.497861614014,1.2617567e+07
2021-09-01,89885.21961842189,41421.198956307075,1.2588348e+07
2021-09-02,89740.40260720588,41354.46391066441,1.260863e+07
2021-09-03,92107.560418653,42403.95080070681,1.2941217e+07
2021-09-07,91991.34368254323,42308.043654969464,1.2957545e+07
2021-09-08,91870.53779179988,42252.48341750859,1.2974562e+07
2021-09-09,89608.03845544855,41169.67736829013,1.2655037e+07
2021-09-10,90427.1153235255,41545.9955087137,1.2770712e+07
2021-09-13,90245.77732185532,41421.13525756392,1.2796321e+07
2021-09-14,88871.16275779354,40790.21270944342,1.2991232e+07
2021-09-15,89007.558818588,40812.02575475255,1.3011171e+07
2021-09-16,88713.60838163772,40636.43065031694,1.3054141e+07
2021-09-17,92138.38342596177,42205.1937309811,1.2550188e+07
2021-09-20,93300.57380021416,42695.34506526559,1.270849e+07
2021-09-21,91715.66012749543,41927.376194012984,1.2924371e+07
2021-09-22,91508.30801910456,41832.58616752197,1.295359e+07
2021-09-23,88988.80428943016,40680.80706513716,1.3310242e+07
2021-09-24,87038.69802402005,39789.325295344606,1.3601923e+07
2021-09-27,88556.50981142935,40483.18570821144,1.3364728e+07
2021-09-28,88129.42133726421,40287.9442510867,1.3429182e+07
2021-09-29,88787.02629531713,40588.56521837849,1.3328976e+07
2021-09-30,88816.7955896675,40602.174109177766,1.3324507e+07
2021-10-01,88093.86049370913,40271.68778121626,1.3432964e+07
2021-10-04,87987.8967815537,40182.97528827398,1.3416806e+07
2021-10-05,87744.42172347802,40031.60028999354,1.3453932e+07
2021-10-06,86527.03274075326,39476.191430984116,1.3640596e+07
2021-10-07,85641.70243287439,39032.80136886497,1.3501027e+07
2021-10-08,84938.45311981028,38673.249591695305,1.3611891e+07
2021-10-11,86416.40484891042,39307.50119538937,1.3848741e+07
2021-10-12,86991.2795208413,39568.98958863635,1.3940868e+07
2021-10-13,87767.80463420543,39922.20101735959,1.4065311e+07
2021-10-14,85117.56801507575,38676.788038790895,1.4490027e+07
2021-10-15,82383.40079506281,37434.40284737752,1.4955479e+07
2021-10-18,82936.3467013206,37685.65734291787,1.4855101e+07
2021-10-19,82789.52332050315,37618.94189378745,1.4881398e+07
2021-10-20,80092.98490439635,36393.654950206685,1.53661e+07
2021-10-21,81497.74443045765,36995.573546204745,1.5635608e+07
2021-10-22,71178.82714403865,32274.34694203572,1.7615326e+07
2021-10-25,71625.4067048614,32476.837826776606,1.7504806e+07
2021-10-26,70258.90574491702,31857.23045408666,1.7838772e+07
2021-10-27,67606.57956579255,30654.59620534748,1.85122e+07
2021-10-28,65286.57231216058,29602.644072724728,1.914747e+07
2021-10-29,59743.07451640366,27089.076789990242,2.0773286e+07
2021-11-01,61551.79577903753,27909.198445458846,2.0144376e+07
2021-11-02,59353.36638180048,26912.37290139055,2.0863868e+07
2021-11-03,60138.154258841205,27241.30393355484,2.1139736e+07
2021-11-04,60520.522864131,27387.26746970527,2.1005326e+07
2021-11-05,63449.75921707748,28712.830694931075,1.9988654e+07
2021-11-08,55841.94048762306,25241.36230721022,1.7591954e+07
2021-11-09,58267.12541332234,26337.58086331731,1.8355964e+07
2021-11-10,58509.37266222589,26420.742532016335,1.8279648e+07
2021-11-11,60164.784259251355,27168.267272061286,1.776246e+07
2021-11-12,58998.65573197533,26614.51702011704,1.7418184e+07
2021-11-15,56591.87819510232,25502.19604209317,1.8128736e+07
2021-11-16,58431.18268586218,26305.546063020258,1.8717942e+07
2021-11-17,58035.74322446411,26101.214838051033,1.8844618e+07
2021-11-18,55882.38979873087,25132.75751736277,1.9543826e+07
2021-11-19,56855.979660678044,25545.490749646666,1.988432e+07
2021-11-22,59207.141087838645,26576.326185703845,1.9062046e+07
2021-11-23,58835.03768055515,26409.300023908487,1.9181846e+07
2021-11-24,60631.71818067718,27215.77650876184,1.8596076e+07
2021-11-26,63717.88647960166,28573.849970497402,1.954262e+07
2021-11-29,63282.449696121825,28350.00747603456,1.967617e+07
2021-11-30,66033.18802182411,29582.31520863256,1.8820894e+07
2021-12-01,66660.35403173185,29863.280328582532,1.8642138e+07
2021-12-02,70939.86624694435,31780.46596026472,1.7445336e+07
2021-12-03,71356.43125345284,31967.083594466294,1.7342896e+07
2021-12-06,74378.97353880072,33289.19014104444,1.8077514e+07
2021-12-07,73161.89581093087,32711.183405448774,1.8373318e+07
2021-12-08,77621.58485912316,34705.14084421834,1.7253346e+07
2021-12-09,76598.53802673011,34247.72961675021,1.7480744e+07
2021-12-10,80411.03341495356,35952.32234899558,1.6610684e+07
2021-12-13,81068.3597326746,36246.21743601966,1.6474899e+07
2021-12-14,79589.9469846986,35585.20899696866,1.6775346e+07
2021-12-15,83591.50129817477,37374.33126620634,1.5931931e+07
2021-12-16,83081.9735283829,37146.51791961259,1.6029042e+07
2021-12-17,85988.951241383,38446.24751343335,1.5468198e+07
2021-12-20,82301.69675491533,36797.65084391694,1.6131482e+07
2021-12-21,76133.42723290353,34039.77540353474,1.7340488e+07
2021-12-22,71746.70565240468,32078.442218031105,1.8339628e+07
2021-12-23,69935.21673540043,31268.513148475606,1.8802674e+07
2021-12-27,70284.91209040643,31424.86433056082,1.8708654e+07
2021-12-28,70137.68556493054,31327.613480946402,1.8669466e+07
2021-12-29,71161.15350495731,31753.4268149753,1.8397036e+07
2021-12-30,72062.68281470856,32155.70591738961,1.8163966e+07
2021-12-31,62311.39947539372,27804.50239389064,2.0621856e+07
2022-01-03,64918.05334726376,28967.639707939812,1.9759188e+07
2022-01-04,68389.3005396752,30516.574600812884,1.870264e+07
2022-01-05,66917.33210117095,29829.238402247684,1.8300096e+07
2022-01-06,69289.32170315494,30856.753219616534,1.765142e+07
2022-01-07,67186.94835792192,29920.499062485695,1.8187e+07
2022-01-10,66788.19217534692,29742.920168392513,1.829494e+07
2022-01-11,64164.10079122051,28574.32826598363,1.9013744e+07
2022-01-12,59833.59653135724,26617.241751733654,1.7730486e+07
2022-01-13,58786.642660456826,26124.882420250357,1.804073e+07
2022-01-14,59856.3973238454,26600.283183667994,1.7712438e+07
2022-01-18,57831.581270731716,25673.8512564872,1.7113264e+07
2022-01-19,57795.569321357,25632.1901987358,1.7123922e+07
2022-01-20,60833.65505502276,26979.573610297946,1.6223784e+07
2022-01-21,59937.81072455488,26555.289320484666,1.5984871e+07
2022-01-24,59190.19891851811,26224.06187709419,1.578549e+07
2022-01-25,60415.3799321164,26766.87510121381,1.6112234e+07
2022-01-26,53434.88083610251,23674.1833452887,1.4250598e+07
2022-01-27,54546.630524876324,24166.74111942931,1.4547092e+07
2022-01-28,48722.35345866238,21562.143750191975,1.6100374e+07
2022-01-31,48437.837977029514,21414.66889331047,1.6006355e+07
2022-02-01,49768.87063858843,21981.712027735783,1.5566515e+07
2022-02-02,48970.95148859885,21607.308636223774,1.5316945e+07
2022-02-03,47202.55612358181,20805.437451120157,1.5870056e+07
2022-02-04,46385.61268151023,20424.54842750427,1.559539e+07
2022-02-07,47135.07389670297,20754.55176257592,1.5847368e+07
2022-02-08,47646.29714072756,20979.653972102373,1.6019247e+07
2022-02-09,46242.98166450183,20361.74502908514,1.5547435e+07
2022-02-10,43965.46713497389,19358.9080907853,1.4781708e+07
2022-02-11,44771.16351782228,19713.672937858482,1.5052592e+07
2022-02-14,47157.05310442319,20764.22966411755,1.5854756e+07
2022-02-15,47107.97425003235,20721.854995778085,1.5871255e+07
2022-02-16,49507.78166664145,21777.48224565357,1.506273e+07
2022-02-17,48413.509394970635,21274.35629320814,1.4729799e+07
2022-02-18,46410.8244554509,20394.31612510558,1.4120483e+07
2022-02-22,43163.03320604678,18967.138689111554,1.3132344e+07
2022-02-23,45238.0293703814,19878.95459047401,1.3763661e+07
2022-02-24,45752.1157649023,20104.85965827859,1.3920071e+07
2022-02-25,49173.34318497935,21608.25017890822,1.4960979e+07
2022-02-28,49515.695049251226,21737.08166402602,1.4856819e+07
2022-03-01,48626.62600856295,21346.785893701563,1.5123578e+07
2022-03-02,50870.36089228436,22331.77153010159,1.4425745e+07
2022-03-03,50930.973927727595,22358.380275066665,1.4408557e+07
2022-03-04,52979.05131767841,23257.473490567823,1.3829149e+07
2022-03-07,51673.96843119494,22684.550233535952,1.4169815e+07
2022-03-08,49507.09426335375,21733.305972596416,1.4764006e+07
2022-03-09,50698.420841893574,22256.290919096456,1.4408728e+07
2022-03-10,53295.933358481154,23396.58273243429,1.3670503e+07
2022-03-11,55237.8668170179,24249.079423278097,1.3172394e+07
2022-03-14,52677.68251709317,23125.174464515683,1.3782912e+07
2022-03-15,55196.310027866035,24207.711077257773,1.4441901e+07
2022-03-16,53135.555124653896,23279.708180002013,1.498109e+07
2022-03-17,51075.60676271495,22377.20520211251,1.5561874e+07
2022-03-18,50185.973703570395,21987.43985656221,1.583293e+07
2022-03-21,46218.6499872682,20249.279068471304,1.7084562e+07
2022-03-22,45980.10925250092,20144.76978685379,1.7172738e+07
2022-03-23,45298.540186019185,19846.161276319017,1.742729e+07
2022-03-24,45152.00221612607,19762.11401338113,1.7370914e+07
2022-03-25,48779.74341486037,21349.902630976972,1.876658e+07
2022-03-28,49125.09706503661,21501.056907083086,1.8899444e+07
2022-03-29,49374.39486542206,21588.668432402595,1.8803536e+07
2022-03-30,48634.67692455911,21243.642374968927,1.8521824e+07
2022-03-31,48319.20326163118,21084.59973612158,1.864197e+07
2022-04-01,51030.5587409364,22246.6440202362,1.9688032e+07
2022-04-04,53444.7619258817,23276.86319617012,1.8756612e+07
2022-04-05,51216.38821938409,22283.059979277754,1.7974558e+07
2022-04-06,51779.605403936956,22528.102684182933,1.817222e+07
2022-04-07,53335.55400710873,23182.53165040874,1.7626156e+07
2022-04-08,50757.948727056944,22038.981718447896,1.6774316e+07
2022-04-11,50184.79945642035,21768.082674132624,1.696373e+07
2022-04-12,51985.849366224036,22527.535275042002,1.757253e+07
2022-04-13,50085.646097775294,21704.101654516384,1.6930212e+07
2022-04-14,51066.510055769555,22129.149002652804,1.726177e+07
2022-04-18,49853.26716603346,21581.273475954506,1.7671876e+07
2022-04-19,52323.74767352452,22650.734285245362,1.6796144e+07
2022-04-20,50632.809429750356,21918.734102623348,1.7338942e+07
2022-04-21,50820.028126142126,21999.780303129846,1.727483e+07
2022-04-22,51175.49621109381,22153.660969120432,1.7154e+07
2022-04-25,57410.78120835633,24852.890094430848,1.5063936e+07
2022-04-26,57077.35783828064,24708.552494471493,1.5151422e+07
2022-04-27,56818.35774017265,24571.723869104928,1.5082669e+07
2022-04-28,56381.2984235812,24382.712759512226,1.496665e+07
2022-04-29,58464.941711416584,25283.807221702315,1.5519763e+07
2022-05-02,58873.511093527,25460.497545708105,1.562822e+07
2022-05-03,61681.69790410096,26674.928825081373,1.6373663e+07
2022-05-04,56544.466680639634,24453.276667307266,1.5009964e+07
2022-05-05,56050.427475646145,24239.623978133724,1.4878819e+07
2022-05-06,61135.85417045092,26414.633073605437,1.3528871e+07
2022-05-09,60131.56484348224,25980.715294397603,1.3751112e+07
2022-05-10,55167.95480607101,23810.13482438098,1.2616016e+07
2022-05-11,54716.990604146886,23615.501572404763,1.2512888e+07
2022-05-12,57842.922622487036,24964.633746511347,1.3227737e+07
2022-05-13,54444.155750138045,23497.74780245667,1.2450494e+07
2022-05-16,57243.13957461824,24705.77123682914,1.3090576e+07
2022-05-17,53349.816430451945,23025.437983523887,1.2200237e+07
2022-05-18,53320.50265685664,23012.78634718955,1.2193533e+07
2022-05-19,49899.189631165405,21536.16962821786,1.1411134e+07
2022-05-20,50725.95507055973,21892.996279655574,1.1600201e+07
2022-05-23,47212.94709967661,20376.804611505366,1.0796834e+07
2022-05-24,49515.870918575885,21370.731734796806,1.1323475e+07
2022-05-25,53193.48339715284,22957.96565083654,1.2164486e+07
2022-05-26,57094.32442542868,24641.54357461891,1.3056544e+07
2022-05-27,56991.35118914465,24597.100987471276,1.3032996e+07
2022-05-31,55646.72626101641,24016.769508091627,1.2725502e+07
2022-06-01,58249.54519472105,25140.129436021,1.3320724e+07
2022-06-02,52879.30972007346,22822.37031046499,1.2092639e+07
2022-06-03,53727.874687452284,23188.605498112596,1.2286693e+07
2022-06-06,53591.08051291176,23106.37740582457,1.2317976e+07
2022-06-07,54259.603326020464,23371.511912466074,1.2471637e+07
2022-06-08,54744.17172736196,23556.860985853695,1.2360258e+07
2022-06-09,53036.651122387666,22798.544163164817,1.1974731e+07
2022-06-10,49269.90637964778,21179.356402411307,1.1124267e+07
2022-06-13,50446.824390401634,21685.27102327751,1.1389994e+07
2022-06-14,47681.1443104207,20474.719598184132,1.2014435e+07
2022-06-15,51753.48102029341,22223.418238913124,1.098831e+07
2022-06-16,50864.61603582313,21841.731482421084,1.1177034e+07
2022-06-17,46106.51863783461,19798.560928240964,1.2222582e+07
2022-06-21,45921.73265256447,19699.413574644306,1.2173596e+07
2022-06-22,45723.9793998484,19614.58177745454,1.2121173e+07
2022-06-23,43655.01998693771,18707.429100099478,1.2669643e+07
2022-06-24,43794.78810156786,18767.323749000807,1.2629079e+07
2022-06-27,41603.141133945115,17809.372792498496,1.1997074e+07
2022-06-28,42349.384228162104,18111.013372197547,1.178188e+07
2022-06-29,43093.85369586782,18429.3909998903,1.1574764e+07
2022-06-30,42558.23449445166,18200.32966414594,1.1718629e+07
2022-07-01,41471.47999146446,17735.571422801586,1.2017872e+07
2022-07-05,41708.73012200052,17837.03311734582,1.194912e+07
2022-07-06,39403.11129859432,16851.01893784963,1.2609656e+07
2022-07-07,40405.33613925798,17262.776452944203,1.2930385e+07
2022-07-08,37759.59226916773,16132.408799926723,1.2083703e+07
2022-07-11,37964.763226667514,16203.933634262907,1.2018044e+07
2022-07-12,37318.09238960233,15927.924766132866,1.2222753e+07
2022-07-13,37518.560000667916,15997.559441774165,1.2288412e+07
2022-07-14,37242.52727515047,15863.86413662302,1.2378821e+07
2022-07-15,37316.99098474029,15879.718908638948,1.2403571e+07
2022-07-18,38090.07654367899,16208.694558720026,1.2660531e+07
2022-07-19,37784.46218116752,16062.435984922393,1.2762112e+07
2022-07-20,34088.96380486941,14491.454087203112,1.4010307e+07
2022-07-21,34021.63038988514,14462.830187181844,1.4037981e+07
2022-07-22,34497.76092640415,14665.236568583648,1.3841521e+07
2022-07-25,33267.44204695461,14127.554274171393,1.3347881e+07
2022-07-26,35318.54742075081,14998.589157149509,1.4170845e+07
2022-07-27,36099.91811893613,15330.410790182783,1.4484355e+07
2022-07-28,38188.290026761795,16217.271506159075,1.5322272e+07
2022-07-29,38204.57013440647,16224.185115688026,1.5328804e+07
2022-08-01,38629.95513693194,16404.83169807674,1.5499481e+07
2022-08-02,39505.14328475335,16776.49441987565,1.5850633e+07
2022-08-03,39664.073382818926,16843.98664194225,1.5914401e+07
2022-08-04,42293.92073005287,17943.949624660745,1.4859229e+07
2022-08-05,41963.20622113632,17803.63810031615,1.497542e+07
2022-08-08,40938.77414508881,17351.200896701506,1.460983e+07
2022-08-09,42531.53064174862,18026.263561136126,1.5178238e+07
2022-08-10,41415.10802207558,17553.08688293575,1.477982e+07
2022-08-11,43351.27025152341,18373.696207794706,1.5470779e+07
2022-08-12,44693.58162929145,18942.611981848866,1.5949811e+07
2022-08-15,44295.269022271175,18773.79397963893,1.5807664e+07
2022-08-16,43924.414242834704,18616.613509146602,1.5675317e+07
2022-08-17,43761.62071758138,18547.616251159787,1.5617221e+07
2022-08-18,42865.30164311749,18167.72670504268,1.5297353e+07
2022-08-19,43841.088292643406,18563.129500215968,1.4949123e+07
2022-08-22,42852.09930396039,18144.373228732373,1.5286351e+07
2022-08-23,42759.10485108378,18104.997653472303,1.5319524e+07
2022-08-24,42906.86682781974,18167.562813603552,1.5266583e+07
2022-08-25,44063.34082893183,18657.235344152457,1.4855101e+07
2022-08-26,44563.4853667557,18869.00581304404,1.4686487e+07
2022-08-29,45677.49349585201,19340.697506157827,1.431935e+07
2022-08-30,46021.27160838266,19486.259531891505,1.4211578e+07
2022-08-31,46280.09320324833,19576.36313360743,1.4291504e+07
2022-09-01,47440.60411479182,20047.67996995629,1.3933133e+07
2022-09-02,46701.45310884629,19735.325962389026,1.4150218e+07
2022-09-06,45122.16082351598,19067.94098898707,1.4628734e+07
2022-09-07,44237.84958294772,18694.244467293327,1.491543e+07
2022-09-08,42644.2742128972,18020.82367885914,1.5452727e+07
2022-09-09,41969.77220712343,17735.789358509286,1.5697142e+07
2022-09-12,43664.170811579825,18451.816517048162,1.5063419e+07
2022-09-13,42097.74617094112,17789.869215184295,1.5603809e+07
2022-09-14,41939.152442261104,17722.849910157616,1.5662592e+07
2022-09-15,41994.38011100775,17746.188285567856,1.5641966e+07
2022-09-16,41202.52945809955,17411.564206264553,1.5936914e+07
2022-09-19,41247.85481603514,17430.718015272083,1.5919382e+07
2022-09-20,42307.34512155474,17878.442553621822,1.5510477e+07
2022-09-21,44024.67336468685,18604.1594297892,1.4880879e+07
2022-09-22,42001.846423957504,17730.73927678096,1.4197139e+07
2022-09-23,42105.58459656832,17774.531506128355,1.4232205e+07
2022-09-26,43162.761430107625,18220.810143875253,1.4589543e+07
2022-09-27,43905.68369261509,18534.428759744547,1.484066e+07
2022-09-28,46895.68290588736,19778.098281572835,1.3830003e+07
2022-09-29,47413.22821469751,19996.37129410911,1.3677374e+07
2022-09-30,51497.64882106502,21718.9620992827,1.2499135e+07
2022-10-03,50002.005665994664,21088.179573426158,1.2862146e+07
2022-10-04,48272.060471939425,20337.49276238758,1.2417148e+07
2022-10-05,47734.83705862028,20111.155266673795,1.2278957e+07
2022-10-06,44715.954413923384,18839.270384678537,1.1502402e+07
2022-10-07,44693.90401765201,18829.980336352597,1.149673e+07
2022-10-10,43398.9501522535,18284.403565697095,1.1163626e+07
2022-10-11,43547.289469352174,18346.900375619378,1.1201785e+07
2022-10-12,44445.33619632014,18725.256274071522,1.1432792e+07
2022-10-13,41091.69072534228,17312.33252839314,1.0570125e+07
2022-10-14,43970.254023979534,18525.099492963476,1.1310585e+07
2022-10-17,44138.63720819147,18596.040980787653,1.1353899e+07
2022-10-18,44509.48092019777,18752.28107568249,1.1449291e+07
2022-10-19,41550.735881752065,17505.732757321013,1.0688206e+07
2022-10-20,42986.00902706222,18110.42741753264,1.1057405e+07
2022-10-21,43625.467481198764,18361.72711174042,1.0892915e+07
2022-10-24,45932.195970607805,19314.255130662004,1.1468887e+07
2022-10-25,46390.650859028174,19507.033082896563,1.158336e+07
2022-10-26,46483.580216723116,19546.109405848707,1.1606564e+07
2022-10-27,47191.91489505248,19843.960540680215,1.1783429e+07
2022-10-28,47394.29802366993,19909.217657883786,1.1732896e+07
2022-10-31,47335.97390813467,19884.71708377854,1.1747334e+07
2022-11-01,50003.84521528884,21005.426383256472,1.108525e+07
2022-11-02,50080.60287221558,21016.665023404184,1.1102267e+07
2022-11-03,48257.03807720775,20251.393675873842,1.0698004e+07
2022-11-04,45840.34855569956,19237.2135097783,1.0162254e+07
2022-11-07,44495.93436935975,18673.020968424287,9.864214e+06
2022-11-08,41307.018684846,17334.7708499041,9.157269e+06
2022-11-09,44361.02703787362,18616.40619079711,9.834306e+06
2022-11-10,45582.16479593788,19128.86494202564,1.0105016e+07
2022-11-11,44414.52351120702,18638.856349052003,9.846165e+06
2022-11-14,45221.63769958773,18977.567298201637,1.0025092e+07
2022-11-15,43477.15519428889,18245.48337048608,9.638361e+06
2022-11-16,42604.9139344966,17879.441403630746,9.444995e+06
2022-11-17,41911.77386494719,17588.5604672892,9.291335e+06
2022-11-18,39046.16879053371,16385.989841452585,8.656065e+06
2022-11-21,39520.67002871046,16585.117507734816,8.761256e+06
2022-11-22,42611.89154029408,17882.369603278923,9.446542e+06
2022-11-23,42532.80918547049,17849.18215613836,9.429011e+06
2022-11-25,42546.76447725035,17855.038589084852,9.432104e+06
2022-11-28,42060.63620485251,17651.03155894864,9.324335e+06
2022-11-29,45286.76480128228,19004.898328615785,1.0039529e+07
2022-11-30,45286.76480128228,18985.89343028717,1.0039529e+07
2022-12-01,45249.54832379708,18970.290900972363,1.0047779e+07
2022-12-02,48131.345707300294,20178.44737341977,9.407868e+06
2022-12-05,47437.53950384791,19867.399602573587,9.272255e+06
2022-12-06,48962.34008842641,20486.136625647734,8.974213e+06
2022-12-07,48793.54580393547,20395.025948457547,8.943275e+06
2022-12-08,50371.79652324297,21054.712877191723,9.232551e+06
2022-12-09,47212.48303732226,19734.1636229199,8.653487e+06
2022-12-12,49145.21003236057,20522.28255883359,8.299241e+06
2022-12-13,50412.38819830511,21051.436638280495,8.08525e+06
2022-12-14,50692.098211544144,21147.187793846962,8.130111e+06
2022-12-15,53084.11534031474,22123.916748743355,7.7464735e+06
2022-12-16,52956.908294318935,22048.776631622382,7.7279105e+06
2022-12-19,48691.94860978132,20273.047147857702,7.105532e+06
2022-12-20,48610.67908808962,20239.210324892505,7.093673e+06
2022-12-21,44292.710816512925,18441.410547887008,6.4635595e+06
2022-12-22,43515.33682267781,18117.748421426706,6.350119e+06
2022-12-23,38550.73578110777,16050.721040932123,5.625643e+06
2022-12-27,39826.33780248498,16581.821985947252,5.8117895e+06
2022-12-28,43045.37755796221,17922.079391881274,6.2815385e+06
2022-12-29,43525.936925812035,18122.161807966942,6.351666e+06
2022-12-30,38197.38349821182,15903.601697889164,5.5740795e+06
2023-01-03,40154.95555814622,16718.64303017232,5.859745e+06
2023-01-04,41321.019245771604,17187.41869968411,5.689583e+06
2023-01-05,42339.62739699933,17593.91988077262,5.8298375e+06
2023-01-06,39826.81235821257,16532.144205273755,6.1758325e+06
2023-01-09,40132.73701661223,16659.13379517924,6.128394e+06
2023-01-10,41608.37997396309,17255.015327380665,6.353729e+06
2023-01-11,41493.571523651255,17190.149192103814,6.37126e+06
2023-01-12,41104.02489854212,17011.575860962916,6.3114455e+06
2023-01-13,44156.60441438524,18274.936033928083,6.7801635e+06
2023-01-17,45066.671250311585,18633.30720630133,6.6404245e+06
2023-01-18,45630.09232802453,18866.259801562253,6.557406e+06
2023-01-19,43387.51874016635,17939.04327023235,6.8796815e+06
2023-01-20,40028.25354631339,16550.118403853077,7.4123385e+06
2023-01-23,39989.269677426084,16534.000097687695,7.419557e+06
2023-01-24,40139.34221620555,16579.515227040363,7.4474015e+06
2023-01-25,44541.527881713155,18397.833621009348,8.264177e+06
2023-01-26,49441.17623233169,20421.628480393625,9.173251e+06
2023-01-27,46317.40796005773,19131.35911432011,8.593671e+06
2023-01-30,44494.28258064633,18359.18763745937,8.931932e+06
2023-01-31,46598.01363997066,19208.867915047187,9.354242e+06
2023-02-01,48360.1127053766,19935.249268169435,9.707971e+06
2023-02-02,48799.3509002286,20116.314249465515,9.796146e+06
2023-02-03,47571.532975934715,19590.06064546561,1.0042622e+07
2023-02-06,47070.804963493596,19383.859761933705,1.0148329e+07
2023-02-07,45999.32991281483,18942.62400790579,1.0379336e+07
2023-02-08,47377.32490654236,19491.142716496237,1.0690268e+07
2023-02-09,49760.81832785036,20452.226364150163,1.0152454e+07
2023-02-10,50329.47005730936,20685.948281997957,1.0036434e+07
2023-02-13,46551.65666229555,19133.22673696064,1.0789786e+07
2023-02-14,45441.53467893276,18676.95477724394,1.1047091e+07
2023-02-15,42853.84211699848,17594.708616493914,1.0418008e+07
2023-02-16,44183.74599239707,18140.733663949406,1.0741316e+07
2023-02-17,41863.30867488449,17188.02052441324,1.0177205e+07
2023-02-21,42603.558899531665,17491.948628931903,1.0357164e+07
2023-02-22,42346.90953551903,17369.08291325351,1.0419557e+07
2023-02-23,41259.263899652986,16905.60318290918,1.0151939e+07
2023-02-24,43512.09334792352,17828.679289740892,1.0706254e+07
2023-02-27,43109.72788855741,17663.81375052293,1.0607251e+07
2023-02-28,43725.851069698576,17898.60073273176,1.0455652e+07
2023-03-01,41166.1711200409,16832.930886804203,9.843586e+06
2023-03-02,42651.94846931741,17440.468259192352,1.0198862e+07
2023-03-03,43510.20507867752,17773.970659687562,9.993637e+06
2023-03-06,42140.7615680553,17196.777381904747,9.679097e+06
2023-03-07,40858.86920435122,16673.66349440222,9.384666e+06
2023-03-08,42897.32307495854,17488.840896520487,8.916463e+06
2023-03-09,43026.323718611595,17523.94442201603,8.943277e+06
2023-03-10,43284.32121733539,17629.022742400142,8.996903e+06
2023-03-13,45462.42935536138,18516.131903887668,9.449636e+06
2023-03-14,46159.52267816389,18781.530910205678,9.304741e+06
2023-03-15,47100.877166663275,19145.770636826277,9.494497e+06
2023-03-16,46077.66803650043,18729.85211262797,9.28824e+06
2023-03-17,46875.76996375998,19054.268076051587,9.44912e+06
2023-03-20,43210.12258689115,17545.185423478964,1.0188033e+07
2023-03-21,44616.34501251089,18116.172769199613,9.856475e+06
2023-03-22,44366.59446121824,18014.76320427107,9.911649e+06
2023-03-23,44784.362792576714,18184.395281176254,9.818317e+06
2023-03-24,44455.08473331139,18050.694095902454,9.890506e+06
2023-03-27,45062.31120262666,18297.25440076521,9.755408e+06
2023-03-28,43945.22069698657,17843.667165115727,9.997244e+06
2023-03-29,43627.89533651173,17714.81929439035,1.0069434e+07
2023-03-30,40906.735315945516,16609.910206669407,1.0697485e+07
2023-03-31,38404.534601177125,15577.29819142146,1.0043137e+07
2023-04-03,38836.356866812304,15736.872714944559,9.930211e+06
2023-04-04,40260.100629565335,16313.787651893424,9.566169e+06
2023-04-05,40160.27356730483,16257.022959495549,9.542449e+06
2023-04-06,40279.63093074192,16289.082225879294,9.514089e+06
2023-04-10,40777.368253867855,16474.07811066883,9.631655e+06
2023-04-11,39412.956047364525,15922.854865334606,9.30938e+06
2023-04-12,40583.07610360366,16395.583980301835,9.585763e+06
2023-04-13,40779.55012627494,16458.564004282624,9.539355e+06
2023-04-14,41229.22584218676,16623.59387084192,9.644546e+06
2023-04-17,40627.45288033118,16380.959450330807,9.503776e+06
2023-04-18,39807.45300253083,16050.33609604155,9.311958e+06
2023-04-19,35927.88707692492,14486.097936700724,8.40443e+06
2023-04-20,36388.5849720891,14671.850992935037,8.512199e+06
2023-04-21,36946.27258926092,14882.038383542898,8.3817415e+06
2023-04-24,36518.96300915184,14695.035123526637,8.2848005e+06
2023-04-25,34946.10461686711,14062.125330519495,7.927977e+06
2023-04-26,36409.86398822546,14651.134261827641,8.26005e+06
2023-04-27,37346.304811578884,15027.953033675962,8.472494e+06
2023-04-28,36782.62226309932,14801.130195186532,8.344615e+06
2023-05-01,36437.13785511188,14662.10911978705,8.2662375e+06
2023-05-02,36505.32607058311,14689.54769248445,8.281707e+06
2023-05-03,36371.22477828547,14620.896503002456,8.312129e+06
2023-05-04,34372.16100509363,13817.291325862823,8.768987e+06
2023-05-05,34721.82401878085,13944.03533719348,8.858192e+06
2023-05-08,35255.4150292652,14144.377622234448,8.722062e+06
2023-05-09,35128.27447312307,14079.224795677988,8.690608e+06
2023-05-10,35866.10759622947,14374.944370798597,8.873145e+06
2023-05-11,35011.555861064626,14032.44459933593,8.661732e+06
2023-05-12,35351.28961984614,14154.575630805573,8.577684e+06
2023-05-15,35315.163055281744,14140.110636857495,8.58645e+06
2023-05-16,33758.51420081871,13516.831990504119,8.964931e+06
2023-05-17,33170.1773079732,13281.263242214387,9.12117e+06
2023-05-18,33779.6129592071,13511.998621936642,9.288754e+06
2023-05-19,35416.650117548284,14166.820921241175,9.738908e+06
2023-05-22,34835.34399157044,13934.295830363979,9.57906e+06
2023-05-23,34297.163465361904,13719.021175285356,9.43107e+06
2023-05-24,34591.56914054327,13836.784782646544,9.512026e+06
2023-05-25,36222.98097995882,14489.356928828747,9.960634e+06
2023-05-26,37721.256115744596,15088.673788807788,1.0372631e+07
2023-05-30,37201.83146512146,14865.812895369949,1.0515463e+07
2023-05-31,37856.73759691381,15112.64688691521,1.0700578e+07
2023-06-01,39033.37521103904,15582.367996152754,1.1033167e+07
2023-06-02,39697.40037842731,15847.451004245395,1.122086e+07
2023-06-05,40372.3705361311,16116.903321061369,1.1411646e+07
2023-06-06,39777.66480323788,15863.37616230477,1.1579745e+07
2023-06-07,41600.3119914168,16574.386475190593,1.2110339e+07
2023-06-08,43290.11306560802,17247.636619939894,1.260226e+07
2023-06-09,44251.92022500079,17630.83960114999,1.2882254e+07
2023-06-12,42679.02434253405,16986.535955666553,1.3340143e+07
2023-06-13,42995.76123859056,17112.599349950575,1.3241141e+07
2023-06-14,42846.74120012215,17036.175782729322,1.3195247e+07
2023-06-15,43623.644346953086,17345.07812173684,1.3434505e+07
2023-06-16,45952.67269180001,18271.116722909574,1.4151761e+07
2023-06-20,43442.811252479136,17273.17756877753,1.3378815e+07
2023-06-21,42580.51948262269,16913.0509149394,1.364437e+07
2023-06-22,41291.56936602093,16384.16480184049,1.3231343e+07
2023-06-23,38789.29343786364,15391.281706911559,1.2429521e+07
2023-06-26,40263.303303265915,15976.157044058786,1.2901849e+07
2023-06-27,39292.97021647047,15575.160471205154,1.3212781e+07
2023-06-28,39099.75475391062,15498.572679080793,1.3277751e+07
2023-06-29,38451.38379158251,15241.567883375707,1.3497929e+07
2023-06-30,41102.75042054013,16277.289388187288,1.4428662e+07
2023-07-03,41493.47826572906,16432.023320663615,1.4565822e+07
2023-07-05,42366.00501734658,16761.1246324532,1.4259531e+07
2023-07-06,42689.26001812102,16889.012955976403,1.4150729e+07
2023-07-07,43439.041562187595,17185.646587164134,1.390219e+07
2023-07-10,43468.04655195923,17179.93609024771,1.3911472e+07
2023-07-11,43822.503349004925,17320.02853982949,1.4024911e+07
2023-07-12,42870.29495216047,16926.365871119935,1.4329655e+07
2023-07-13,42333.450405629956,16714.40494991258,1.45091e+07
2023-07-14,40979.40585703863,16179.791099906932,1.4973177e+07
2023-07-17,40561.681874417976,16014.86223783895,1.5125806e+07
2023-07-18,40274.07106803169,15885.29075690244,1.5018553e+07
2023-07-19,36352.58091990912,14338.53847804721,1.3556195e+07
2023-07-20,35954.34732314113,14181.46331017703,1.340769e+07
2023-07-21,34704.33719606208,13674.240696788409,1.387383e+07
2023-07-24,35191.89520094104,13866.348832284437,1.3678917e+07
2023-07-25,35068.522898958894,13803.871194808604,1.3630963e+07
2023-07-26,33922.34544476798,13352.706314279383,1.3185449e+07
2023-07-27,32498.91021513283,12779.052946866552,1.3738731e+07
2023-07-28,32378.156564300465,12731.570822472246,1.378978e+07
2023-07-31,33148.169660321466,13034.351379072295,1.3461833e+07
2023-08-01,34031.88464288828,13381.841201881864,1.3102946e+07
2023-08-02,33334.13032619086,13107.473867778794,1.3371596e+07
2023-08-03,34035.98354145302,13383.452949520042,1.3090056e+07
2023-08-04,33712.8651190921,13243.014546108354,1.2965787e+07
2023-08-07,33478.235904386536,13150.848006945589,1.2875549e+07
2023-08-08,32471.34214597345,12755.322184920487,1.2488303e+07
2023-08-09,32049.010379184252,12576.667414227832,1.265073e+07
2023-08-10,31697.612653176227,12426.195308613453,1.2512022e+07
2023-08-11,32075.136175697688,12561.767042227015,1.2363003e+07
2023-08-14,32984.83978827668,12918.039414574665,1.2012368e+07
2023-08-15,31942.736272663387,12496.99647974847,1.1632857e+07
2023-08-16,32846.08206699166,12837.91658302349,1.1303878e+07
2023-08-17,33404.95328536349,13056.351831022836,1.1111544e+07
2023-08-18,35852.695508185054,13999.997420362051,1.1925741e+07
2023-08-21,35556.609456652885,13870.379785302444,1.2024229e+07
2023-08-22,34997.011285712244,13652.08452946345,1.221347e+07
2023-08-23,36004.69462696101,14045.17461482387,1.1861803e+07
2023-08-24,37342.89779859546,14553.15295437719,1.2302676e+07
2023-08-25,37306.897642911164,14524.569937568094,1.2314536e+07
2023-08-28,34438.820882584376,13407.951185443158,1.3261253e+07
2023-08-29,34401.32641132214,13379.94563690901,1.3246815e+07
2023-08-30,34559.33853746672,13441.40238518983,1.3307661e+07
2023-08-31,32809.14362149951,12760.686980509137,1.2633719e+07
2023-09-01,34346.42309930037,13358.59171231453,1.3225674e+07
2023-09-05,33734.4581671462,13120.575961816527,1.2990027e+07
2023-09-06,33676.878102164934,13098.180949193833,1.2967854e+07
2023-09-07,33276.488226812064,12942.45454778313,1.2813678e+07
2023-09-08,36634.93436316748,14248.678214616317,1.4106905e+07
2023-09-11,35818.090262500555,13930.977393139965,1.3792365e+07
2023-09-12,36329.62108603597,14129.930611648848,1.3989339e+07
2023-09-13,36964.35445744925,14376.801848585994,1.4233754e+07
2023-09-14,36743.40475371425,14290.866353276357,1.4148672e+07
2023-09-15,35523.487872424106,13816.395649500304,1.3678923e+07
2023-09-18,35686.85750994104,13879.93613170621,1.3741832e+07
2023-09-19,35163.2712381739,13676.294104398492,1.3540216e+07
2023-09-20,34240.63551630993,13317.4470165389,1.318494e+07
2023-09-21,35689.53421754199,13867.659755076273,1.2627016e+07
2023-09-22,35997.05194484341,13973.282340973508,1.2735816e+07
2023-09-25,35578.76817903985,13810.91356790913,1.2587827e+07
2023-09-26,35051.179423405934,13606.114945686077,1.2401166e+07
2023-09-27,34194.210194993,13259.851784144234,1.2704363e+07
2023-09-28,33661.27066974339,13053.188168449526,1.290237e+07
2023-09-29,33475.62317110963,12981.197667661729,1.2973529e+07
2023-10-02,34150.19252701746,13242.782585881985,1.2712099e+07
2023-10-03,32123.593386749955,12456.906729338405,1.3466481e+07
2023-10-04,32260.129211956428,12509.852675308195,1.3409244e+07
2023-10-05,32200.582136997724,12486.761474089359,1.3433995e+07
2023-10-06,32306.873274383015,12527.979116481443,1.338965e+07
2023-10-09,31815.43588016796,12337.409222592452,1.3593327e+07
2023-10-10,31739.402646623006,12295.58759947148,1.3560841e+07
2023-10-11,32236.63137723359,12475.914396176615,1.3348398e+07
2023-10-12,31271.537313562552,12089.936958568514,1.2948776e+07
2023-10-13,30922.857789295795,11943.04349644713,1.3093155e+07
2023-10-16,30809.59965993076,11899.300878137088,1.314111e+07
2023-10-17,32280.869946273004,12467.53571414562,1.2513574e+07
2023-10-18,29278.64891740941,11295.548687122433,1.1349773e+07
2023-10-19,30358.756493979043,11700.952957914264,1.0931073e+07
2023-10-20,30345.868259037517,11695.985540003347,1.0935713e+07
2023-10-23,30981.174411302505,11929.150947353413,1.1164658e+07
2023-10-24,31567.831529944768,12143.111274632874,1.0953246e+07
2023-10-25,32557.577651712254,12523.834203886292,1.0609828e+07
2023-10-26,32313.900800825977,12430.099697207956,1.0689236e+07
2023-10-27,30764.454327197767,11821.648267204699,1.0176689e+07
2023-10-30,30221.993001059804,11601.378683279,1.0356132e+07
2023-10-31,29496.688130211824,11322.954409034774,1.0604671e+07
2023-11-01,31339.69193890595,12019.109121589538,1.1267269e+07
2023-11-02,31547.659252533733,12098.86682441217,1.1342038e+07
2023-11-03,31646.622523133567,12124.721436858952,1.1306459e+07
2023-11-06,32066.612963249147,12273.507001782757,1.1456509e+07
2023-11-07,32056.511205172428,12269.640550448248,1.1452901e+07
2023-11-08,30305.821683923536,11599.563541640928,1.0827428e+07
2023-11-09,29631.814004962474,11329.987310078102,1.1068232e+07
2023-11-10,28381.105317545604,10851.767733150937,1.1535403e+07
2023-11-13,30119.163749872598,11505.478046535778,1.2241831e+07
2023-11-14,30808.043064005746,11768.62897234809,1.2521825e+07
2023-11-15,29634.53618581034,11320.351000998598,1.2044856e+07
2023-11-16,29724.611613652123,11354.759687314478,1.2081467e+07
2023-11-17,29889.53729210711,11417.761063731572,1.2148501e+07
2023-11-20,30599.983501852563,11689.150513231325,1.2437259e+07
2023-11-21,29713.194157763955,11350.398235278173,1.2076826e+07
2023-11-22,29870.506275717966,11410.491242328599,1.2140765e+07
2023-11-24,29950.432229039503,11441.022843701272,1.2173251e+07
2023-11-27,31300.282142724227,11956.663605742133,1.2721893e+07
2023-11-28,30972.96865745372,11831.630316292625,1.2588858e+07
2023-11-29,31488.042707075758,12016.556246029499,1.2379507e+07
2023-11-30,31324.09712787133,11941.974312439286,1.2315053e+07
2023-12-01,30897.838631562223,11779.467856383988,1.214747e+07
2023-12-04,31309.669828759266,11936.474060199269,1.2309381e+07
2023-12-05,31224.418933599878,11892.03660148339,1.2342898e+07
2023-12-06,30797.865957705657,11729.580940976375,1.2511513e+07
2023-12-07,30645.552463924352,11671.571290042632,1.257339e+07
2023-12-08,31160.83497346944,11867.820209090423,1.2361977e+07
2023-12-11,31515.67529548598,12002.963607789898,1.2221207e+07
2023-12-12,31818.851121284275,12106.42726102277,1.2338773e+07
2023-12-13,33382.602252133416,12701.402838481743,1.2945168e+07
2023-12-14,33708.383053197664,12825.35582333618,1.3071498e+07
2023-12-15,33897.202936496986,12884.372602035071,1.2998277e+07
2023-12-18,33206.02709200461,12621.655730361343,1.3263318e+07
2023-12-19,31904.74097095368,12114.413463104805,1.2743552e+07
2023-12-20,32854.88627829174,12475.189095591564,1.3123064e+07
2023-12-21,33107.914952002175,12558.790347741491,1.3021997e+07
2023-12-22,33641.48965647102,12748.631885472312,1.3231863e+07
2023-12-26,33008.27589696015,12495.923334830171,1.3480919e+07
2023-12-27,31965.403057921732,12088.627662326955,1.3054999e+07
2023-12-28,32558.80417935193,12300.950571049096,1.2812648e+07
