date,gross_value,net_value,benchmark_value
2006-02-14,101204.79185134172,101104.79185134174,101204.79
2006-02-15,101468.31918929203,101266.9540072624,100941.266
2006-02-16,101051.9878909432,100750.18196971253,100527.09
2006-02-17,101657.54471594695,101253.18003243813,99924.68
2006-02-21,102347.01410885192,101838.65373295087,100602.4
2006-02-22,102117.21190529376,101609.99296312773,100376.52
2006-02-23,102002.32650421932,101495.67820093497,100263.59
2006-02-24,103611.03613546399,103096.39732810899,101844.88
2006-02-27,102921.58766037507,102410.37336216682,101167.19
2006-02-28,101887.40977427505,101278.92189212155,102183.75
2006-03-01,101249.2531574597,100543.2975266406,101543.734
2006-03-02,101099.06909097936,100394.16061146345,101393.12
2006-03-03,101174.17650850466,100368.3501854595,101317.79
2006-03-06,100610.22843808851,99808.89381653925,101882.53
2006-03-07,99903.76206866872,99108.0542702523,102597.93
2006-03-08,98987.18443060433,98099.66888332518,101656.64
2006-03-09,98363.95816958495,97383.93077773841,102296.67
2006-03-10,98581.12953352071,97598.93840315305,102070.82
2006-03-13,99017.4639524922,97933.32656290842,102522.6
2006-03-14,98544.69463543173,97367.80024750852,103012.09
2006-03-15,98868.88207530766,97688.11599870514,102673.21
2006-03-16,99702.74530735522,98414.33249687283,103539.16
2006-03-17,98288.80160210554,96920.24620457849,105007.51
2006-03-20,98817.40609751022,97441.49050712751,104442.766
2006-03-21,96715.7079103675,95271.6144927954,102221.43
2006-03-22,97784.41800004753,96229.09571306362,101091.88
2006-03-23,98367.12007982862,96706.30045634348,101694.3
2006-03-24,98367.12007982862,96706.30045634348,101694.3
2006-03-27,98767.72836841703,97003.43861824503,101280.14
2006-03-28,99208.38181673191,97339.21722728193,101732.0
2006-03-29,98437.40134797276,96485.42342474377,102522.6
2006-03-30,98365.11648909462,96318.08652494369,102447.32
2006-03-31,99630.39787652036,97557.03673923011,103765.12
2006-04-03,99919.55706890413,97840.17837628181,104066.27
2006-04-04,100281.07026800442,98194.16829500173,104442.79
2006-04-05,99630.39788144211,97557.03674404944,103765.11
2006-04-06,98509.73559116853,96459.6960272133,102597.94
2006-04-07,98365.13623505546,96221.64616395344,102748.54
2006-04-10,98941.86767298618,96785.80995690127,102146.1
2006-04-11,98686.54714927709,96536.05316266448,102409.695
2006-04-12,98214.88789860491,95978.1358593434,101920.25
2006-04-13,97380.38108431673,95162.63415577289,101054.25
2006-04-17,98759.08501542694,96509.93939677176,102484.97
2006-04-18,98069.72314169655,95836.27709374645,101769.59
2006-04-19,98069.72314169655,95836.27709374645,101769.59
2006-04-20,98505.13826345187,96261.77604411116,102221.43
2006-04-21,98650.28324965415,96307.35371321726,102070.805
2006-04-24,98650.28324965415,96211.04635950403,102070.805
2006-04-25,98686.674103182,96150.32636274413,102033.15
2006-04-26,98140.42833449622,95618.11966502432,102597.914
2006-04-27,109305.0481746437,106495.79743764606,90926.2
2006-04-28,109938.73490492668,107006.70197801638,91453.336
2006-05-01,108671.39851482112,105773.16506748895,90399.09
2006-05-02,104869.48851819753,102072.65086466714,87236.445
2006-05-03,106091.53682119591,103262.1075077218,88253.016
2006-05-04,104462.10612144042,101572.87112614815,89608.47
2006-05-05,104154.83617012309,101172.52684091886,89344.89
2006-05-08,103672.0142266761,100703.52974170605,88930.72
2006-05-09,103013.65228895225,99963.31542912744,89495.47
2006-05-10,100630.10516433787,97550.38419377952,87424.71
2006-05-11,100413.40505261562,97340.31605245323,87236.44
2006-05-12,100717.95751185202,97635.54787554586,87501.03
2006-05-15,100108.87628024582,97045.10719130558,86971.88
2006-05-16,101327.09203491012,98128.99511309547,85913.52
2006-05-17,101772.8991994412,98462.60266732087,86291.516
2006-05-18,100569.2896543292,97298.14209540852,85271.0
2006-05-19,101995.76333187558,98678.2178526334,86480.484
2006-05-22,101594.56418084382,98290.06822823196,86140.32
2006-05-23,98429.50025980751,95129.66207875738,88823.93
2006-05-24,99434.76338159876,96006.09420276737,89731.086
2006-05-25,99351.04085534018,95925.25856270023,89655.54
2006-05-26,96963.55799313186,93620.09991615106,87501.05
2006-05-30,94869.2921016357,91598.04765166272,85611.16
2006-05-31,95581.3211809818,92285.5248331035,86253.7
2006-06-01,95330.02248812014,92042.89131983892,86026.92
2006-06-02,96419.04233698391,93002.31713667561,85044.18
2006-06-05,94833.49263360929,91379.95098460438,83645.68
2006-06-06,95219.14953610807,91660.18350795274,83305.52
2006-06-07,94916.74130175744,91369.07825874671,83570.1
2006-06-08,95732.38229686656,92154.23338408166,82851.97
2006-06-09,94815.25650551304,91179.23238358315,82058.24
2006-06-12,93941.72614561777,90339.20061428264,81302.24
2006-06-13,92325.79034174008,88694.89434540283,82700.76
2006-06-14,93127.54690320512,89376.42533535973,83418.94
2006-06-15,93000.93140674559,89165.53340959593,83532.35
2006-06-16,91107.26852973469,87349.96599567239,85233.22
2006-06-19,91066.85051072708,87311.21483297262,85271.02
2006-06-20,88967.81244837704,85298.74199377146,87236.48
2006-06-21,89738.78003155427,86037.91454565538,86480.51
2006-06-22,91229.20997930183,87466.87852795489,85044.195
2006-06-23,92526.69404537813,88623.38692034292,86253.71
2006-06-26,92364.47335135657,88379.38623953906,86404.94
2006-06-27,93576.55917766984,89450.79694912687,87538.82
2006-06-28,92323.98179453678,88163.9945275153,88710.58
2006-06-29,91655.24450277908,87437.22559216016,88068.01
2006-06-30,93228.72577505543,88938.2944913315,89579.9
2006-07-03,94605.49379968116,90162.7646876508,88257.016
2006-07-05,94078.80397846653,89660.80852732349,88748.36
2006-07-06,94800.02875265836,90348.1641658877,88068.0
2006-07-07,95613.74665827514,91033.32124036686,88823.94
2006-07-10,93986.33300039973,89483.86966581641,87312.09
2006-07-11,92114.68222229826,87701.88127515494,85573.35
2006-07-12,90568.60166681238,86229.86649914103,84137.06
2006-07-13,90690.65381377807,86346.071675605,84250.45
2006-07-14,91463.713505767,87082.09754780855,84968.62
2006-07-17,92521.59108426911,88089.29696005362,85951.37
2006-07-18,89836.30549148926,85444.56204953627,88445.95
2006-07-19,91947.84262785043,87452.8744448496,86367.1
2006-07-20,96052.31528140458,91269.24270829045,90222.445
2006-07-21,95529.18690711515,90680.89507220103,90713.83
2006-07-24,94653.4986356506,89849.64968184884,91545.38
2006-07-25,94067.31027812857,89293.21152235016,92112.32
2006-07-26,95997.28516531196,91125.23643434723,90222.46
2006-07-27,94469.00407959077,89674.51858295525,91658.805
2006-07-28,95209.23267201785,90377.17913615968,90940.59
2006-07-31,94932.2693658436,90023.89507673723,90676.05
2006-08-01,93705.56376271906,88770.59111637362,91847.75
2006-08-02,94052.64594486103,89099.39432973159,91507.555
2006-08-03,93741.82038651491,88804.93829702119,91809.97
2006-08-04,94011.97478044107,89060.86509878759,91545.38
2006-08-07,93546.18346531106,88619.6045298243,91998.95
2006-08-08,93930.49632916933,88895.058078781,92376.914
2006-08-09,93853.63166423641,88733.41892671307,92452.51
2006-08-10,93738.50231855348,88535.83707773531,92339.1
2006-08-11,94122.27027637143,88898.30518367495,92717.13
2006-08-14,94815.49012959535,89553.05001601196,93400.01
2006-08-15,94507.44810701077,89172.55186179573,93703.445
2006-08-16,94507.44810701077,89083.37930993392,93703.445
2006-08-17,98678.06366733911,93014.63060661433,97838.58
2006-08-18,99940.65246605904,94204.75560862989,99090.42
2006-08-21,98027.52725143246,92401.4304466913,97193.57
2006-08-22,98218.88959109082,92581.80992186366,97383.305
2006-08-23,97951.08815819077,92236.7966146934,97648.83
2006-08-24,97532.48991228,91842.61864283682,98066.13
2006-08-25,97909.83227313843,92106.10490564958,98445.55
2006-08-28,98324.90883716557,92404.4711839823,98028.2
2006-08-29,98172.71764871858,92169.03941225339,97876.47
2006-08-30,97792.23450986505,91811.82443175168,97497.13
2006-08-31,98324.90883716711,92311.92346377272,98028.2
2006-09-01,99200.103614732,93041.28444372611,97155.66
2006-09-05,99200.103614732,92948.24315928239,97155.66
2006-09-06,99897.30217214438,93508.55412335486,96472.82
2006-09-07,100565.09339272139,94040.12943170482,97117.72
2006-09-08,101782.88792550025,95178.90981384521,98293.766
2006-09-11,101704.36623739445,95010.30393783914,98369.59
2006-09-12,101900.55393822335,95098.56848997889,98559.35
2006-09-13,100527.80375591331,93722.352477209,99887.09
2006-09-14,102513.19913533503,95479.61978733884,101859.83
2006-09-15,102742.28281760582,95597.5060859619,101632.2
2006-09-18,103010.71654999869,95751.6752257238,101897.74
2006-09-19,104237.9654960117,96892.44141428547,103111.734
2006-09-20,103164.10571052796,95894.25523656195,102049.47
2006-09-21,104084.53465552689,96653.92840539159,101138.984
2006-09-22,102952.27357640666,95602.49956786363,102239.2
2006-09-25,101997.24429226236,94715.64992819111,103187.61
2006-09-26,101097.28385974714,93879.93776884014,104098.07
2006-09-27,101244.63187203127,94016.76659050054,103946.34
2006-09-28,101059.82901546861,93751.14006337804,103756.61
2006-09-29,101096.80361488211,93785.44064435242,103794.56
2006-10-02,101133.71809331643,93819.6854523219,103832.46
2006-10-03,103239.91748822067,95773.56362920704,105994.86
2006-10-04,103313.78652413854,95746.31686203247,105919.016
2006-10-05,103498.81389224289,95917.79145037822,105729.32
2006-10-06,102941.78028744907,95305.64133581065,105160.28
2006-10-09,102830.32925074617,95202.45764789649,105046.43
2006-10-10,102273.35605933328,94686.80028247852,104477.45
2006-10-11,99748.12970894537,92254.206403362,107057.11
2006-10-12,99217.95983387042,91763.86737418194,107626.12
2006-10-13,98938.14690905839,91505.07636331026,107929.63
2006-10-16,98903.3858811186,91381.42180148083,107891.71
2006-10-17,98625.1939147354,91033.0059293886,108195.19
2006-10-18,99420.55955216031,91767.14415425567,107322.65
2006-10-19,99912.54321739476,92129.48767023526,107853.734
2006-10-20,99842.22988105986,91972.52216253875,107929.63
2006-10-23,100438.84323770336,92522.10959895447,107284.7
2006-10-24,100545.40228377833,92527.74739862863,107398.52
2006-10-25,100403.32356065516,92304.47051795034,107550.29
2006-10-26,100367.87531001175,92179.57716600505,107512.32
2006-10-27,99694.95398808096,91469.37511172699,108233.14
2006-10-30,99065.981417226,90892.29747923819,108915.98
2006-10-31,98720.93363731605,90575.71872023877,109295.336
2006-11-01,98857.985344398,90701.46263709017,109143.6
2006-11-02,98995.4553824165,90827.59036944906,108991.83
2006-11-03,98616.42298384462,90479.83097684615,109409.13
2006-11-06,98240.24489241479,90134.6903897115,109826.484
2006-11-07,98342.0223781161,90137.93578171448,109940.266
2006-11-08,97391.8384152509,89176.8820466191,111002.516
2006-11-09,97458.41552375711,89237.84340692271,110926.64
2006-11-10,97091.82180184036,88902.17169530543,111343.9
2006-11-13,97158.1787124155,88962.93143127125,111267.805
2006-11-14,96792.54133477728,88539.1724653052,110849.07
2006-11-15,97955.94605943168,89603.37524521626,112181.42
2006-11-16,97723.26691763809,89390.53633862027,111914.95
2006-11-17,99351.9850234724,90880.3758580835,113780.2
2006-11-20,99252.28207219455,90698.29406652998,113894.38
2006-11-21,99252.28207219455,90698.29406652998,113894.38
2006-11-22,99783.00380267149,91183.27591856722,113285.36
2006-11-24,100721.83208554793,92041.19194730262,112219.49
2006-11-27,101029.35609705295,92322.21221853138,111876.86
2006-11-28,100410.57798191797,91756.7630593108,112562.07
2006-11-29,101123.68746040302,92408.41369978899,111762.664
2006-11-30,100297.04514726996,91560.60655833155,110849.06
2006-12-01,99573.7064104463,90808.71410058593,111648.484
2006-12-04,100252.71147750401,91427.94963203365,110887.15
2006-12-05,100734.53994807591,91867.36507017483,110354.21
2006-12-06,100248.05760487044,91331.8380522538,109821.27
2006-12-07,98336.8931690378,89499.32374229086,111914.93
2006-12-08,98805.16451889607,89836.01206582521,112447.87
2006-12-11,98437.22218877997,89501.47012392586,112029.125
2006-12-12,98838.6014944162,89866.41376143391,112485.93
2006-12-13,100577.8847194295,91447.81155120532,114465.37
2006-12-14,100979.2640222171,91812.75518612337,114922.18
2006-12-15,101982.6897488705,92633.28103313202,113780.2
2006-12-18,102323.87288280697,92850.55243501645,114160.85
2006-12-19,101982.68975858911,92448.10607983638,114541.51
2006-12-20,101609.89284232154,92017.7146527584,114122.8
2006-12-21,100457.54735216199,90974.15289387098,112828.54
2006-12-22,99271.3204442371,89808.93403828618,114160.85
2006-12-26,99172.03956168458,89719.11645358476,114275.016
2006-12-27,99039.9325324642,89509.8825425243,114122.78
2006-12-28,98643.49537735696,89151.59228240614,113665.98
2006-12-29,98643.49537735696,89062.44069012374,113665.98
2007-01-03,98808.6715622623,89211.57362702218,113475.65
2007-01-04,99372.14197617273,89720.31523362845,112828.54
2007-01-05,98399.9056702789,88842.51038700163,113932.43
2007-01-08,98301.25456906625,88753.44107921651,114046.66
2007-01-09,99285.59447880834,89642.17392971981,112904.64
2007-01-10,95804.22805664699,86498.94599250796,116863.56
2007-01-11,94212.67282775445,85061.97548942463,118804.95
2007-01-12,94363.63031772265,85198.27076612374,118614.59
2007-01-16,94181.93098405252,84949.02127164009,118386.195
2007-01-17,93879.1124120088,84675.88882416088,118005.55
2007-01-18,94212.23740524503,84976.35667230186,118424.3
2007-01-19,93031.15493696398,83911.05891642385,116939.68
2007-01-22,93091.71865291102,83965.68540730717,117015.805
2007-01-23,94151.60006382436,84921.66377364943,118348.06
2007-01-24,92213.49564138072,83173.55697557685,115911.875
2007-01-25,92667.74806139701,83583.2778008718,116482.87
2007-01-26,92455.78324605768,83392.09247032099,116216.42
2007-01-29,92304.37395164213,83255.52623901056,116026.1
2007-01-30,93455.12550506285,84293.46650173953,117472.586
2007-01-31,92546.61248147138,83474.0174698472,116330.586
2007-02-01,91426.12644724028,82463.3757155112,114922.14
2007-02-02,89669.67222175107,80879.11145372821,112714.29
2007-02-05,89366.86182150067,80605.98637693933,112333.66
2007-02-06,88942.89125614341,80223.57879409648,111800.73
2007-02-07,88609.76625991084,79923.11094325292,111381.99
2007-02-08,87761.8087790701,79158.28103028814,110316.125
2007-02-09,87640.73044994315,79049.0723376114,110163.93
2007-02-12,88157.30619314619,79515.00676196716,110813.25
2007-02-13,89342.4398903168,80583.95859379711,112302.945
2007-02-14,89524.7694162434,80748.41386260033,112532.125
2007-02-15,87336.76605728736,78774.9063974173,109781.81
2007-02-16,87610.25215049145,79021.58190838159,110125.58
2007-02-20,89190.46592512124,80446.88304791221,112111.89
2007-02-21,89068.88835390392,80256.7771721511,112264.72
2007-02-22,87583.92601489933,78838.4741506272,110393.04
2007-02-23,88099.07089782997,79302.18065916903,111042.34
2007-02-26,84462.39199782653,76028.63232104956,106458.58
2007-02-27,83553.22638129976,75134.22030243234,107604.516
2007-02-28,83790.50672558992,75347.59175956766,107298.94
2007-03-01,84774.86316597433,76232.7622891944,106038.41
2007-03-02,85416.14822185526,76809.43005837584,105236.266
2007-03-05,84548.0110987993,76028.7683331333,106305.85
2007-03-06,85216.40815730875,76629.81624018081,105465.445
2007-03-07,84321.32747535371,75748.29603180237,104357.69
2007-03-08,84413.88619942422,75755.69592426735,104243.13
2007-03-09,84877.8635529276,76096.32820537228,104816.1
2007-03-12,87104.98806559223,78016.93620943697,102065.81
2007-03-13,89321.74256464357,79924.38988960878,104663.31
2007-03-14,89712.97223887478,80194.53472275307,104204.89
2007-03-15,89548.50863323084,80047.5205061432,104395.93
2007-03-16,87910.2003759891,78583.03476742397,106305.86
2007-03-19,87878.63796873037,78554.82109328435,106344.03
2007-03-20,85732.17523222591,76636.09544906685,108941.516
2007-03-21,84980.60952352006,75887.63385481747,107986.5
2007-03-22,85732.04572919558,76482.77830653242,107031.63
2007-03-23,85120.12620805479,75936.87619164899,107795.57
2007-03-26,86628.28637697006,77282.32734551792,105885.65
2007-03-27,86378.29647750729,76982.02547050083,105580.09
2007-03-28,86722.0641612734,77288.39794676875,106000.28
2007-03-29,86347.09614010937,76876.93072227624,106458.6
2007-03-30,86749.84236832983,77235.50553567035,105962.05
2007-04-02,87156.36322345027,77520.20548614058,106458.6
2007-04-03,89126.54954083679,79272.56460854017,108865.12
2007-04-04,89282.86808475273,79411.6003048162,109056.055
2007-04-05,89345.42076726205,79467.23705493391,109132.45
2007-04-09,88813.78612852764,78994.38085816281,108483.086
2007-04-10,87906.93641363383,78187.79401075863,107375.4
2007-04-11,89251.62960662715,79383.81560667361,109017.9
2007-04-12,89470.53451659814,79578.5180125022,109285.27
2007-04-13,89095.2773638992,79165.17141937182,109743.63
2007-04-16,88723.11312232135,78834.4867091112,110202.04
2007-04-17,87954.29048635549,78072.5186426194,109247.086
2007-04-18,88231.05836989921,78318.1913167796,109590.87
2007-04-19,89245.89599190705,79219.01069381418,110851.38
2007-04-20,89983.98233534239,79794.95312537723,109934.62
2007-04-23,89952.69125666656,79767.20518522857,109972.84
2007-04-24,89327.80963543493,79213.07990225023,110736.81
2007-04-25,88988.85851471695,78912.50875516885,111157.0
2007-04-26,85869.68721655218,76146.52617618575,115053.19
2007-04-27,85356.56560465459,75615.359613039,114365.67
2007-04-30,84045.18742645168,74378.02538820375,116122.734
2007-05-01,84625.77146220335,74817.45065689366,116924.91
2007-05-02,83630.48032337957,73862.69859079341,118300.07
2007-05-03,84737.64197609376,74840.5471829514,116733.92
2007-05-04,85153.5841697656,75133.0680662371,117306.914
2007-05-07,85042.67969379219,74960.08129508364,117459.69
2007-05-08,85125.63980603474,74958.24563531834,117574.27
2007-05-09,84572.5227614841,74471.19281098738,116810.31
2007-05-10,83715.17643171092,73641.77661067795,117994.46
2007-05-11,83498.37032793666,73451.05866272023,118300.05
2007-05-14,83417.22666449747,73379.67897039843,118415.01
2007-05-15,83876.14792413815,73709.99881551512,119066.48
2007-05-16,83633.19684909734,73496.49445346832,118721.59
2007-05-17,83228.2590789709,73140.63687899587,118146.766
2007-05-18,83822.14270961678,73662.5392647737,118989.81
2007-05-21,82850.30220670579,72808.49000176715,117610.24
2007-05-22,82553.33865244435,72547.51970479239,117188.695
2007-05-23,83660.1125322246,73447.60032057887,115617.57
2007-05-24,84519.68323817168,74128.7943738105,116805.49
2007-05-25,83660.06046775091,73300.72522913982,117993.484
2007-05-29,82790.61330895324,72538.93869764608,119219.76
2007-05-30,83908.30635643589,73518.2316900965,117610.266
2007-05-31,83634.89799616951,73205.16030748606,117227.04
2007-06-01,83279.4766885696,72820.85685659728,117725.22
2007-06-04,83659.00592856038,73152.72306850464,117188.7
2007-06-05,84452.35684790791,73846.44132937823,116077.39
2007-06-06,86320.37493551693,75479.86511123036,113509.86
2007-06-07,85067.28223574239,74384.14155788034,115157.65
2007-06-08,85152.214027325,74458.40722432469,115042.69
2007-06-11,84670.03787692077,73962.32656604376,114391.26
2007-06-12,86201.72110190241,75300.30701015907,116460.59
2007-06-13,86570.49194250169,75622.4416167372,116958.81
2007-06-14,86655.57826233792,75621.14513896589,116843.85
2007-06-15,86598.76023354036,75571.56212898121,116920.46
2007-06-18,86456.88988863927,75372.18551981646,116728.914
2007-06-19,85179.5767401259,74258.6376727836,115004.36
2007-06-20,84583.4911556065,73664.71804198516,115809.16
2007-06-21,82540.25433459115,71811.57529274914,113011.61
2007-06-22,82540.25433459115,71811.57529274914,113011.61
2007-06-25,82624.20547501465,71884.6143655026,113126.555
2007-06-26,83603.86338046803,72736.9351876971,114467.875
2007-06-27,83491.88594638543,72639.51271179687,114314.555
2007-06-28,84499.4724540722,73443.4924310467,112934.99
2007-06-29,85273.63036829184,74042.91539875043,113969.67
2007-07-02,86076.4530657363,74740.00467254287,115042.664
2007-07-03,86162.46291584271,74739.94684133219,114927.71
2007-07-05,86219.91494890495,74789.78248613255,114851.08
2007-07-06,85932.24054417362,74465.45515574425,114467.875
2007-07-09,84378.70297428567,73119.22140796029,112398.445
2007-07-10,84839.00980839318,73518.10496663458,113011.61
2007-07-11,86507.5970477721,74964.03617313612,115234.29
2007-07-12,85788.38404636702,74340.79484759396,114276.24
2007-07-13,85184.23615362987,73742.92356489728,115081.016
2007-07-16,87311.74386351585,75510.93735029559,117955.21
2007-07-17,87708.82016613729,75854.3459512898,118491.65
2007-07-18,86035.21171601383,74331.0833045291,120752.65
2007-07-19,85079.58556241415,73431.12831893594,119411.4
2007-07-20,85161.50370821796,73501.83084806093,119526.375
2007-07-23,86226.35158936863,74347.38593179503,118031.836
2007-07-24,86478.299539268,74564.62429478524,117686.95
2007-07-25,88533.99171634093,76337.1142219209,114889.4
2007-07-26,90276.30595236673,77839.39869218535,112628.414
2007-07-27,90245.64756225291,77812.96395245874,112666.664
2007-07-30,91504.07060984352,78898.02046082458,111095.59
2007-07-31,90525.62170097714,78054.36747886306,112283.54
2007-08-01,89845.94459356651,77468.3260277031,113126.586
2007-08-02,91550.32463919584,78937.9023079371,110980.57
2007-08-03,93383.86067029755,80439.90350848435,113203.25
2007-08-06,93352.25705368047,80332.2405725059,113241.56
2007-08-07,91930.62398140357,79108.88536319042,114966.09
2007-08-08,94075.66520530437,80954.75361613747,112283.56
2007-08-09,95970.0210433802,82584.90004984109,110022.555
2007-08-10,96237.39030689401,82814.97881468482,109716.03
2007-08-13,97114.50962486592,83569.76463653799,108716.07
2007-08-14,97698.45509328505,84072.26612210246,108062.36
2007-08-15,98706.7714256712,84939.95066174731,106947.08
2007-08-16,97145.04384039585,83596.04018707163,108639.18
2007-08-17,97110.67576568152,83566.46549297101,108677.62
2007-08-20,97763.53824193205,84128.27200047475,107946.99
2007-08-21,98285.93848822525,84493.68382086037,108523.81
2007-08-22,98007.33870701515,84169.68566480062,108831.43
2007-08-23,99773.55493419057,85602.36019323941,110792.71
2007-08-24,98665.38152967239,84651.58461956457,109562.15
2007-08-27,96726.00388238045,82987.6637136321,107408.586
2007-08-28,99011.66716267656,84948.68606599214,109946.68
2007-08-29,98526.85983939758,84532.7376602345,109408.33
2007-08-30,99496.49301312366,85364.65036743795,110485.055
2007-08-31,99773.55488732457,85602.36015302998,110792.71
2007-09-04,98630.71400915431,84621.84105093707,109523.66
2007-09-05,100119.9146524752,85899.52520235018,111177.33
2007-09-06,98492.2014987678,84503.00196764294,109369.836
2007-09-07,98630.71391364602,84621.84096899418,109523.64
2007-09-10,100189.14764356213,85958.92478417512,111254.19
2007-09-11,100189.14764356213,85872.96585939094,111254.19
2007-09-12,100985.68435177849,86469.81124336482,112138.7
2007-09-13,100570.11933584414,86113.98032814308,111677.24
2007-09-14,99496.49294038763,85194.67901967613,110485.04
2007-09-17,100189.14767171523,85787.77025096476,111254.19
2007-09-18,101089.59412398744,86472.99705829997,110254.3
2007-09-19,100208.12107958557,85632.50366343452,109292.914
2007-09-20,101019.14305293969,86325.55968879613,110177.46
2007-09-21,102535.22270664878,87621.12031902882,111830.984
2007-09-24,100842.69940522808,86087.15925891341,113676.95
2007-09-25,100638.0187697656,85826.34081453222,113446.23
2007-09-26,100603.88707894339,85797.23254943626,113407.74
2007-09-27,100501.51938490197,85709.93110307836,113292.35
2007-09-28,99443.95717313183,84722.30859530177,114484.5
2007-10-01,99677.77797599579,84921.51464843331,114215.31
2007-10-02,100516.78858335626,85636.31841944347,113253.94
2007-10-03,101404.20089285946,86306.72220315014,114253.805
2007-10-04,101847.88422178359,86684.34811488217,114753.71
2007-10-05,101847.88422178359,86597.66376676729,114753.71
2007-10-08,102735.31485686966,87265.61707222996,115753.59
2007-10-09,103179.0073511053,87642.49915366157,116253.51
2007-10-10,102086.8138559018,86714.7661783551,115022.91
2007-10-11,102974.23535425028,87468.56135350431,116022.79
2007-10-12,103417.93694717603,87757.98260220826,115522.86
2007-10-15,104381.88103798656,88488.20447153505,116599.63
2007-10-16,106998.3086588462,90706.24250646321,119522.31
2007-10-17,106722.91316907332,90382.0737878332,119829.94
2007-10-18,103332.18724063778,87420.13553217205,116022.79
2007-10-19,104496.63836938552,88405.27364077182,117330.25
2007-10-22,103160.84234154341,87186.77064138225,118830.11
2007-10-23,101992.37509000032,86199.23618596389,120176.055
2007-10-24,99577.16262937986,84158.01036738094,123021.87
2007-10-25,90114.40992395909,76160.52962723582,134712.55
2007-10-26,88931.08218149844,75084.27524286933,132943.6
2007-10-29,86358.60653793397,72837.2566501876,136789.2
2007-10-30,83348.01747185632,70298.04188902974,141557.88
2007-10-31,82781.97362395166,69820.62472497464,142519.25
2007-11-01,82781.97362395166,69820.62472497464,142519.25
2007-11-02,83519.12104479742,70442.3554132481,141250.16
2007-11-05,84246.76445803078,71056.07015650552,140019.55
2007-11-06,86306.05916803246,72792.93673325927,136596.97
2007-11-07,88201.33392124195,74391.46430516378,133597.31
2007-11-08,90765.58402652408,76554.22434172903,129713.28
2007-11-09,91707.43364735504,77348.60657308441,128367.28
2007-11-12,88427.21359647358,74581.97752135007,132958.77
2007-11-13,87067.17408350571,73360.30029725451,130913.805
2007-11-14,87503.43381604512,73654.51991813393,130257.84
2007-11-15,86648.09087412276,72934.5496151959,131531.11
2007-11-16,86978.48867319417,73212.6563158286,131029.57
2007-11-19,88566.39366215336,74476.0355455326,133421.69
2007-11-20,87670.0062633107,73722.25776348318,132071.3
2007-11-21,87362.65372179831,73463.80308490606,131608.3
2007-11-23,84442.8694923564,71008.5382257914,127209.76
2007-11-26,84673.38901574371,71202.38353785437,127557.02
2007-11-27,86312.5456697935,72580.76064212475,130026.35
2007-11-28,86594.25534448437,72745.07131262557,129601.97
2007-11-29,86568.45828339166,72723.400024601,129640.58
2007-11-30,84816.43640540585,71178.85893934613,127016.84
2007-12-03,85202.88021273243,71431.98784922421,126438.13
2007-12-04,81614.85617247937,68423.87721955818,131762.64
2007-12-05,80658.88205447534,67622.41215862434,133306.0
2007-12-06,80612.15963751655,67515.61882745274,133228.8
2007-12-07,81149.14375045442,67965.36257391152,134116.27
2007-12-10,82689.97514283213,69187.8996049335,131569.72
2007-12-11,81792.77133787364,68437.19618924848,132997.28
2007-12-12,80013.07094249353,66948.09509725121,135891.11
2007-12-13,79808.6407587294,66777.04540221792,136238.33
2007-12-14,77729.24024238261,64970.40383375907,132688.66
2007-12-17,78520.30226359141,65631.61728207297,134039.05
2007-12-18,78633.33522921099,65726.09649478535,134232.02
2007-12-19,80283.31163351568,67105.2381533114,137048.62
2007-12-20,81503.80371875838,68125.39303205274,139132.08
2007-12-21,82679.14533857093,69107.8086512422,141138.47
2007-12-24,82746.92534695932,69164.46293607913,141254.17
2007-12-26,81300.39142148138,67955.36976850832,138784.84
2007-12-27,81639.40595911308,68238.73689453147,139363.58
2007-12-28,80464.10654164682,67256.3565504003,137357.27
2007-12-31,79605.25246925253,66538.47875121272,135891.14
2008-01-02,79266.23793686004,66188.57315081758,136469.86
2008-01-03,81484.85035359551,68041.1499106151,132650.16
2008-01-04,82029.92710093406,68428.25653992375,133537.5
2008-01-07,84779.26177355259,70653.28610958134,129061.82
2008-01-08,87288.42441271343,72673.71715390182,132881.6
2008-01-09,87009.62405807193,72441.59636294992,132457.16
2008-01-10,85945.12655766845,71555.32775659287,130836.64
2008-01-11,87161.70187434021,72568.21177936078,132688.67
2008-01-14,88150.20102849897,73318.63823634236,131183.84
2008-01-15,86153.87303830538,71584.8803931317,128212.94
2008-01-16,85842.7877892924,71326.40100552762,127749.99
2008-01-17,85583.48671164992,71110.9488618893,127364.1
2008-01-18,82861.25385665741,68849.05735945793,123312.914
2008-01-22,82939.07183049379,68844.86691990706,123197.1
2008-01-23,86367.81021354246,71622.09969135994,128290.125
2008-01-24,87173.00242542628,72218.19808530694,127094.1
2008-01-25,86590.72475496742,71663.5937931804,126245.18
2008-01-28,86273.1886656897,71400.79685527431,125782.22
2008-01-29,87331.75288234415,72205.47737360597,124238.88
2008-01-30,88416.61671396112,73030.23214564813,125782.22
2008-01-31,82585.48166016862,68213.8394529853,117486.79
2008-02-01,83290.65505751516,68728.08373990192,116483.6
2008-02-04,80200.69413551154,66109.6447329637,112162.234
2008-02-05,78683.30636221799,64858.85796988303,110040.14
2008-02-06,77579.77101791993,63949.210860862426,108496.82
2008-02-07,78793.65473573546,64949.81842663137,110194.47
2008-02-08,77828.05303054435,64153.87038189415,108844.055
2008-02-11,78186.70551422173,64449.508574731284,109345.64
2008-02-12,79897.20481727403,65859.47768359838,111737.81
2008-02-13,78628.13585627681,64813.38077561651,109963.0
2008-02-14,78848.8473366533,64930.500453070075,109654.33
2008-02-15,78458.92604122793,64544.47730885036,109112.07
2008-02-19,78319.67583236693,64365.37821806951,109305.73
2008-02-20,77986.65657616757,64027.32796882298,108840.95
2008-02-21,76821.01544422736,63070.3323707902,107214.14
2008-02-22,77265.0607856801,63434.895207029454,107833.86
2008-02-25,78763.7285586697,64665.30688551695,109925.445
2008-02-26,78430.68719451291,64391.878717337626,109460.64
2008-02-27,77514.8363029486,63639.96181284186,108182.445
2008-02-28,75488.82785397074,61976.60152628286,105354.87
2008-02-29,76071.62263438034,62393.101553734254,104541.51
2008-03-03,77762.703821027,63717.71449412038,106865.48
2008-03-04,76268.8854989964,62429.98212128443,108918.36
2008-03-05,74777.14054455634,61146.482626662735,106788.016
2008-03-06,75590.83665878265,61811.85515828923,107950.05
2008-03-07,75102.62909160355,61350.82804419851,108647.24
2008-03-10,71809.35887044515,58660.577949292616,113411.45
2008-03-11,73403.50881494963,59962.82822075345,110893.75
2008-03-12,73377.92500425108,59881.96615118965,110855.1
2008-03-13,71685.73673477153,58501.01185644033,108298.65
2008-03-14,70814.03494342361,57731.13590231884,109615.56
2008-03-17,68011.51600372468,55446.382577559925,113953.69
2008-03-18,69860.85349695038,56954.054809991896,110855.12
2008-03-19,71227.7811113208,58011.488375332345,113024.15
2008-03-20,71252.19701558125,57973.3624277401,112985.41
2008-03-24,71325.49496591199,58033.00028899519,112869.18
2008-03-25,69905.84023652493,56819.88489691673,110622.64
2008-03-26,71154.14662826258,57777.69591059185,108647.266
2008-03-27,71509.2912915948,58066.0760168066,108104.98
2008-03-28,70305.08377146114,57088.250560266104,109925.445
2008-03-31,67530.530640273,54835.29279606051,114263.59
2008-04-01,68308.86726841348,55467.30792304557,112946.63
2008-04-02,68683.6827379238,55771.660870078886,112326.88
2008-04-03,68304.73129769064,55463.9494840783,112946.63
2008-04-04,68304.73129769064,55463.9494840783,112946.63
2008-04-07,67344.350429805,54628.649131904414,111358.57
2008-04-08,67672.30812246958,54894.68311409209,111900.87
2008-04-09,67156.98516562744,54421.76677334409,112752.984
2008-04-10,69071.7907146368,55973.46092321531,109538.14
2008-04-11,68534.47184017654,55482.06228058281,108686.03
2008-04-14,68070.45702967855,55050.93715979585,109421.88
2008-04-15,66383.70371507459,53686.801310291354,112133.31
2008-04-16,65764.59682114489,53186.10811385725,113179.086
2008-04-17,67520.09894645757,54552.657400532065,116200.26
2008-04-18,68465.3660864464,55316.383094724006,117827.03
2008-04-21,68847.95030903898,55570.17446395192,117168.62
2008-04-22,71579.07911020085,57719.0171047256,121816.586
2008-04-23,70782.4731895249,57018.9412518975,123172.28
2008-04-24,66397.51651029271,53429.61302532585,115541.79
2008-04-25,68267.2316321973,54880.729977916075,112288.2
2008-04-28,67443.0263427181,54163.262134665725,110932.516
2008-04-29,67725.61084914465,54336.04151622262,110467.71
2008-04-30,65635.89423451714,52659.46854322339,113876.26
2008-05-01,65993.10280337796,52946.05583840194,113256.516
2008-05-02,65631.99089638767,52603.390851656695,112636.78
2008-05-05,67031.2823207626,53724.90907328081,115038.23
2008-05-06,68137.18123375432,54557.55119296893,113140.3
2008-05-07,67997.21714886409,54445.48172387277,113372.695
2008-05-08,67718.46132908606,54222.2814882231,113837.47
2008-05-09,66335.92860648477,53115.28530165488,116161.56
2008-05-12,66557.95878156397,53293.06522186775,115772.76
2008-05-13,66222.6972972729,53024.62080927177,116355.93
2008-05-14,65072.17464949287,52103.39546477757,118377.445
2008-05-15,66055.21279619337,52890.51569843182,116589.13
2008-05-16,67222.55641846993,53825.209624405215,114528.74
2008-05-19,68819.84426046888,55104.16058233821,111807.39
2008-05-20,70040.21901077226,56081.31661827502,109824.72
2008-05-21,70585.62437596946,56461.94225950087,110679.92
2008-05-22,69544.3482288677,55629.01807396558,109047.17
2008-05-23,70511.27002744407,56402.465688027594,110563.33
2008-05-27,71155.8560992411,56861.67219922173,109552.6
2008-05-28,71484.09938654742,57067.11447820224,110057.98
2008-05-29,71509.34373076925,57087.26751774527,110096.836
2008-05-30,70196.33041030532,56039.06404154088,108075.3
2008-06-02,68959.0434438109,55051.31435223567,106170.34
2008-06-03,69539.79700687739,55514.94095383732,107064.48
2008-06-04,71458.83490135326,57046.94535973841,110019.055
2008-06-05,69413.58861047836,55414.186393491414,106870.164
2008-06-06,69969.05773356066,55857.627946341294,107725.37
2008-06-09,70423.56285996882,56220.46802269742,108425.14
2008-06-10,72367.84516119525,57716.405050036716,105431.7
2008-06-11,75356.49688919228,60042.26429660857,109785.82
2008-06-12,73141.67892641504,58217.50776108608,113012.555
2008-06-13,73493.95400472537,58497.90298042746,112468.24
2008-06-16,73163.72756630472,58176.559590115365,111962.89
2008-06-17,74027.47121196282,58805.19376780862,110641.1
2008-06-18,72804.9731744657,57834.07814277337,112468.234
2008-06-19,74566.57212534333,59233.439298187084,109746.93
2008-06-20,75253.34968554425,59778.994709466235,108736.13
2008-06-23,74607.64341521738,59206.286099277415,107803.13
2008-06-24,76275.77004405392,60530.05907903857,110213.46
2008-06-25,74661.44748057073,59248.98331823239,107880.87
2008-06-26,74984.28635061256,59445.92913786871,107414.39
2008-06-27,74658.60750922831,59128.29202936686,106947.86
2008-06-30,72921.73504821616,57752.71986804844,104459.81
2008-07-01,70235.00852761754,55624.88015052675,100611.1
2008-07-02,70506.35130916188,55839.77881743841,100999.8
2008-07-03,70642.08375023498,55947.276501649,101194.23
2008-07-07,71130.591245648,56278.21849097977,100494.445
2008-07-08,69424.54969460896,54872.12751987878,98084.125
2008-07-09,70029.90779938427,55350.593527458834,98939.38
2008-07-10,70580.22406023307,55730.20468988648,98161.89
2008-07-11,70300.71451624377,55453.773512555774,97773.15
2008-07-14,73095.95061070661,57658.678403823236,101660.73
2008-07-15,76198.70104443515,60106.15309880959,105975.984
2008-07-16,75471.94810191767,59472.778333133094,106986.734
2008-07-17,80024.41075216398,63060.17217782818,100533.305
2008-07-18,80705.1720275776,63596.62002962846,99678.08
2008-07-21,80201.6073798026,63199.80519409403,100300.02
2008-07-22,78243.16071404566,61656.5263022793,102749.266
2008-07-23,81173.98914824655,63966.05340716192,98900.49
2008-07-24,78876.55233930431,62155.64631540262,101699.64
2008-07-25,80866.56028385322,63723.79586425896,99133.82
2008-07-28,78932.0969323698,62199.41610476233,101505.266
2008-07-29,79294.82397690938,62423.0498446562,101971.72
2008-07-30,80836.5699084044,63574.3312751637,99989.06
2008-07-31,79956.50911593385,62818.62866053606,98900.49
2008-08-01,80459.32493463407,63150.85229358526,98278.55
2008-08-04,77499.39255087345,60827.66286939205,101894.02
2008-08-05,75104.31244385264,58947.81426026373,105043.01
2008-08-06,74075.9111776824,58140.64347538311,106481.36
2008-08-07,76077.23298055895,59653.29872993529,109358.18
2008-08-08,75455.25876434849,59165.599424002314,108464.125
2008-08-11,74860.3085451018,58639.92443973735,109319.34
2008-08-12,75419.37000456537,59077.85105769085,108502.94
2008-08-13,75419.37000456537,59077.85105769085,108502.94
2008-08-14,75689.59221952326,59289.522777658756,108114.17
2008-08-15,76016.19231858579,59545.356683546255,107647.66
2008-08-18,76732.80813689878,60106.699513343396,106632.85
2008-08-19,76817.06841408066,60172.70266485646,106515.766
2008-08-20,77126.70200641027,60415.24628792039,106086.42
2008-08-21,78999.50372028338,61821.842774905854,108662.43
2008-08-22,78488.75187187674,61422.14886567589,107959.89
2008-08-25,79595.3995810435,62226.74482403222,106437.72
2008-08-26,78748.94834032467,61564.999225173015,107569.625
2008-08-27,77663.18492306826,60716.16218860418,109052.75
2008-08-28,75856.4345051017,59242.94985438437,106515.75
2008-08-29,76384.5679786697,59596.172703840755,105774.164
2008-09-02,75820.83522388243,59096.74535185348,104993.53
2008-09-03,74270.61283065223,57888.46140535048,102846.85
2008-09-04,72297.5890688315,56350.634995483284,100114.69
2008-09-05,73622.33621042303,57383.17762378674,101949.14
2008-09-08,73565.95624601339,57339.233602465625,101871.07
2008-09-09,72607.61573640941,56534.93866876831,103198.15
2008-09-10,70136.1160395541,54610.53883323523,106710.92
2008-09-11,69417.83522408041,54051.25918415299,107803.77
2008-09-12,67407.17516349818,52431.63464376609,104681.27
2008-09-15,69493.2283890143,54001.80743220366,101441.7
2008-09-16,65696.36415104859,50997.337842830595,95899.29
2008-09-17,67541.31565679744,52429.49647836766,98592.42
2008-09-18,67273.95854889519,52221.95834543501,98202.16
2008-09-19,67915.68325691335,52720.10237760169,99138.91
2008-09-22,68022.59508948,52803.09355854835,99294.97
2008-09-23,67273.90214043677,52169.1114643511,100387.86
2008-09-24,64945.98097181112,50363.870872349595,103861.64
2008-09-25,63017.84710377974,48868.65463724053,106945.11
2008-09-26,68514.68008112954,53131.30156528181,97616.65
2008-09-29,63912.34217072885,49562.31163300339,104173.85
2008-09-30,64415.20080807097,49952.26505428032,103354.22
2008-10-01,64974.68721676596,50386.131797390706,102456.52
2008-10-02,65147.95353158743,50470.109057686575,102729.75
2008-10-03,68638.01279764876,53123.38729723205,97226.39
2008-10-06,73267.200952121,56706.21473028692,90669.1
2008-10-07,73961.06460840808,57243.24058872895,89810.43
2008-10-08,76243.20021123526,59009.53259737439,87039.25
2008-10-09,78978.38582748632,61126.46924660822,83916.76
2008-10-10,93672.08837848059,72437.74736238385,99529.23
2008-10-13,88529.24594606705,68460.72574054817,94064.805
2008-10-14,83239.59233364052,64370.17327562095,88444.4
2008-10-15,77619.32079532821,59959.5798372538,94416.09
2008-10-16,78453.57772814197,60604.028856586614,93401.305
2008-10-17,75863.59464999342,58603.3118242787,96484.766
2008-10-20,80037.29965977094,61827.42659604779,91176.56
2008-10-21,86307.37471788882,66670.95089103776,84033.84
2008-10-22,83140.48445213103,64224.58305658804,87117.32
2008-10-23,84481.46383937688,65260.46638828705,85712.2
2008-10-24,87482.20565550556,67578.48742546653,82667.74
2008-10-27,95412.66832233267,73637.05387909035,90161.77
2008-10-28,95825.72212782345,73882.201173922,89771.45
2008-10-29,97367.28152153533,75070.75262669212,88327.29
2008-10-30,98658.08062811593,76065.96640802208,87156.33
2008-10-31,97376.76780485659,75078.06660750198,88288.266
2008-11-03,93459.3121875279,72057.68504832819,91840.09
2008-11-04,99218.62497848597,76498.14943301094,86180.56
2008-11-05,104610.89924015714,80655.62493060571,81496.87
2008-11-06,101504.6749467768,78260.70754267594,83916.766
2008-11-07,102448.90731365574,78988.71630833515,83136.14
2008-11-10,101967.9694570435,78538.92164676105,82745.87
2008-11-11,106296.86033081923,81794.62996925578,79233.02
2008-11-12,101322.340052474,77966.77424355064,82941.0
2008-11-13,95648.3163886208,73522.68917966732,78296.33
2008-11-14,92119.88561878518,70810.46455745264,75408.01
2008-11-17,94184.05355479551,72397.14358437149,77097.7
2008-11-18,87799.5367526491,67489.51047455943,71871.43
2008-11-19,91447.85536605451,70226.40064968186,68884.97
2008-11-20,80232.04185896889,61613.33684618578,77333.51
2008-11-21,84349.59460152416,64713.754017735955,81302.305
2008-11-24,81495.86540014928,62524.34776814544,78551.664
2008-11-25,79457.42952651065,60897.917413113624,80516.46
2008-11-26,80504.51651679698,61700.427857244315,79455.414
2008-11-28,74094.41552126769,56725.88537847202,73128.84
2008-12-01,71944.4460554407,55023.16605853153,75250.79
2008-12-02,69239.4624974177,52954.3926137544,78080.086
2008-12-03,66591.17201541753,50876.02368323408,75093.66
2008-12-04,63942.88156112609,48801.839106858315,78080.086
2008-12-05,67611.44805909003,51552.9234726811,82559.74
2008-12-08,68930.80400646593,52507.36373735686,80948.69
2008-12-09,68897.36604073306,52481.89269498793,80987.95
2008-12-10,72775.14812213453,55435.75515426305,76429.67
2008-12-11,73111.88981950378,55692.26483878153,76076.016
2008-12-12,71903.41526324698,54716.0289359088,74818.555
2008-12-15,67862.62349611102,51586.40918445659,79023.17
2008-12-16,66344.08930289812,50380.49477826863,77254.91
2008-12-17,67558.94937776303,51252.656928979435,75840.25
2008-12-18,66928.86537421885,50723.399809762035,75132.93
2008-12-19,66718.84807018071,50513.51053107278,75368.69
2008-12-22,67066.72350746108,50726.37701094681,75761.67
2008-12-23,67449.38281852208,50965.07763237079,75329.4
2008-12-24,67308.64117368158,50807.767491882885,75172.22
2008-12-26,66710.49614618122,50356.259142379204,74504.19
2008-12-29,68047.5693159633,51365.54564029896,75997.47
2008-12-30,68399.4142099017,51631.13492055648,76390.42
2008-12-31,71530.83056881375,53994.87710149492,79887.68
2009-01-02,72199.34185035717,54499.50125028311,80634.3
2009-01-05,71354.89662492732,53807.574281695306,81577.39
2009-01-06,67058.4696554114,50513.900570079095,76665.445
2009-01-07,64961.83302485784,48884.029209793676,79062.46
2009-01-08,63024.613155749,47377.37977807327,76704.75
2009-01-09,62863.15985990182,47256.01078061714,76508.25
2009-01-12,63993.23151947978,48105.51752903545,77883.61
2009-01-13,66350.18523430801,49829.20061401325,75015.05
2009-01-14,65828.86821469678,49437.68987049425,75604.45
2009-01-15,67436.99041583193,50595.95707985256,77451.375
2009-01-16,71645.38182680964,53702.7913386244,72618.04
2009-01-20,75134.5461631038,56264.44015154033,76154.56
2009-01-21,83935.09559143923,62798.459567450824,67234.54
2009-01-22,83493.59296238955,62468.13665777957,67588.195
2009-01-23,85580.90451310674,63967.35078405063,69277.87
2009-01-26,85435.2643812921,63794.52488061368,69395.766
2009-01-27,83596.90946457599,62421.824985281884,70889.0
2009-01-28,85682.17319219437,63978.89172718947,69120.73
2009-01-29,88069.01319254893,65761.14551772148,67195.234
2009-01-30,91828.69195865294,68502.73707748616,70063.81
2009-02-02,95279.33867187341,71076.86439544323,72696.6
2009-02-03,94609.78771409496,70506.31321379053,73207.46
2009-02-04,92527.68617760761,68954.66293931664,74818.555
2009-02-05,89514.67085500644,66709.2652147679,77254.91
2009-02-06,90516.34043782878,67455.7422025043,76390.43
2009-02-09,93496.32240472375,69676.52238821064,73875.5
2009-02-10,95535.28744363325,71126.34940915302,75486.58
2009-02-11,95286.60045706443,70870.07474467087,75683.07
2009-02-12,94445.5549828336,70173.67122307746,75015.05
2009-02-13,98779.2885269762,73323.49020212112,71572.91
2009-02-17,98943.07826530155,73371.74721176262,71691.58
2009-02-18,100089.77677920774,74148.71562947711,70860.71
2009-02-19,100592.74886565715,74447.1797361339,71216.81
2009-02-20,96177.83136048456,71179.76572534132,68091.17
2009-02-23,95954.30678014534,71014.33854698495,67932.92
2009-02-24,94780.75366111888,70145.80954298342,67102.08
2009-02-25,91762.92101870179,67912.35701606575,64965.54
2009-02-26,90254.06286502296,66795.67380152036,63897.312
2009-02-27,88242.17449839207,65306.705495866045,62472.953
2009-03-02,87739.16607123222,64869.12982259825,62829.07
2009-03-03,89065.18931836008,65784.6435482029,63778.62
2009-03-04,84368.82952947743,62315.85448425746,60415.61
2009-03-05,84424.09696016621,62356.67568786699,60455.184
2009-03-06,83705.79995173546,61826.13268871102,59940.82
2009-03-09,91054.2134219628,67253.76119860818,65202.94
2009-03-10,94535.08456558267,69824.77540935385,67695.555
2009-03-11,95087.59367079409,70163.04065005115,67299.91
2009-03-12,97100.0476975541,71647.98614330628,65875.56
2009-03-13,94767.30236808368,69855.05676745292,64292.957
2009-03-16,98558.02862254254,72649.28421804118,66864.695
2009-03-17,98208.1228814352,72318.7117388231,67102.08
2009-03-18,97165.87043715527,71551.21561054498,67814.22
2009-03-19,97619.38616819915,71885.17651377882,67497.7
2009-03-20,90352.25116402189,66533.78778834015,72522.48
2009-03-23,92323.91545749863,67985.68624136139,70939.89
2009-03-24,92581.42006069873,68175.30804273448,70742.03
2009-03-25,87662.38634294634,64553.01926426794,74500.695
2009-03-26,90921.21593609473,66952.76330822415,71731.14
2009-03-27,87661.49460466375,64485.40984077812,69159.43
2009-03-30,83198.14535276475,61137.60252239296,72680.73
2009-03-31,78940.88580507091,58009.18372221451,76399.81
2009-04-01,79022.6393825607,58069.25979367212,76320.69
2009-04-02,81234.82368464883,59694.868681873704,74184.14
2009-04-03,81191.4745470849,59663.01385709565,74223.73
2009-04-06,81191.4745470849,59663.01385709565,74223.73
2009-04-07,79330.46845236022,58295.465933658095,75925.02
2009-04-08,77346.15448040659,56837.3060385962,77824.15
2009-04-09,77031.58496872245,56549.3094237838,77507.63
2009-04-13,76087.88157339211,55856.53158040332,76558.1
2009-04-14,74043.09540309562,54355.44282704948,74500.68
2009-04-15,77700.05735778114,57040.03867446043,78180.24
2009-04-16,79902.08991528217,58599.52282525882,75964.6
2009-04-17,77446.76508874344,56740.208660692224,73630.27
2009-04-20,78944.9648552268,57837.84220637045,75054.65
2009-04-21,79735.69246688124,58359.31906669082,74302.88
2009-04-22,80330.10305875773,58736.014568303704,74856.8
2009-04-23,88779.24506551526,64913.88449628799,82730.25
2009-04-24,86613.85950642126,63330.5911491861,80712.4
2009-04-27,88609.3976870541,64726.36437075733,78852.836
2009-04-28,90032.13124251987,65700.8999009185,80118.91
2009-04-29,89987.68111329078,65602.76154284838,80158.47
2009-04-30,90076.4994108576,65667.51180114856,80079.35
2009-05-01,90298.99257525141,65829.71362508781,79881.55
2009-05-04,92087.99697159264,67133.9324621587,78298.94
2009-05-05,92087.99697159264,67133.9324621587,78298.94
2009-05-06,89900.95218263128,65472.400541008166,76439.375
2009-05-07,90366.30457214451,65811.30393745976,76835.05
2009-05-08,90831.65696477302,66084.39603224267,76439.38
2009-05-11,93511.48270930133,67968.0136642984,78694.586
2009-05-12,92853.2985526285,67489.61819394282,78140.695
2009-05-13,94310.75698926517,68548.95927234725,79367.22
2009-05-14,95062.91153446643,69095.65630809877,80000.195
2009-05-15,96849.50478459313,70394.22618335833,81503.7
2009-05-18,96092.49091008135,69843.99718606149,80866.63
2009-05-19,96423.69784793697,70084.7320886174,81145.36
2009-05-20,93774.15848393497,68158.93728268526,78915.64
2009-05-21,93443.00657146289,67918.24237485419,78636.95
2009-05-22,96234.41841028372,69947.1559639314,80986.07
2009-05-26,97227.99644740747,70599.38242394688,80149.92
2009-05-27,98773.59497466125,71651.07605882794,81424.04
2009-05-28,100898.76099733004,73192.68677338115,83175.914
2009-05-29,103362.15663913835,74979.65168581014,85206.62
2009-06-01,103362.15663913835,74979.65168581014,85206.62
2009-06-02,101768.30563072836,73748.48105151081,86520.51
2009-06-03,101299.95110037382,73409.07837605926,86918.695
2009-06-04,99861.42046213365,72366.61777048305,88153.0
2009-06-05,100267.36406369614,72660.7930917903,87794.65
2009-06-08,100130.93315622595,72561.92564841441,87914.11
2009-06-09,102262.29199319633,74033.89643192432,89785.43
2009-06-10,103532.12018486238,74953.20233633723,90900.32
2009-06-11,101264.71294420374,73236.73504750765,92891.086
2009-06-12,100874.02808973471,72954.18367949472,93249.47
2009-06-15,100744.82305914556,72860.73992878485,93368.914
2009-06-16,99756.73001410565,72146.13060004717,94284.66
2009-06-17,98998.42750983807,71525.56441298079,93567.95
2009-06-18,101399.73874431838,73260.49238807785,95837.555
2009-06-19,98071.63034120535,70855.96094300426,92692.01
2009-06-22,98324.41596908202,71038.59651777208,92930.92
2009-06-23,98872.06740252479,71434.27025586937,93448.53
2009-06-24,97523.98983661161,70388.86083065627,94722.664
2009-06-25,95720.26139530964,69016.61393013906,92970.75
2009-06-26,97810.97595270029,70524.06948178701,95001.41
2009-06-29,98179.92185440147,70719.56429365427,94643.055
2009-06-30,99295.077145481,71452.09752092283,95718.04
2009-07-01,102062.4591843931,73372.0357018171,93050.35
2009-07-02,101320.09749411441,72764.98469268998,92373.54
2009-07-06,104246.16851262076,74793.63411774662,89705.84
2009-07-07,104384.97931375455,74818.43324967222,89825.29
2009-07-08,104940.22248509336,75141.58801549063,89347.49
2009-07-09,104706.38068422205,74899.00591852855,89148.4
2009-07-10,108634.59184809058,77708.95034874564,92492.93
2009-07-13,109195.68895640921,78032.6077273847,92015.2
2009-07-14,104423.45880536146,74622.31225766003,96036.586
2009-07-15,105808.88103254,75537.73003053229,97310.74
2009-07-16,106458.26309052136,75925.79087657385,96713.516
2009-07-17,107510.06356934948,76600.00679270111,97669.04
2009-07-20,106195.15726906095,75586.54721955817,98863.586
2009-07-21,106323.53113123772,75677.91990777403,98744.07
2009-07-22,103065.20831687584,73358.74286055402,101770.12
2009-07-23,94557.10045933351,67229.56657514928,93368.914
2009-07-24,93186.15851164797,66254.8345614257,92015.2
2009-07-27,91734.5876873519,65156.52103538052,93448.53
2009-07-28,90444.74368506084,64240.38078788667,94762.48
2009-07-29,90482.77213833688,64203.15095762601,94802.32
2009-07-30,89380.71282313079,63421.17137293493,93647.65
2009-07-31,88202.72424431158,62521.89408481239,94881.87
2009-08-03,87980.71913093247,62302.005393909276,94643.05
2009-08-04,87832.66791077159,62134.86350986751,94802.31
2009-08-05,89123.79456548228,63048.2364082736,93408.74
2009-08-06,89503.68100262409,63253.928635778335,93806.88
2009-08-07,90035.5240103738,63566.538127292304,93249.48
2009-08-10,91150.37747116742,64353.64272629165,92094.83
2009-08-11,92726.6586601038,65402.16913171517,93687.445
2009-08-12,92371.97530259602,65086.60092326828,94045.805
2009-08-13,92098.24423613265,64893.72614036103,94324.49
2009-08-14,90387.69590330088,63623.55585350762,92572.59
2009-08-17,92186.00578371517,64889.37934834321,94414.375
2009-08-18,91912.29514199219,64631.82608784017,94694.71
2009-08-19,91834.55938941457,64577.1630676899,94774.8
2009-08-20,88963.51662715164,62558.27390585726,97737.766
2009-08-21,88125.3121888182,61968.85675115855,98658.65
2009-08-24,88125.3121888182,61906.887894407395,98658.65
2009-08-25,88447.16549436307,62071.078775813585,98298.32
2009-08-26,87942.77261300023,61717.102364042345,98858.89
2009-08-27,87907.17274925034,61630.401736939246,98818.875
2009-08-28,87800.272494596,61555.4555700443,98698.7
2009-08-31,85485.11912798756,59932.3362317202,96096.18
2009-09-01,84986.4373410306,59582.71790243188,95535.6
2009-09-02,84095.99233644888,58898.85753299401,96536.58
2009-09-03,82317.10956017098,57652.969824234824,98578.62
2009-09-04,81648.3855690041,57184.61124982077,99379.445
2009-09-08,81516.7692322727,57035.24564812443,99219.24
2009-09-09,82240.50692589857,57541.626820115445,100100.15
2009-09-10,81779.95964398033,57219.39339987355,99539.59
2009-09-11,82240.50694592124,57541.62683412479,100100.15
2009-09-14,81582.6111983072,57023.771998984965,100900.914
2009-09-15,81582.6111983072,56966.748226985976,100900.914
2009-09-16,81906.37115044921,57192.82032015327,101301.336
2009-09-17,81776.86051583197,57102.3868367603,101141.16
2009-09-18,81906.37115422101,57192.82032278701,101301.336
2009-09-21,83427.96733280625,58255.306373863634,103183.234
2009-09-22,83233.69306073127,58119.65033905769,102942.95
2009-09-23,82489.09423751732,57541.5991362824,103863.88
2009-09-24,81248.90875839295,56618.9461384328,102302.336
2009-09-25,82139.30059356894,57239.422747021374,103423.45
2009-09-28,81884.89708237305,57062.13964355642,103103.125
2009-09-29,81789.51516930247,56995.67200132896,102983.02
2009-09-30,79118.30677386989,55134.21925597251,99619.65
2009-10-01,79372.69394344963,55311.490971652696,99939.95
2009-10-02,78355.07991419203,54602.3585686123,98658.65
2009-10-05,79849.69333666582,55643.89178004857,100540.555
2009-10-06,79817.91026047367,55621.7434914557,100500.54
2009-10-07,78005.30266985824,54302.991779679374,102782.836
2009-10-08,77640.64059527007,53994.831153085666,102302.336
2009-10-09,77124.04252077291,53581.57053544984,102983.02
2009-10-12,77393.9197367865,53715.48490798361,103343.39
2009-10-13,77843.6868530528,54027.64714021161,103943.97
2009-10-14,80092.66104998723,55588.554507931556,106946.99
2009-10-15,80722.3951105056,55970.034789565536,106106.12
2009-10-16,81148.8223503575,56265.704255480865,105545.59
2009-10-19,81179.59874083825,56230.77780464505,105585.61
2009-10-20,81826.06113358586,56678.563747535685,106426.43
2009-10-21,81795.27683475999,56600.56178364823,106466.47
2009-10-22,86194.21560234745,59587.9316701865,112192.23
2009-10-23,84163.94831513455,58124.77590583495,114834.87
2009-10-26,84428.07919415098,58307.18830995787,114474.484
2009-10-27,86111.30429464838,59469.64662761137,112192.234
2009-10-28,86725.9591146472,59834.666021565616,112993.05
2009-10-29,85220.07339026376,58795.71332153249,111031.07
2009-10-30,85681.0388448239,59113.746287701506,111631.64
2009-11-02,86756.6354477664,59796.716735904156,110230.28
2009-11-03,85086.41719225193,58645.524468054326,112352.41
2009-11-04,83843.17912017212,57788.626843477745,113994.04
2009-11-05,83695.93337889203,57687.13821570363,114194.234
2009-11-06,82316.6311985053,56736.4588659557,116076.16
2009-11-09,82259.89359240749,56697.352663385784,116156.17
2009-11-10,81947.97156432118,56482.36146345163,116596.625
2009-11-11,81272.57325806243,56016.84547156441,117557.586
2009-11-12,80525.15992972646,55501.69336995884,118638.695
2009-11-13,80280.59297630056,55277.62473342086,118278.375
2009-11-16,81891.07587836288,56386.531210059264,120651.12
2009-11-17,82191.37127206,56593.3011835554,121093.54
2009-11-18,83092.20857340563,57156.984146454146,119766.32
2009-11-19,82645.80713200854,56792.75914056474,119122.9
2009-11-20,81752.93998315786,56122.40362864951,120409.86
2009-11-23,81834.86503778357,56178.64418689672,120289.195
2009-11-24,81506.55637839637,55897.08562241943,119806.61
2009-11-25,79946.97653332404,54827.52788364942,117514.18
2009-11-27,79427.09557217092,54416.166698962385,118278.36
2009-11-30,77806.69458911238,53306.01644887354,120691.37
2009-12-01,78403.03876722445,53714.57682707113,119766.34
2009-12-02,78534.7004228692,53751.0647504087,119967.46
2009-12-03,78139.81649458758,53427.04549231608,120570.67
2009-12-04,78634.99128156391,53765.61457344856,119806.61
2009-12-07,79215.72655695965,54162.68448440375,118921.81
2009-12-08,79590.77019288726,54364.95282698346,119484.85
2009-12-09,79162.13814671345,54017.80818482944,120128.32
2009-12-10,79215.12535411719,54053.96502536956,120047.914
2009-12-11,78525.1516738565,53583.14820832215,121093.55
2009-12-14,78759.87020382824,53743.31291365061,120731.58
2009-12-15,78549.98495754696,53600.09367728491,121053.33
2009-12-16,77245.16507302455,52656.12462834705,119042.47
2009-12-17,79228.45602867717,54008.085176769615,122098.92
2009-12-18,78810.87682736415,53669.42364505341,122742.46
2009-12-21,78036.21003009465,53141.88325722742,123948.945
2009-12-22,77782.98234459308,52969.437720786926,124351.16
2009-12-23,77984.19865449009,53053.494589775204,124672.83
2009-12-24,77556.53437400638,52709.49645534363,125356.53
2009-12-28,78103.94032648751,53028.81869476751,126241.31
2009-12-29,79173.8657471255,53702.217773445984,124511.97
2009-12-30,77946.35746836527,52815.91863391515,122581.54
2009-12-31,76744.39421428522,51948.66063626282,124471.805
2010-01-04,76719.6250628095,51931.894274922255,124511.97
2010-01-05,77190.4359982906,52250.58852955221,123747.86
2010-01-06,77993.21128694699,52793.99109940174,122460.89
2010-01-07,77455.31192839792,52429.88435884025,123305.48
2010-01-08,78440.55821175443,53096.80244896572,121737.016
2010-01-11,78958.81470728475,53447.61283823884,120932.695
2010-01-12,79694.01706173291,53891.8273413275,122058.73
2010-01-13,81295.7781358303,54974.99310997547,124511.97
2010-01-14,81558.35662136196,55097.582693574666,124109.805
2010-01-15,82192.6237191552,55470.97074151632,125074.99
2010-01-19,80844.7893034405,54561.33092159786,123023.95
2010-01-20,79311.93437538907,53526.82262854876,120691.36
2010-01-21,76536.93820010868,51654.00576638399,116468.56
2010-01-22,77488.37261296835,52296.11923216827,117916.38
2010-01-25,77012.6722914829,51922.77777552221,118640.28
2010-01-26,76568.8945322619,51623.57800374258,119323.945
2010-01-27,75252.75723890297,50684.60040760394,117272.9
2010-01-28,72723.73596767348,48981.241789823864,113331.71
2010-01-29,72130.20640472126,48532.50365098335,114256.66
2010-02-01,72257.1491872186,48569.384060480705,114457.74
2010-02-02,71825.54632764289,48230.70241370115,115141.41
2010-02-03,69843.64182943964,46851.627033417884,111964.27
2010-02-04,70295.21145538254,47154.54324941307,112688.17
2010-02-05,69542.57402815696,46649.66854488555,111481.64
2010-02-08,68815.0095774396,46114.96330829016,112647.984
2010-02-09,68765.83925645254,46035.897865688195,112567.5
2010-02-10,68446.43325417781,45776.032801227586,113090.36
2010-02-11,67983.95205171936,45420.955703532716,112326.23
2010-02-12,69328.96249891138,46319.574540758025,114548.516
2010-02-16,68742.03966250959,45881.12424493592,115518.26
2010-02-17,67828.37657450496,45271.30978693381,117053.64
2010-02-18,68296.63674098697,45583.844925297366,116245.55
2010-02-19,68391.58479203083,45647.216965873195,116083.93
2010-02-22,69343.77564124424,46282.74635767095,114467.74
2010-02-23,68609.458440385,45792.63435498344,115679.9
2010-02-24,68681.38358523983,45840.64000805427,115558.625
2010-02-25,68513.26919549063,45728.433893116264,115841.484
2010-02-26,69349.68753271409,46240.963751227566,117255.69
2010-03-01,70687.95558098177,47087.05275334936,114992.96
2010-03-02,70687.95558098177,47087.05275334936,114992.96
2010-03-03,70265.68625171835,46805.76836734998,115679.9
2010-03-04,70363.86813842559,46871.16982988783,115518.26
2010-03-05,70265.41148756006,46805.58533992601,115679.91
2010-03-08,69848.21509471169,46527.68016644772,116366.76
2010-03-09,69435.91272433492,46253.0350263429,117053.65
2010-03-10,68932.57770889542,45917.7507161685,117902.16
2010-03-11,68719.95041623943,45776.11424551652,118265.83
2010-03-12,68673.00113262238,45744.840128501266,118346.63
2010-03-15,68485.45445797472,45619.91049812411,118669.83
2010-03-16,67879.190065621,45216.062300922655,119720.35
2010-03-17,67924.9665239801,45246.55516907679,119639.61
2010-03-18,67970.87485571283,45277.13588145347,119558.75
2010-03-19,67993.86007047755,45247.16978422461,119599.19
2010-03-22,67350.67175752563,44773.90674993146,120730.53
2010-03-23,66832.24122810895,44384.48653788575,119801.21
2010-03-24,66020.79248952738,43801.204433193314,121255.79
2010-03-25,66790.77658195588,44312.046993105294,119841.625
2010-03-26,66948.42045227627,44416.635125588524,119558.766
2010-03-29,66541.15790455854,44146.438579350506,120286.07
2010-03-30,67614.03337788896,44858.2330938765,118346.64
2010-03-31,67914.1463828237,45057.34174717375,117821.35
2010-04-01,67657.9311437485,44887.35687358392,118265.84
2010-04-05,67542.3659648554,44810.68566387588,118467.84
2010-04-06,67473.27271207818,44764.84604917678,118589.03
2010-04-07,66162.86799653045,43895.46380349968,120892.164
2010-04-08,65234.129218982416,43279.29614591108,122589.15
2010-04-09,65277.13071868688,43307.82530177948,122508.336
2010-04-12,65557.01744648624,43450.2070951599,123033.62
2010-04-13,64760.41556095955,42878.78111603113,124528.63
2010-04-14,64655.37336708268,42809.23120347762,124730.61
2010-04-15,65074.23995744386,43086.56865860881,123922.55
2010-04-16,65859.28708147038,43563.272821762555,125417.53
2010-04-19,66538.23970532915,44012.3727087629,126710.48
2010-04-20,66474.57978997631,43970.26423199036,126589.25
2010-04-21,66347.28157131038,43842.09130970942,126831.664
2010-04-22,67256.1608553136,44442.676105575476,125094.23
2010-04-23,66930.27006357022,44227.32841520703,125700.37
2010-04-26,67489.64482632281,44596.96163670665,124649.81
2010-04-27,67358.38074957283,44510.22271534825,124892.25
2010-04-28,67162.2601474493,44380.62679005367,125255.88
2010-04-29,66165.63342228938,43677.67811267672,123397.195
2010-04-30,66858.9562541961,44135.35878334933,124690.23
2010-05-03,68440.53955679464,45135.26823795715,121740.6
2010-05-04,69076.54195291508,45554.7000386819,120609.3
2010-05-05,67063.2443437475,44181.41285405039,117094.03
2010-05-06,65281.36771225158,43007.50861065323,113982.836
2010-05-07,63592.06651058301,41851.58575540053,116932.39
2010-05-10,63460.242439888025,41722.97733499503,116689.99
2010-05-11,62229.7389989404,40872.23968637316,118952.62
2010-05-12,62652.46841462851,41149.88664871667,118144.57
2010-05-13,63316.71479674852,41586.1609731402,116891.99
2010-05-14,63294.837264174676,41571.79189865123,116932.38
2010-05-17,63756.208915570714,41874.818924374056,116080.03
2010-05-18,64558.7016467897,42401.89288908269,114618.945
2010-05-19,67141.9811110731,44098.58034333787,110032.53
2010-05-20,66473.29441304307,43615.29105712578,108936.69
2010-05-21,65061.607814773124,42689.03755323887,106623.21
2010-05-24,65556.95988731674,42971.36512589747,105811.414
2010-05-25,62891.44213998413,41181.19656665109,101509.18
2010-05-26,65380.95922193957,42811.32761182333,105527.35
2010-05-27,65883.91199442607,43097.84880200317,104715.57
2010-05-28,65654.09385995437,42947.51366081942,105080.84
2010-06-01,67099.57755901596,43850.12684660807,107394.375
2010-06-02,66085.21613201273,43143.38316870629,109017.88
2010-06-03,68717.80900167239,44862.05747365285,104675.01
2010-06-04,70050.04738915591,45731.802245440296,102645.67
2010-06-07,69551.42813800015,45360.549507242504,101915.04
2010-06-08,68665.07502437761,44782.481373090035,100616.25
2010-06-09,68083.37243755117,44358.31992431633,101468.63
2010-06-10,69880.74467312102,45485.00248844373,104147.36
2010-06-11,70316.47547144149,45723.13232919438,103497.97
2010-06-14,73294.588143872,47613.92036156506,107881.43
2010-06-15,72577.63662787943,47148.171480916935,106826.15
2010-06-16,72439.777737021,47011.46687127741,107029.07
2010-06-17,72247.46950927518,46886.664005225466,107313.2
2010-06-18,73586.37391361856,47755.57694249457,105324.445
2010-06-21,74096.81435173743,48086.839054224125,104593.85
2010-06-22,75419.46101254351,48945.20115332695,102726.82
2010-06-23,74495.733067112,48296.781367058575,101468.63
2010-06-24,73095.19013288128,47388.78686717518,99560.99
2010-06-25,72439.60545982688,46963.76078422384,98668.05
2010-06-28,69459.81780139774,45031.91654114804,94609.36
2010-06-29,70353.77223704851,45566.44965676575,93391.73
2010-06-30,69895.14362592163,45269.40691327714,94000.54
2010-07-01,70227.10756458038,45439.14258168221,94446.984
2010-07-02,68567.24200216692,44319.71832747435,96679.3
2010-07-06,69948.92647916544,45168.47619328075,98627.47
2010-07-07,69632.28529360365,44918.84139327448,99073.93
2010-07-08,69232.9471115128,44616.314915021634,98505.74
2010-07-09,70830.42988394214,45645.792893638216,100778.664
2010-07-12,69974.69797212185,45048.681273367445,101996.21
2010-07-13,69111.47537892013,44492.951265292155,103254.46
2010-07-14,68921.2958370867,44370.51647367387,103538.59
2010-07-15,70596.39936669094,45448.923486378626,101022.13
2010-07-16,69632.01858038123,44828.06932154988,102402.14
2010-07-19,68942.06627835668,44383.88817824416,103416.8
2010-07-20,67967.98788382075,43712.40694770646,101955.625
2010-07-21,69916.11723291047,44965.31181580028,104877.92
2010-07-22,69997.26300108341,44972.53396680188,104756.2
2010-07-23,70783.73561593992,45432.862138450466,105933.21
2010-07-26,70621.01192963231,45282.98433931707,106176.734
2010-07-27,70054.11902072399,44874.20326829296,105324.42
2010-07-28,69838.19500511918,44691.01573952428,105649.06
2010-07-29,70428.41852453821,45068.712909307375,104756.2
2010-07-30,69009.4829122015,44160.704422265815,106866.74
2010-08-02,69455.05240210833,44445.83425823906,106176.74
2010-08-03,68313.41701235944,43670.83052270164,104431.51
2010-08-04,67357.6059401532,43059.807605512644,102970.35
2010-08-05,66879.7239407379,42711.2513856498,103700.9
2010-08-06,67036.78242833204,42768.84205165584,103944.43
2010-08-09,68450.27556411603,43627.86864899711,101752.734
2010-08-10,67876.89707443834,43218.78890703334,100900.39
2010-08-11,66866.66963692098,42575.553752629115,99398.664
2010-08-12,66620.93303509266,42419.087579617364,99033.375
2010-08-13,66893.96448085207,42592.933010505534,99439.24
2010-08-16,67827.26253626138,43187.18544959161,100826.61
2010-08-17,68129.18749530219,43379.428048074566,101275.43
2010-08-18,69172.2808673462,44000.21027442941,99724.85
2010-08-19,68577.92504165453,43578.14270855603,98867.98
2010-08-20,68719.46381946477,43668.0841445861,99072.02
2010-08-23,68040.170443145,43236.42419459112,98092.695
2010-08-24,67870.35244910348,43085.27618260313,98337.52
2010-08-25,67081.80975903376,42541.610338360195,97195.01
2010-08-26,67391.60909753124,42738.07735063646,97643.88
2010-08-27,66574.92088850458,42220.154061429625,96460.58
2010-08-30,66096.17043024249,41916.54246362304,95766.914
2010-08-31,67307.10864532768,42684.48927178212,97521.445
2010-09-01,67419.78295869604,42755.944510567075,97684.7
2010-09-02,66434.10105193766,42088.09368943476,99112.86
2010-09-03,65531.50096192173,41474.18003400583,97766.266
2010-09-07,65449.463335514025,41422.25930523796,97643.875
2010-09-08,65668.25562389567,41560.73058432045,97970.29
2010-09-09,65230.64347019365,41283.77057300844,97317.414
2010-09-10,68676.82377216348,43464.8209102591,102458.766
2010-09-13,68895.65053790555,43559.84918878081,102132.3
2010-09-14,68647.90873069123,43403.21236663376,102499.555
2010-09-15,68074.04665131313,43040.3832847149,103356.41
2010-09-16,68369.69386897188,43227.30870183122,102907.52
2010-09-17,68939.03962681876,43544.05499312374,103764.484
2010-09-20,69698.1080522141,43979.96231195133,102621.96
2010-09-21,68201.58899220503,42991.66902898211,100418.52
2010-09-22,68700.42403974815,43263.12386451303,99684.04
2010-09-23,69684.70511696735,43839.69787784863,101112.234
2010-09-24,69825.31467142122,43884.317769139605,100908.21
2010-09-27,69684.10804896597,43751.68689404962,100704.15
2010-09-28,70192.31235896834,44027.01507302407,99969.71
2010-09-29,70220.95274422773,44044.97930060307,99928.914
2010-09-30,69905.5211906573,43803.08488029058,99480.04
2010-10-01,71253.14479662305,44603.70824690338,97562.28
2010-10-04,72564.35359184496,45379.9072515723,99357.63
2010-10-05,72325.96838009397,45185.447275885825,99684.04
2010-10-06,72622.05071882994,45325.238444974995,100092.125
2010-10-07,72740.44783153656,45399.13304463868,100255.31
2010-10-08,72799.67624375403,45436.09897826218,100336.93
2010-10-11,73510.23056317333,45879.573703046226,101316.26
2010-10-12,72000.38006661247,44891.35866655323,103397.23
2010-10-13,71687.83280432262,44651.59790249294,102948.39
2010-10-14,70807.02107985895,44058.322508751815,104213.3
2010-10-15,71583.28566516157,44497.28006418562,105355.8
2010-10-18,73579.37660172283,45693.583853985954,102417.96
2010-10-19,74194.960641288,46030.174576280704,103274.81
2010-10-20,73872.49776591136,45784.09008103812,103723.66
2010-10-21,73756.25670820323,45666.263062693186,103560.44
2010-10-22,74308.39623176646,45962.454559984326,102785.18
2010-10-25,72213.97638861657,44666.97946225704,105682.23
2010-10-26,71795.74028517435,44408.28517097061,106294.31
2010-10-27,72429.63480131794,44755.96377465135,107232.8
2010-10-28,73504.50733308165,45420.15262809438,108824.16
2010-10-29,74276.22222815959,45897.01329408021,109966.695
2010-11-01,73063.59187658173,45101.80365155451,111762.01
2010-11-02,72103.3052344865,44463.92152505557,110293.1
2010-11-03,71809.89401920506,44238.51980590227,110741.92
2010-11-04,72577.21842370089,44711.23037496066,109558.59
2010-11-05,72469.13188943059,44599.93238307635,109395.43
2010-11-08,72090.69270391316,44322.428293500714,109966.71
2010-11-09,72063.90461191015,44261.63614848804,109925.84
2010-11-10,71368.43938170884,43834.481539826884,108864.984
2010-11-11,72465.17297133165,44464.26061499249,107192.04
2010-11-12,72272.06745530311,44301.307794441505,106906.39
2010-11-15,71633.70507908106,43910.00463806101,105962.11
2010-11-16,70967.63497373673,43501.7172071281,104976.84
2010-11-17,70218.30264792603,42998.89001086789,106085.27
2010-11-18,69810.68427548168,42706.28187508781,105469.45
2010-11-19,69919.40338682412,42772.7901619265,105633.71
2010-11-22,71577.03963329304,43744.06674719702,103129.36
2010-11-23,70864.69764427791,43308.721339312695,104155.72
2010-11-24,70529.48190685797,43060.54664883671,103663.02
2010-11-26,70697.10376338048,43162.88525358762,103909.4
2010-11-29,70557.43053879398,43077.610199237395,103704.11
2010-11-30,72736.19276988939,44407.815528303974,106906.414
2010-12-01,75110.43452610719,45857.36747644173,110396.03
2010-12-02,74747.2981500297,45589.80351990195,110929.75
2010-12-03,75245.26235085628,45893.52138847376,110190.734
2010-12-06,75161.15158382503,45842.22062660319,110313.914
2010-12-07,74154.18853148603,45228.05464543564,111791.83
2010-12-08,74562.64012891438,45477.1770690552,111176.06
2010-12-09,75278.52296346417,45868.33049373563,112243.48
2010-12-10,75526.32933883998,45973.45429588123,111873.984
2010-12-13,76551.80674242791,46551.69678002716,113392.98
2010-12-14,75914.31515808818,46117.481928099754,114337.266
2010-12-15,76295.89918590928,46303.17440810629,114911.98
2010-12-16,76050.58980146822,46154.29873676723,114542.51
2010-12-17,75805.27357342656,46005.41891211934,114173.03
2010-12-20,75096.55794980023,45529.30147569816,115240.445
2010-12-21,74775.51336631455,45334.659590268064,115733.11
2010-12-22,75067.29704044464,45466.226605372874,116184.71
2010-12-23,75677.39197822435,45790.27834178859,115240.445
2010-12-27,75515.60448139392,45646.59496329585,114994.07
2010-12-28,75407.79569344534,45581.42824562513,114829.9
2010-12-29,75731.31663230882,45731.40413774878,114337.24
2010-12-30,75568.18262269131,45632.893407258634,114583.54
2010-12-31,75378.63823105636,45518.434401904386,114870.95
2011-01-03,75082.29346678645,45339.48251275749,115322.555
2011-01-04,74841.72550186272,45148.87273367855,114953.055
2011-01-05,77033.53490385327,46471.09938042374,118319.56
2011-01-06,76445.45383776112,46116.334748368055,117416.3
2011-01-07,75429.75296730161,45503.60503070913,115856.23
2011-01-10,75135.72247796967,45326.2287736326,115404.62
2011-01-11,76311.8309847884,46035.72568781096,117211.055
2011-01-12,77274.07602500552,46570.17202033406,115733.1
2011-01-13,77575.60941210683,46705.32465147786,116184.7
2011-01-14,78562.42412145899,47299.44826482009,117662.66
2011-01-18,79083.2488888447,47565.71760488482,116882.61
2011-01-19,78749.91091691937,47317.66113781829,116389.95
2011-01-20,77833.27154922373,46766.88932765124,115035.19
2011-01-21,76833.27851660109,46119.266755988436,116513.15
2011-01-24,76643.76615526626,46005.51173583698,116800.53
2011-01-25,75754.73752406986,45471.871243234564,118155.375
2011-01-26,75517.8673240053,45329.68962409461,118524.83
2011-01-27,72588.18415868722,43525.81413217678,113926.71
2011-01-28,72640.49747127033,43513.65677761583,113844.61
2011-01-31,71959.43690008327,43105.68275525837,114912.0
2011-02-01,71830.92063953074,42985.59229614971,114706.766
2011-02-02,71085.34720104183,42539.42070920106,113516.164
2011-02-03,71393.84036084177,42724.03147396987,114008.805
2011-02-04,70288.33893396784,42019.745079166496,115774.19
2011-02-07,70487.73523040368,42096.92834376202,116102.625
2011-02-08,69715.07696236066,41635.47870805302,114829.96
2011-02-09,68543.58867942925,40935.83843530314,112900.37
2011-02-10,69166.69821302149,41267.03822160038,111874.02
2011-02-11,69115.90428712942,41195.46592180974,111791.86
2011-02-14,69396.73375853,41321.65451948726,111337.625
2011-02-15,69551.17966798076,41372.29627832493,111585.414
2011-02-16,70040.26265614934,41663.2257260754,112370.086
2011-02-17,69654.14149516556,41433.54279118039,111750.6
2011-02-18,68444.31311587742,40713.88025788079,109809.6
2011-02-22,68444.31311587742,40713.88025788079,109809.6
2011-02-23,68907.67648478653,40989.51047255932,110553.0
2011-02-24,68341.37056543332,40652.64521173274,109644.44
2011-02-25,68264.128372386,40566.045295587624,109768.35
2011-02-28,67185.43529199144,39884.46451235211,108033.82
2011-03-01,66979.98304415743,39762.49830268025,107703.46
2011-03-02,67288.15821860533,39945.44571911711,108199.0
2011-03-03,67930.19566182737,40286.64418514761,107166.6
2011-03-04,67328.09344069388,39889.275131445385,106216.72
2011-03-07,67825.47401081133,40183.95376249746,107001.375
2011-03-08,67773.11644415524,40152.93394187239,106918.77
2011-03-09,66516.61961803636,39408.5084719459,104936.53
2011-03-10,67223.37828461552,39827.235476707174,106051.51
2011-03-11,67249.57989142042,39842.758909041506,106092.84
2011-03-14,68034.93031717285,40268.20571361954,104853.88
2011-03-15,66427.2036613527,39276.36355308562,102376.09
2011-03-16,66400.38952677253,39260.509179574714,102334.77
2011-03-17,66346.79463174839,39189.559656474135,102417.375
2011-03-18,67764.69849741741,39987.89402603235,104606.15
2011-03-21,67684.43916025387,39940.53305578886,104482.26
2011-03-22,68326.50718043272,40319.41687756805,105473.4
2011-03-23,69048.82787040551,40745.6577351813,106588.42
2011-03-24,69557.10146477743,41004.84391627441,105803.82
2011-03-25,70127.25605482119,41340.957691583615,104936.555
2011-03-28,70348.02018290039,41429.7601473404,105266.91
2011-03-29,70679.20418224664,41624.8029306608,105762.484
2011-03-30,70072.02204692233,41267.217739679814,104853.91
2011-03-31,70320.41005390555,41413.49983157146,105225.586
2011-04-01,70513.60530071678,41527.277486098006,105514.67
2011-04-04,71148.34940930488,41901.094632698165,106464.484
2011-04-05,72169.51155890325,42502.48331171727,107992.516
2011-04-06,72307.4934314942,42583.74438873494,108198.99
2011-04-07,72666.26692190142,42752.45158922498,107662.13
2011-04-08,72415.41562745968,42562.11335573174,107290.47
2011-04-11,73363.09147105657,43076.54710203057,105886.4
2011-04-12,73334.445073085,43016.650272593346,105845.055
2011-04-13,73935.28526196485,43326.075537562705,104977.86
2011-04-14,73789.82451106691,43197.50946519786,104771.31
2011-04-15,72946.32455983725,42703.71377766817,103573.67
2011-04-18,73149.9667216608,42822.92851047414,103862.81
2011-04-19,74924.17352394169,43861.57192293072,106381.93
2011-04-20,75622.24172948253,44226.368429760674,105390.77
2011-04-21,75355.53774717877,44070.39118929158,105762.47
2011-04-25,73648.92390497809,43072.30741358845,108157.73
2011-04-26,74183.20710406636,43341.7014529573,108942.35
2011-04-27,75111.21323985155,43883.89107314035,110305.19
2011-04-28,72889.66720847656,42585.94793190105,107042.72
2011-04-29,73620.81889597318,42970.53896098836,105968.98
2011-05-02,73190.46396518593,42719.35208752289,106588.42
2011-05-03,73899.39952486356,43090.41980741841,107620.86
2011-05-04,74665.03183326301,43493.76627071389,106505.86
2011-05-05,74433.44587798117,43358.86315524877,106836.21
2011-05-06,74318.35823457499,43248.46360463847,106671.02
2011-05-09,73857.99331875368,42980.56108661046,106010.26
2011-05-10,72966.09095076672,42461.53176442033,104730.09
2011-05-11,73081.20009987449,42486.05629052919,104564.88
2011-05-12,72244.17253652397,41956.9608172527,103367.26
2011-05-13,70916.48576870392,41185.88545242866,101467.59
2011-05-16,71236.04947788143,41371.477197116415,101924.836
2011-05-17,70742.15472532761,41043.26842836791,102631.5
2011-05-18,70656.20375288757,40993.401289782254,102756.19
2011-05-19,71313.59256477508,41374.80592147416,101800.14
2011-05-20,70381.77593458549,40792.808622113196,100469.97
2011-05-23,70323.50226038985,40759.03358862471,100386.79
2011-05-24,70207.01977563187,40650.762082589,100553.07
2011-05-25,68813.89593304553,39844.12556593379,102548.36
2011-05-26,68562.8819019686,39698.78523259804,102922.43
2011-05-27,67870.57101587838,39297.92837800459,103961.68
2011-05-31,69444.55713499174,40209.28646518526,101550.71
2011-06-01,70041.48503928927,40554.91535380074,100677.8
2011-06-02,70937.97473378405,41073.99434899047,99389.19
2011-06-03,71234.66292440268,41204.70661031926,99804.87
2011-06-06,71382.99233535519,41290.505708806835,100012.69
2011-06-07,71738.99467672479,41455.13983903389,99513.89
2011-06-08,71798.91824340519,41448.31216850334,99597.016
2011-06-09,71049.75503654375,41015.83280498588,98557.8
2011-06-10,72038.63481040153,41586.69652503561,99929.54
2011-06-13,72578.04331640124,41898.0880151863,100677.79
2011-06-14,71139.67012324386,41067.73927758162,98682.52
2011-06-15,71918.76545736179,41517.49795650865,99763.26
2011-06-16,72697.905303164,41967.28233128503,100844.05
2011-06-17,73327.18431405221,42330.554557698786,101716.96
2011-06-20,74196.17983406018,42832.211107233634,102922.41
2011-06-21,73866.57056437859,42641.93320002228,102465.18
2011-06-22,73806.66183003009,42607.348891739544,102382.08
2011-06-23,72817.77467021343,42036.480907899546,101010.32
2011-06-24,75514.71330294899,43593.37838050441,104751.42
2011-06-27,73716.7616278997,42511.85763337595,107245.484
2011-06-28,74230.99674952312,42808.41285091094,106497.36
2011-06-29,73130.03729208246,42173.49847484152,108076.88
2011-06-30,73186.31079900636,42163.77745070291,108160.04
2011-07-01,73214.4197066922,42179.971431723534,108201.586
2011-07-05,74058.22294961505,42666.09966743265,109448.625
2011-07-06,75295.81545724346,43379.096052912566,111277.625
2011-07-07,75717.74840524561,43622.17821847682,111901.19
2011-07-08,76533.46363006615,44048.50232976241,110695.66
2011-07-11,76792.10330320947,44197.361269429515,110321.57
2011-07-12,77052.49700971654,44303.03237410557,110695.66
2011-07-13,77515.45256794884,44524.91584937381,110030.57
2011-07-14,76607.63513670332,44003.465049646235,111319.19
2011-07-15,77151.14602840049,44315.657985562095,110529.4
2011-07-18,79907.60131952862,45854.65166544639,114478.38
2011-07-19,81300.3522616675,46608.021471203036,112483.086
2011-07-20,81180.18447606331,46539.13145319228,112649.34
2011-07-21,82468.31041873641,47231.05162632477,114436.805
2011-07-22,83606.61248930168,47882.97723979055,116016.37
2011-07-25,84115.88295063892,48174.645388792866,116723.05
2011-07-26,81869.17091470295,46887.91389617496,113605.41
2011-07-27,83037.42440135556,47556.9932123457,115226.516
2011-07-28,82078.85302726859,47008.00252941383,113896.36
2011-07-29,82468.24368945602,47184.005406763026,113356.016
2011-08-01,83889.6200953298,47997.24246650131,111402.27
2011-08-02,84265.29118281584,48164.18452466857,111901.15
2011-08-03,81197.66058770198,46410.794440060236,107827.445
2011-08-04,80383.78537814633,45945.60129561306,106746.664
2011-08-05,76627.54716955916,43798.61826550045,101758.516
2011-08-08,80070.77910692,45766.69380484066,106331.0
2011-08-09,84390.47359677443,48189.96934158082,100594.6
2011-08-10,80938.13115909409,46218.55871739855,104709.85
2011-08-11,81227.31612632048,46383.69364449083,104335.73
2011-08-12,79900.48098157531,45626.023468919666,106040.04
2011-08-15,79900.47322992705,45626.019042452135,106040.05
2011-08-16,80215.67070019637,45806.008036250154,105621.734
2011-08-17,82058.26860631407,46858.19713793648,103195.54
2011-08-18,84120.53779102722,48035.82637201643,100602.055
2011-08-19,84365.36510647758,48175.63149838539,100309.266
2011-08-22,86968.7923767655,49614.1056626645,103404.71
2011-08-23,86335.5388824996,49203.23201875679,104157.65
2011-08-24,85191.34173632613,48501.9427699357,102777.26
2011-08-25,87549.12280069376,49844.29705051435,105621.76
2011-08-26,89594.77803623989,51008.948893521665,108089.695
2011-08-29,90947.0334939165,51778.827797666185,109721.086
2011-08-30,89664.11381734269,50996.64497031424,111268.84
2011-08-31,90978.73292738327,51744.337231707716,109637.46
2011-09-01,92401.87873133774,52553.75426841767,107922.445
2011-09-02,93440.51568342836,53144.48112271655,106709.35
2011-09-06,95235.33007595353,54112.1409351563,108759.03
2011-09-07,94429.49317686322,53600.157121811884,109679.3
2011-09-08,96158.16645616294,54581.38826332823,107671.45
2011-09-09,95597.83550118339,54263.33268326844,108298.875
2011-09-12,95043.9425440327,53948.931445549875,108926.37
2011-09-13,96722.87649993175,54847.98057441145,110850.52
2011-09-14,94934.39361430313,53778.94982634361,112900.234
2011-09-15,95391.63535175523,53984.191654138194,113444.01
2011-09-16,95708.22791939978,54163.35824232987,113820.516
2011-09-19,96517.22669449024,54567.02480556234,112858.414
2011-09-20,92975.61445355056,52510.1702138465,108717.18
2011-09-21,89648.68290808926,50631.207189307795,104826.98
2011-09-22,89648.68290808926,50631.207189307795,104826.98
2011-09-23,88289.2902746611,49812.82694396157,106416.52
2011-09-26,89087.51055514168,50213.37008398761,107378.625
2011-09-27,89399.86465591613,50339.212279512125,107002.14
2011-09-28,89854.19289894395,50595.035103834954,106458.35
2011-09-29,91831.34480256734,51708.32839313026,104115.84
2011-09-30,90503.12340613062,50908.72610441899,102609.945
2011-10-03,93491.59427560784,52589.764716562015,105998.18
2011-10-04,91462.36812832423,51395.719118631765,108298.86
2011-10-05,89872.61527601542,50502.38459496548,110181.26
2011-10-06,90179.72359848752,50674.95888320853,109804.76
2011-10-07,92550.13342460075,51956.295330896726,112691.02
2011-10-10,92343.97079769374,51788.602343100654,112942.04
2011-10-11,92207.16804362487,51660.09164002144,112774.72
2011-10-12,91454.72769239679,51186.86847120609,113695.0
2011-10-13,91151.8961483371,51017.374790498274,114071.48
2011-10-14,92121.2357560144,51559.910537463635,112858.41
2011-10-17,90994.45049565812,50929.253048534876,114238.836
2011-10-18,91594.22120157882,51264.94246570863,113485.86
2011-10-19,91290.36880354276,51043.61247438897,113109.38
2011-10-20,91695.48593980979,51270.127520623995,113611.33
2011-10-21,91594.20457952707,51162.227470660226,113736.82
2011-10-24,92874.29577577893,51877.254335803904,112147.27
2011-10-25,92112.17106982964,51399.67331837758,111226.984
2011-10-26,89825.81402150194,50072.45955873043,113987.79
2011-10-27,90715.81094815485,50568.57902731164,112858.41
2011-10-28,91892.65080016575,51224.59608141607,111394.31
2011-10-31,94101.1115619143,52455.67941068294,108717.164
2011-11-01,94028.6820804607,52415.30435457628,108800.85
2011-11-02,95908.53391957126,53410.79277606756,110976.04
2011-11-03,94896.28543791054,52847.07866552545,109804.76
2011-11-04,92907.95648487173,51686.94507812788,112105.47
2011-11-07,94155.95359491647,52329.54913378927,113611.34
2011-11-08,90827.89888916038,50479.89868052036,109595.61
2011-11-09,91105.25527244572,50634.04649521027,109930.27
2011-11-10,88921.25828743889,49369.600967110215,112565.555
2011-11-11,88425.58588790565,49045.03116040307,111938.086
2011-11-14,89024.8900729071,49377.433735210056,112696.74
2011-11-15,91255.50923140226,50565.2636667059,109873.0
2011-11-16,93110.70013973203,51593.23686220792,107639.31
2011-11-17,92235.72847766113,51056.816208720156,106627.82
2011-11-18,91141.99167295307,50451.38141744816,105363.43
2011-11-21,90376.42485938978,50027.60415953814,104478.41
2011-11-22,89209.78708765235,49381.815252388405,103129.734
2011-11-23,88590.02218319949,49038.746212423815,102413.26
2011-11-25,90668.0732210266,50189.04525230592,104815.57
2011-11-28,90558.71288596994,50128.50916049347,104689.15
2011-11-29,93256.51994967184,51621.87232562937,107807.9
2011-11-30,92162.82764305972,51016.4621661475,106543.555
2011-12-01,91944.07137963678,50895.370279950745,106290.664
2011-12-02,93693.9880756062,51864.03152002888,108313.62
2011-12-05,93839.81669051619,51892.8904893711,108145.03
2011-12-06,93620.3962477765,51719.659328968315,107892.164
2011-12-07,94351.78580115328,52071.98857408213,107049.29
2011-12-08,93237.41598730833,51456.9768737617,108313.62
2011-12-09,93926.71535793957,51837.39562945199,107512.87
2011-12-12,93006.21516653996,51329.379008017626,108566.51
2011-12-13,93619.99758570304,51668.12056808719,107850.04
2011-12-14,93729.74125383617,51728.687212211444,107723.62
2011-12-15,92116.25215193619,50838.21560783071,109578.0
2011-12-16,93781.45265940663,51757.22631931102,107597.15
2011-12-19,95618.16611097801,52719.13641313818,109704.44
2011-12-20,96609.97773281626,53213.25324225842,108566.51
2011-12-21,96422.45431372864,53109.96441616675,108777.25
2011-12-22,97244.33674675794,53509.55135812092,109704.445
2011-12-23,97206.99379088348,53435.49351693866,109746.58
2011-12-27,96385.75143999998,52930.61426814136,108819.4
2011-12-28,95639.13768485411,52467.6777755094,109662.33
2011-12-29,95418.55024617036,52294.195720833915,109409.41
2011-12-30,98395.81687824268,53925.88854753295,112823.21
2012-01-03,100711.46457460236,55194.98070562505,115478.4
2012-01-04,99682.30468874425,54575.75401032885,116658.445
2012-01-05,101230.84104792966,55368.99713128175,118470.7
2012-01-06,99898.37659802342,54640.195320088045,116911.31
2012-01-09,99538.28886682402,54388.60233499167,117332.72
2012-01-10,99109.27525065612,54099.79689435569,116827.01
2012-01-11,100110.37977855607,54646.25989181413,118007.08
2012-01-12,99216.57016044906,54103.71864248245,119060.68
2012-01-13,99251.70212897199,54068.77271308068,119102.836
2012-01-17,99146.34908814875,54011.380149560704,118976.4
2012-01-18,99532.6721432518,54167.82373403278,118512.81
2012-01-19,93904.7239543528,51104.97312512126,125213.97
2012-01-20,93841.56702053113,51070.60176157633,125298.19
2012-01-23,95072.5811994798,51740.54618910477,123654.52
2012-01-24,94359.6721947655,51352.56575540164,124581.76
2012-01-25,94551.2218984733,51456.81122940858,124328.85
2012-01-26,95416.59666954921,51927.76681669607,123190.94
2012-01-27,94176.16435861707,51252.69683891164,124792.43
2012-01-30,94430.58775376035,51391.15952985699,124455.3
2012-01-31,93279.38204667508,50764.64859148633,125972.53
2012-02-01,93092.123510141,50662.73846307069,126225.42
2012-02-02,92190.7279176693,50172.17956902865,127447.66
2012-02-03,92312.71910575172,50238.569800807454,127279.01
2012-02-06,92771.25098492656,50437.87415467929,127911.234
2012-02-07,91823.67765053512,49872.25960580098,129217.734
2012-02-08,91494.24447547903,49693.33433021261,129681.33
2012-02-09,92297.05606817156,50129.365963771066,128543.44
2012-02-10,92054.99272084913,49997.893925103024,128880.56
2012-02-13,92448.90921485683,50211.842071755644,128329.06
2012-02-14,93060.12974787297,50543.814716273206,127480.62
2012-02-15,89220.04027332156,48458.14417807934,132741.06
2012-02-16,89334.1047568149,48520.0961024428,132571.34
2012-02-17,88790.94597771575,48225.08988692727,133377.39
2012-02-21,88310.82567550514,47916.09671448768,132656.17
2012-02-22,88593.2614732,48069.34203740774,133080.42
2012-02-23,88903.89976293876,48237.88959905141,133547.05
2012-02-24,89271.01149618503,48388.84089357219,132995.6
2012-02-27,87790.29015870782,47586.224366593946,135201.56
2012-02-28,88148.4273548092,47780.350584161904,134650.02
2012-02-29,86620.93445872374,46952.381801508425,136983.31
2012-03-01,87184.25753507497,47257.727851210155,136092.47
2012-03-02,87945.22336239577,47670.20502298775,134904.62
2012-03-05,88608.97859865708,48029.989750206805,133886.44
2012-03-06,87822.84109907591,47603.868417535115,135074.3
2012-03-07,87353.96833138399,47349.71861711369,135795.44
2012-03-08,87408.50542565674,47379.28013695459,135710.66
2012-03-09,87271.89626780883,47305.231924741944,135922.75
2012-03-12,88987.93059588839,48188.09327968174,138595.42
2012-03-13,89260.32926305657,48335.60061348379,139019.67
2012-03-14,89042.45128700128,48169.28132493156,139359.02
2012-03-15,89720.10192552826,48535.86988775104,138298.42
2012-03-16,90820.95385750345,49131.39758989718,136601.53
2012-03-19,91413.2555389768,49451.81494040518,135710.67
2012-03-20,91641.89164377499,49575.500179230905,135371.25
2012-03-21,91383.3878917426,49435.657443825265,135753.11
2012-03-22,91354.87685284125,49420.23383144874,135795.47
2012-03-23,89699.56901201006,48524.76220064917,138256.02
2012-03-26,89506.92190053589,48372.02115986558,137959.1
2012-03-27,88598.64450526075,47881.16288376376,136559.14
2012-03-28,88791.31163575048,47937.404377708895,136262.17
2012-03-29,88404.3112507037,47728.46733634136,136856.08
2012-03-30,88322.09380731541,47684.07908755892,136983.38
2012-04-02,89279.46834046862,48200.954548583286,135498.53
2012-04-03,91319.95080661248,49302.58748206705,132401.7
2012-04-04,90412.91085933291,48812.887083025205,133716.78
2012-04-05,91617.6404306129,49463.30667431525,131935.05
2012-04-09,93473.56831382701,50465.30071849017,129262.4
2012-04-10,93841.68656900202,50664.0435158658,128753.34
2012-04-11,95789.65904736199,51665.06733112227,131426.0
2012-04-12,95263.98878341833,51381.542054482656,130704.77
2012-04-13,94429.13381023087,50879.873510361205,131850.2
2012-04-16,93335.37131500494,50290.537410770274,133377.4
2012-04-17,94225.98008065349,50770.411147984494,132104.72
2012-04-18,94619.30188560107,50982.33900199635,131553.28
2012-04-19,90317.06909659601,48664.22962955827,137534.88
2012-04-20,91152.82617311596,49114.54843078947,136262.17
2012-04-23,91720.41238132937,49420.372632652434,135413.7
2012-04-24,90915.84086242794,48986.85709078575,136601.56
2012-04-25,91169.98680120152,49123.794841839976,136219.7
2012-04-26,91539.04898693174,49322.65123890433,135668.28
2012-04-27,91424.55866008397,49260.96208521708,135837.95
2012-04-30,91453.15473962273,49276.37009385928,135795.47
2012-05-01,92053.07820497139,49599.618108547,134904.67
2012-05-02,92168.87717607082,49662.01237993796,134734.97
2012-05-03,94432.45542421388,50881.66324719865,131426.0
2012-05-04,93426.5393540198,50288.778492867605,130026.016
2012-05-07,92969.32222471498,50042.67186087914,129389.69
2012-05-08,92176.79477616613,49566.034801757836,130492.695
2012-05-09,92236.73956745653,49598.26878883125,130407.836
2012-05-10,90976.51531210377,48920.61103938881,132189.58
2012-05-11,92377.95999812042,49674.2069552429,130153.27
2012-05-14,93196.28370871981,50114.24245026275,129000.32
2012-05-15,94152.61106160056,50628.48635481449,127676.59
2012-05-16,94719.39112222602,50933.25980976183,126908.01
2012-05-17,96153.56547913433,51704.45538299613,124986.445
2012-05-18,94576.75087552336,50856.55816864527,127036.086
2012-05-21,94608.55103625689,50822.80144430626,127078.805
2012-05-22,96674.94105607463,51882.023438320735,124303.22
2012-05-23,96807.79027317805,51953.31891696523,124132.41
2012-05-24,96841.07793604446,51971.183228918,124089.72
2012-05-25,95174.8593744511,51076.98262717356,126224.766
2012-05-29,95883.21856133423,51457.133962516025,125285.31
2012-05-30,96373.40275689057,51720.19849242556,124644.81
2012-05-31,93930.20804086026,50357.30205594668,121484.9
2012-06-01,93600.01239291,50129.92223548902,121911.97
2012-06-04,93731.15898401516,50200.16120496644,121741.15
2012-06-05,90969.52619063784,48721.09690106612,125328.055
2012-06-06,91341.46387164686,48920.297804450216,124815.64
2012-06-07,90028.99711520413,48217.372080883506,126609.086
2012-06-08,87751.69966761807,46949.48880239924,123406.49
2012-06-11,86567.49856443587,46268.96028727334,125071.84
2012-06-12,87040.39894444798,46521.718068951996,124388.61
2012-06-13,86412.93012419212,46186.345898017535,125285.33
2012-06-14,84410.16373818673,45115.898906762566,128189.02
2012-06-15,84916.3191559334,45386.43098070804,127420.35
2012-06-18,87363.68455230247,46649.12268772229,131092.72
2012-06-19,86709.14095803372,46252.97039801526,132074.88
2012-06-20,88923.83646862346,47434.34810237404,128701.47
2012-06-21,87271.65254712773,46553.02909530414,131092.72
2012-06-22,89631.10472829604,47811.62387187942,127548.53
2012-06-25,90081.188316617,48003.89884853467,128189.0
2012-06-26,90531.30804155394,48243.765819090804,128829.54
2012-06-27,91311.49007249193,48611.277884166804,127719.305
2012-06-28,89235.5592641139,47506.119603272986,130622.96
2012-06-29,89323.03705031572,47552.689941467805,130494.91
2012-07-02,88738.46787214057,47241.48425705468,131348.92
2012-07-03,88911.57065835064,47333.638570124174,131092.7
2012-07-05,90388.59126739547,48119.95647173675,128914.96
2012-07-06,90957.47799046176,48422.813325322575,128103.6
2012-07-09,90169.18132816993,47954.72691790403,126993.37
2012-07-10,91503.21334774765,48616.25119762988,125114.54
2012-07-11,93595.60366766622,49727.95175627648,122253.56
2012-07-12,91111.04758784779,48407.890983853074,125498.85
2012-07-13,90956.08666857916,48325.559241596675,125712.3
2012-07-16,91635.81373199983,48638.37708324856,126651.766
2012-07-17,94076.54903658894,49933.86843395773,130025.164
2012-07-18,93396.85917158009,49523.16937331794,130964.58
2012-07-19,91721.97870026721,48585.55007312602,128616.0
2012-07-20,94279.94020716028,49891.9283892862,125029.13
2012-07-23,94698.54365107573,50113.44882090132,124474.0
2012-07-24,93658.99972560027,49513.219928929124,123107.6
2012-07-25,94731.01663122527,50079.946126851915,124516.69
2012-07-26,92781.78180670924,48999.39507979348,127078.805
2012-07-27,93155.89531634751,49196.96981166965,126566.4
2012-07-30,92621.58959152071,48865.5982942865,125840.46
2012-07-31,92810.16851915616,48916.22377755583,125584.24
2012-08-01,93504.43583059107,49282.14203532284,124644.81
2012-08-02,91710.58099931227,48336.678776809604,127036.09
2012-08-03,91094.04508037631,48011.729372463386,127890.1
2012-08-06,90151.15315442212,47514.77183877993,129213.84
2012-08-07,89942.58041907495,47404.84217526431,129512.8
2012-08-08,89438.47691837576,47139.151033434726,130238.69
2012-08-09,89673.08436751834,47262.80246802695,129897.055
2012-08-10,89761.4894127048,47309.39694191279,129769.0
2012-08-13,89583.07082401718,47168.0508273399,129511.055
2012-08-14,89791.19144429863,47277.632290727524,129811.945
2012-08-15,88066.69439082406,46322.357601384814,132305.08
2012-08-16,87723.3945356626,46141.784698481024,132820.83
2012-08-17,88177.59325280861,46380.6894915275,132133.12
2012-08-20,88005.50008608616,46290.16989992918,132391.02
2012-08-21,88748.38895775293,46680.923342072936,131273.45
2012-08-22,89562.07749458059,47108.916826327135,130069.87
2012-08-23,90450.03759949167,47528.8676282739,131359.45
2012-08-24,90065.2846387478,47279.1622549624,131918.22
2012-08-27,89889.17180005461,47139.433848704546,131660.27
2012-08-28,89830.46049681772,47061.50519364394,131746.25
2012-08-29,88863.26565166269,46507.73755584462,130327.76
2012-08-30,90328.6901993531,47274.68641566973,132476.97
2012-08-31,91588.93909775384,47886.979263623274,130628.68
2012-09-04,91588.93909775384,47886.979263623274,130628.68
2012-09-05,88695.71754624785,46374.2677745846,134755.14
2012-09-06,89827.38472512533,46965.9562826302,133035.8
2012-09-07,89159.84994700093,46569.971936215625,132047.17
2012-09-10,88956.68386679572,46417.28425929032,132348.06
2012-09-11,88985.56672976325,46432.35523543634,132305.1
2012-09-12,88523.01614896678,46190.99797188008,132992.81
2012-09-13,87750.52367829328,45787.914122069466,134153.38
2012-09-14,87750.52367829328,45742.126207947396,134153.38
2012-09-17,87834.87409773504,45740.353819697295,134024.42
2012-09-18,87468.66123572696,45503.9066873498,133465.64
2012-09-19,88595.48204398139,46090.11377212487,135185.02
2012-09-20,87863.0563173775,45709.08322417835,134067.42
2012-09-21,89018.02549853404,46264.224881135,132305.1
2012-09-24,87890.0979656626,45631.7569886467,130628.695
2012-09-25,88526.36638452925,45916.470134454925,129683.03
2012-09-26,88555.71426300265,45931.69216423507,129640.04
2012-09-27,89730.18310871521,46540.8605496601,127920.69
2012-09-28,88916.1160253734,46072.082920040484,126760.15
2012-10-01,89428.6802846074,46337.669228899715,127490.87
2012-10-02,88825.67457176896,45978.882810838564,128350.52
2012-10-03,88319.94787474166,45717.103222346464,129081.27
2012-10-04,88849.33628567707,45991.130836830256,128307.57
2012-10-05,89057.702722595,46098.98767023962,128006.67
2012-10-08,90552.97133085065,46872.9843828023,125857.445
2012-10-09,89625.16033500562,46345.84808205034,124567.914
2012-10-10,89532.41550245776,46297.889027878584,124439.016
2012-10-11,88759.25820507467,45851.785654385094,125513.61
2012-10-12,87816.93901608203,45364.996801645066,126846.13
2012-10-15,87876.45948523945,45395.744239704414,126760.164
2012-10-16,87578.47483261795,45241.80955506871,127189.99
2012-10-17,87844.85685502857,45379.41876497821,126803.125
2012-10-18,85283.93729198475,44011.10428279138,123106.47
2012-10-19,83378.17312035937,43027.6273425951,120355.51
2012-10-22,83527.06852053426,43104.46538727742,120570.43
2012-10-23,83080.35379970031,42873.93653521505,119925.61
2012-10-24,83020.82272337413,42843.21529401241,119839.67
2012-10-25,82038.14305160353,42293.256449630986,121258.15
2012-10-26,81078.4542725299,41798.50654263147,122676.65
2012-10-31,78294.43658286195,40363.257404491276,126889.02
2012-11-01,78347.45321207038,40390.589153014604,126803.1
2012-11-02,78002.20011720987,40212.600267140144,127361.88
2012-11-05,77396.72470425045,39900.45854913306,128350.51
2012-11-06,79418.46566189322,40942.72993187905,124997.76
2012-11-07,80155.82921956512,41322.86415824267,123837.21
2012-11-08,80211.46384934628,41310.222704673346,123923.16
2012-11-09,78514.29796648028,40436.15437050542,121301.12
2012-11-12,81038.87810129012,41695.91849424814,117400.75
2012-11-13,81786.72928011825,42080.70099036402,116317.34
2012-11-14,82335.20086141182,42362.89920048046,115537.31
2012-11-15,82767.60539479798,42585.378886811726,114930.53
2012-11-16,83423.00525429678,42880.008185164734,115840.625
2012-11-19,83360.60209867753,42847.93252671085,115753.97
2012-11-20,84109.64001861805,43232.943256546605,116794.086
2012-11-21,86450.35482507723,44436.08703869819,120044.38
2012-11-23,85482.84291127507,43938.7791479477,118700.91
2012-11-26,84515.33097573998,43441.47124602634,117357.43
2012-11-27,85389.21969794256,43890.65616146716,118570.9
2012-11-28,84109.64007182026,43232.94328389291,116794.086
2012-11-29,85139.57000642213,43719.10153062013,115363.93
2012-11-30,85747.24656935905,44031.14296271585,114540.53
2012-12-03,85941.90220718036,44131.098478027656,114280.51
2012-12-04,84964.18734715908,43629.042674480115,115580.62
2012-12-05,85155.32212171225,43683.56118662759,115840.625
2012-12-06,84295.1778221409,43242.31846446456,114670.52
2012-12-07,85824.31647372128,44026.7464976728,116750.68
2012-12-10,84613.7256779912,43361.70258184709,118397.5
2012-12-11,84365.98835678273,43191.38379334816,118050.85
2012-12-12,83963.35641956315,42985.25534198258,117487.47
2012-12-13,83034.18710972513,42509.56473428773,116187.31
2012-12-14,83932.39665506214,42969.405411260974,117444.15
2012-12-17,82507.75267719167,42197.085872987336,119437.61
2012-12-18,83256.1672016057,42579.84883683691,118354.21
2012-12-19,84384.14802239886,43114.154214098955,119957.72
2012-12-20,85085.33034472905,43429.29316174849,118960.94
2012-12-21,86294.1984832928,44046.324188964034,117270.78
2012-12-24,85656.38743939072,43676.72606054281,116404.02
2012-12-26,85337.48570234208,43470.43935026877,116837.39
2012-12-27,84039.7002147976,42765.884220390595,115060.57
2012-12-28,83533.23215181225,42465.388305153945,115753.984
2012-12-31,86379.13500226208,43869.68088981291,119697.62
2013-01-02,87536.24033260642,44413.47444029002,118094.195
2013-01-03,85897.97091741872,43537.84824159653,115884.016
2013-01-04,85737.33757873971,43456.43037051933,115667.305
2013-01-07,86187.08042953683,43640.92852134111,115060.57
2013-01-08,86674.03199134559,43843.85608308933,115710.65
2013-01-09,87453.13443118501,44194.11937145886,114670.555
2013-01-10,88676.0075796728,44767.89969350605,116274.0
2013-01-11,88874.34992120731,44868.03241590916,116534.06
2013-01-14,89931.95081941501,45401.96004998973,117920.81
2013-01-15,89370.11159744488,45118.31667655033,117184.12
2013-01-16,88676.05461342455,44722.80512172215,118094.18
2013-01-17,88676.05461342455,44722.80512172215,118094.18
2013-01-18,88350.61241888622,44513.94908008948,117660.77
2013-01-22,89847.5506913374,45268.15589554427,119654.32
2013-01-23,89782.4375343475,45190.081586127686,119741.03
2013-01-24,88970.12233102838,44781.21999448734,120824.41
2013-01-25,88874.37711431843,44733.028674743444,120954.43
2013-01-28,88555.92012483483,44572.740117964946,121387.83
2013-01-29,89061.80982516202,44827.3689458203,120694.39
2013-01-30,90340.9454747872,45471.19468673062,118960.93
2013-01-31,91920.67488332023,46220.84671230958,121041.12
2013-02-01,93533.31095207021,46985.51421722273,118917.59
2013-02-04,93328.81166999611,46882.7860679944,119177.6
2013-02-05,93871.81473879766,47155.55817612862,118484.21
2013-02-06,94077.82931544216,47259.0475182823,118224.18
2013-02-07,93146.70203452004,46791.30513163431,119394.305
2013-02-08,92098.57162173241,46264.78740324156,120737.79
2013-02-11,92164.65439396487,46251.718629137074,120824.42
2013-02-12,92660.53023281886,46500.56792960343,121474.49
2013-02-13,92693.60693111783,46517.16707113947,121517.85
2013-02-14,92594.43960941119,46467.40114849872,121387.836
2013-02-15,93494.39266783254,46919.031721099906,122567.64
2013-02-19,94094.38752068351,47173.212859454536,121781.08
2013-02-20,92811.42770262115,46482.84149012396,120120.61
2013-02-21,93723.01409501817,46939.39222779942,121300.42
2013-02-22,92406.31971042737,46279.950843426224,119596.305
2013-02-25,92406.31971042737,46233.6708925828,119596.305
2013-02-26,93891.85338246309,46930.6945563398,121518.945
2013-02-27,93925.65146344765,46900.65741919163,121475.21
2013-02-28,94432.4787065314,47106.834920169196,122130.695
2013-03-01,95108.18735099098,47443.90640240369,123004.59
2013-03-04,95783.89602031131,47780.977897039775,123878.49
2013-03-05,94905.44373584386,47342.769482768934,122742.375
2013-03-06,94736.50662754534,47211.153880660015,122960.87
2013-03-07,95207.81460945087,47446.02631211249,122349.14
2013-03-08,94765.76089472005,47178.28647623736,121781.08
2013-03-11,94901.7817313414,47246.0032331786,121955.86
2013-03-12,94935.78093744723,47262.92943384941,121999.55
2013-03-13,95683.83549551445,47635.34170498136,122960.85
2013-03-14,95343.83542365616,47466.07571016818,122523.93
2013-03-15,95139.84818748674,47317.05641339342,122786.055
2013-03-18,95410.68843305312,47404.43962634799,123135.59
2013-03-19,95884.71664515867,47639.95875036847,123747.36
2013-03-20,95173.69424446001,47286.689960252246,122829.73
2013-03-21,94699.65007472728,47003.87621778481,123441.516
2013-03-22,95001.3714986783,47153.63470635849,123048.22
2013-03-25,95001.3714986783,47106.48107165213,123048.22
2013-03-26,95709.84624810793,47457.77865659505,123965.86
2013-03-27,94900.18122359506,47008.84804075815,125014.555
2013-03-28,94900.18122359506,46961.839192717394,125014.555
2013-04-01,94269.9575564975,46603.00795424557,125844.766
2013-04-02,95055.56577448359,46991.37883061713,124796.02
2013-04-03,95188.72986496626,47010.218044361725,124970.85
2013-04-04,94855.90584308181,46798.83826427588,125407.805
2013-04-05,95219.45792769491,46978.20311306657,124927.15
2013-04-08,98616.61857440292,48607.274179105545,129384.195
2013-04-09,96385.21963428117,47458.82976131527,132311.77
2013-04-10,100650.59417152575,49559.04476107797,126456.52
2013-04-11,100128.91416235974,49252.61725828118,125801.086
2013-04-12,100476.72539961898,49374.450224944056,125364.1
2013-04-15,101457.34004148743,49806.9516383305,126587.62
2013-04-16,100967.03273981274,49566.25232517636,125975.87
2013-04-17,101107.1040544464,49585.449212028936,125801.11
2013-04-18,97665.47470114156,47897.58821451656,130083.32
2013-04-19,94187.97810608355,46192.13702578113,134715.1
2013-04-22,94890.61467651733,46536.727549895004,133710.12
2013-04-23,91293.46882785864,44772.59737867701,138778.86
2013-04-24,91810.88150993532,44981.57688416697,139565.39
2013-04-25,92242.07567774616,45147.853420617554,138909.92
2013-04-26,89862.7422227325,43983.28944830394,142493.03
2013-04-29,88512.49082393195,43322.40934791459,144634.1
2013-04-30,89528.62137881978,43819.75411180041,142973.67
2013-05-01,88324.66349550293,43230.47732416086,144896.36
2013-05-02,87445.70873072823,42800.27320535897,146338.27
2013-05-03,86766.82683366977,42467.994685463294,147474.38
2013-05-06,87897.95664939065,43021.6257995144,145551.84
2013-05-07,88742.42156772282,43434.94887438654,144153.47
2013-05-08,89630.10998864681,43869.427678301014,142711.52
2013-05-09,89547.75618352188,43829.11963563078,142842.64
2013-05-10,88616.38896209953,43373.26225726425,144328.31
2013-05-13,86644.1653906454,42407.958082759644,147540.45
2013-05-14,87471.04404987491,42770.26561084994,148948.48
2013-05-15,86876.67758819267,42436.871039647915,149960.6
2013-05-16,88890.55458687151,43378.15777378286,153436.81
2013-05-17,88355.23399914101,43073.5457760128,154360.84
2013-05-20,87775.93988283596,42748.06392789802,153348.8
2013-05-21,88380.4135466567,42999.70267268139,152292.75
2013-05-22,87205.72145023748,42385.18028923614,150268.58
2013-05-23,86899.24525801053,42193.836434609104,150796.69
2013-05-24,88801.02360109519,43075.049057053955,154096.86
2013-05-28,88446.02971931506,42902.85082946005,153480.84
2013-05-29,88826.3913170696,43087.35427118044,154140.88
2013-05-30,88496.74145317184,42927.44976238971,153568.84
2013-05-31,90246.3846816501,43776.15583404038,156605.0
2013-06-03,91767.8191135447,44470.38764403054,153964.86
2013-06-04,91217.05399754504,44159.0182666763,153040.8
2013-06-05,91689.09983600116,44387.54001660755,153832.8
2013-06-06,93551.26630603841,45289.03200261468,156957.06
2013-06-07,94075.84890877297,45497.698253328825,156076.94
2013-06-10,92404.94362154203,44644.10426415554,153304.83
2013-06-11,92829.30180815568,44849.126748733,154008.86
2013-06-12,93571.9022814626,45163.05423779724,152776.84
2013-06-13,92709.46603992807,44701.631026360716,151368.72
2013-06-14,91092.45247708428,43877.25557411169,154008.86
2013-06-17,91144.50857801958,43902.329867127395,153920.86
2013-06-18,92160.69333867784,44391.803991947316,152204.77
2013-06-19,89229.87840489217,42935.702299888755,147364.47
2013-06-20,88643.71670009832,42653.65255481991,146396.4
2013-06-21,87444.74473123897,42034.076637648024,148376.53
2013-06-24,87574.38255242184,42096.39263076444,148156.56
2013-06-25,85805.76391512212,41246.23003298319,151148.67
2013-06-26,86480.24167208263,41529.20053905715,152336.78
2013-06-27,86680.08715259007,41583.64034688752,151984.75
2013-06-28,87131.82983022195,41800.35799973107,151192.67
2013-07-01,88196.88305920671,42311.3033838356,149344.56
2013-07-02,88014.95967793083,42224.028016376076,149652.61
2013-07-03,88532.52051707286,42430.09704504097,150532.62
2013-07-05,88221.94528695273,42238.82065878132,151060.72
2013-07-08,88170.56968294876,42214.2230950266,151148.67
2013-07-09,87272.14411083474,41784.07573778624,152688.83
2013-07-10,89762.0055209082,42934.38518507427,157045.02
2013-07-11,89812.27433527705,42915.49505587906,156957.06
2013-07-12,88553.38038229095,42313.95080577392,159157.14
2013-07-15,88798.24419877323,42388.64148471821,159597.23
2013-07-16,90095.80660668763,42965.65594302914,157265.11
2013-07-17,90852.10815737226,43326.32747081458,155944.97
2013-07-18,80495.39833102352,38344.00511389194,138167.98
2013-07-19,78931.64724430663,37560.76784892548,140852.11
2013-07-22,79400.17826393903,37783.725122374526,140016.02
2013-07-23,79050.82125277683,37617.47852736756,140632.08
2013-07-24,77640.97293109541,36908.964300049825,138123.94
2013-07-25,77072.0800847629,36601.615064805796,139136.0
2013-07-26,77267.07098920771,36694.216458433395,138783.98
2013-07-29,76507.64758941536,36333.56545589349,140148.05
2013-07-30,76531.67314651019,36344.97521921551,140104.03
2013-07-31,76940.28554283574,36539.025692805524,139356.0
2013-08-01,76405.79842986351,36285.19717871075,140324.06
2013-08-02,76861.0204206399,36501.38259964538,139488.02
2013-08-05,77151.98386754177,36639.56145857482,138959.98
2013-08-06,75979.30775148522,36082.6562894346,141072.11
2013-08-07,74012.28398759627,35148.51455419132,144724.31
2013-08-08,74439.84891863904,35351.56560723188,143888.25
2013-08-09,74052.84174182064,35167.7754759983,144636.33
2013-08-12,74983.05438074823,35609.53447486014,142819.47
2013-08-13,74703.86616379354,35476.94768550183,143351.25
2013-08-14,75997.04623466803,36091.0803144846,140869.72
2013-08-15,75973.14233410191,36079.728325981036,140914.05
2013-08-16,74993.62105835408,35578.472873277555,139097.23
2013-08-19,74444.11607095128,35282.19825035668,140116.45
2013-08-20,74420.55287717747,35235.748463342876,140072.11
2013-08-21,72584.15957947535,34331.03929905593,143528.52
2013-08-22,77872.7465432425,36798.11749203935,153986.2
2013-08-23,79217.29562030254,37396.67483724433,151327.48
2013-08-26,77152.80126067207,36384.6775569979,147383.7
2013-08-27,76596.08123330916,36122.13260264577,146320.22
2013-08-28,75366.6506604091,35506.22031022055,148668.77
2013-08-29,75703.60213202129,35664.96257991253,148004.1
2013-08-30,79148.8088770548,37288.04478711584,141268.55
2013-09-03,77460.56147442665,36455.40118797395,138255.28
2013-09-04,77386.08081902299,36383.8928240679,138388.23
2013-09-05,77187.84539524562,36254.30642846408,138033.72
2013-09-06,75924.09530502424,35624.48220457932,140293.67
2013-09-09,74173.47152533598,34803.068851731754,143528.5
2013-09-10,73371.95155173706,34426.98621391598,145079.45
2013-09-11,73484.00473396922,34479.56289040267,144857.89
2013-09-12,72719.71537468309,34120.949296527724,146364.53
2013-09-13,73226.10695588987,34358.554207073896,145345.31
2013-09-16,72935.85991748227,34222.366868744175,145921.4
2013-09-17,72072.08680638643,33817.0743235857,147649.55
2013-09-18,72764.28146019622,34108.0431558664,149067.61
2013-09-19,74602.86747544736,34935.766905666016,145301.02
2013-09-20,74716.6162194744,34989.03428990495,145079.45
2013-09-23,74054.7737941195,34644.111154112994,143794.34
2013-09-24,74191.71036389923,34708.172463080075,144060.23
2013-09-25,74785.07921095626,34985.76072970529,145212.4
2013-09-26,73644.03826477038,34416.97616917158,147427.98
2013-09-27,73666.16134880025,34392.89824656038,147472.28
2013-09-30,74330.22381643305,34702.93249377077,148801.66
2013-10-01,73577.61762982543,34316.85645425207,150308.3
2013-10-02,73707.75549866715,34377.553208348836,150042.45
2013-10-03,73664.21237919522,34357.24454616836,150131.1
2013-10-04,74925.30527440233,34945.42265323929,147560.94
2013-10-07,75577.8405358345,35249.7673659285,146275.81
2013-10-08,75715.23328014849,35278.59805178138,146541.73
2013-10-09,77295.01066836841,36014.6762367893,149599.28
2013-10-10,78142.15963794879,36409.395062751675,151238.88
2013-10-11,78874.82523224899,36750.77174334712,152656.9
2013-10-14,78966.4044498525,36793.44197320399,152834.16
2013-10-15,78622.9757468166,36596.63207682696,153498.83
2013-10-16,79258.52588677449,36855.864932472825,154739.62
2013-10-17,79349.25929298163,36898.056710917095,154916.78
2013-10-18,79281.1420539039,36829.48357906526,155049.77
2013-10-21,80210.16507054487,37261.05453086473,153232.88
2013-10-22,82112.18678214628,38144.625019125626,149599.27
2013-10-23,82209.45645305868,38189.81094423722,149422.05
2013-10-24,87109.82203112995,40428.05067143314,158328.86
2013-10-25,86719.78650632399,40247.03347276547,157619.94
2013-10-28,86841.7101140462,40263.37172067782,157398.33
2013-10-29,86792.82831745555,40240.708118775925,157486.92
2013-10-30,87110.29321654611,40387.89784158958,156910.88
2013-10-31,86815.07290714642,40251.02162115077,157442.64
2013-11-01,85813.2565295538,39786.53853861011,159259.48
2013-11-04,87484.5942137609,40521.65256757107,162361.28
2013-11-05,91161.67136536006,42224.823784633394,169185.52
2013-11-06,92785.30947523288,42934.6456494689,166172.23
2013-11-07,92092.50336273675,42614.062734867024,167413.02
2013-11-08,92555.66382491885,42828.38147169185,166571.05
2013-11-11,93121.9705803023,43090.4292032649,165551.88
2013-11-12,91127.939909449,42167.72925484137,169096.84
2013-11-13,91462.26010167404,42322.4295955292,168476.48
2013-11-14,91895.27065334027,42522.79703196301,167678.86
2013-11-15,90341.00977885474,41761.069435482896,164842.83
2013-11-18,90781.44938674226,41922.90614619347,164039.17
2013-11-19,89941.33974751232,41534.943211079844,165557.23
2013-11-20,89165.14271374764,41176.49514027582,166986.0
2013-11-21,89570.4242303732,41322.477796031,167745.0
2013-11-22,89737.34233305394,41399.483902131826,168057.62
2013-11-25,89045.92256682875,41080.5038572892,166762.75
2013-11-26,88449.93165790592,40764.46851971071,167878.9
2013-11-27,89696.75387672089,41298.33473926363,170245.39
2013-11-29,90449.51289439596,41644.92134966283,171674.12
2013-12-02,90778.80703562818,41754.89060702668,171049.12
2013-12-03,89286.03699778562,41068.27165193179,173861.88
2013-12-04,91441.34608200965,42059.634041181795,169664.95
2013-12-05,90575.06185659149,41661.17536731168,171272.3
2013-12-06,89748.64903696076,41281.05606406524,172835.0
2013-12-09,91139.76109845306,41920.91611341497,170156.03
2013-12-10,92335.48015565689,42470.902614236555,167923.66
2013-12-11,93293.00848274847,42911.33019702188,166182.27
2013-12-12,94621.4460486978,43522.36229863024,163815.92
2013-12-13,95137.24811175709,43716.0897903583,164708.92
2013-12-16,94183.04725203545,43277.629236899505,163056.94
2013-12-17,94028.30009262956,43163.24443513388,163324.84
2013-12-18,93180.0066076878,42730.67609662384,161851.38
2013-12-19,94593.76586757394,43379.00068053532,164307.05
2013-12-20,94131.10073394048,43166.8307667712,163503.4
2013-12-23,92948.67702557023,42581.42567770441,165557.23
2013-12-24,92046.24181489827,42168.00421672331,167164.64
2013-12-26,92415.04744678439,42336.96057098489,166494.84
2013-12-27,92415.04744678439,42336.96057098489,166494.84
2013-12-30,92117.650783914,42200.71792286921,167030.62
2013-12-31,92733.23477178723,42482.727787526004,165914.44
2014-01-02,93357.08999818694,42768.52685219993,164798.27
2014-01-03,91384.17096063682,41821.92937313513,161315.58
2014-01-06,92092.38486947479,42146.04318590092,162565.75
2014-01-07,90448.33232065497,41393.64319299535,159663.6
2014-01-08,91030.06407589548,41618.47885544719,158636.69
2014-01-09,92336.71011229826,42174.252249152036,160913.75
2014-01-10,89620.93654997974,40933.83855962918,156181.03
2014-01-13,87571.31086548277,39956.75017831848,159752.88
2014-01-14,85172.77691046616,38862.3549809915,164128.44
2014-01-15,84871.53795866783,38724.90666119332,164708.92
2014-01-16,86044.87735011226,39260.2741060217,162431.84
2014-01-17,86541.60220238219,39486.91809060244,161494.16
2014-01-21,87115.81318814312,39748.9171937441,160422.64
2014-01-22,87431.0249806755,39852.99207823837,161003.1
2014-01-23,89249.48021661346,40681.88413490229,164351.75
2014-01-24,91140.66163684687,41503.24450837253,160869.17
2014-01-27,91747.75469474484,41738.19670283904,161940.73
2014-01-28,90761.24593109977,41247.67262616467,163681.98
2014-01-29,90266.08172630807,41022.638573294265,164575.0
2014-01-30,92666.01228055397,42072.29675131326,168950.6
2014-01-31,95996.52980816069,43542.348676900205,162878.33
2014-02-03,96338.58335868492,43697.49819108433,162297.97
2014-02-04,94933.89788810085,43016.659905994224,159931.55
2014-02-05,95888.01730677292,43448.992628612425,161538.9
2014-02-06,94880.88611602865,42949.19010076891,163235.58
2014-02-07,95503.69504776924,43188.16428112521,164307.08
2014-02-10,96463.92608329993,43622.39476497813,165959.08
2014-02-11,95685.30430947701,43226.66824414865,167298.66
2014-02-12,95327.8200206726,43065.17160821108,167923.67
2014-02-13,95302.49136752328,43053.72916890801,167968.3
2014-02-14,95098.30039733733,42961.48412260361,168328.17
2014-02-18,94869.60121483506,42858.1672782765,168733.0
2014-02-19,94262.5627473856,42583.93237216172,169812.67
2014-02-20,94836.8867268947,42800.80429151162,170847.3
2014-02-21,95561.06909290377,43084.83399366827,169542.69
2014-02-24,95941.35903187751,43256.29219359921,168868.0
2014-02-25,96120.22904074285,43336.937844715954,168553.16
2014-02-26,97120.66925108836,43744.66116386169,170307.5
2014-02-27,98275.06892358078,44264.620745176944,172331.81
2014-02-28,96915.43491332112,43652.22042355329,169947.6
2014-03-03,95299.32697469054,42880.648032019206,172781.56
2014-03-04,96043.66764746272,43215.56970899533,171432.05
2014-03-05,95942.84548129026,43170.20401798038,171612.0
2014-03-06,96571.53449405296,43453.08736179491,170487.47
2014-03-07,96775.4046040942,43544.820249218654,170127.55
2014-03-10,96263.63429695506,43314.54535525744,171027.22
2014-03-11,95630.68068416929,43029.74312262814,172151.75
2014-03-12,94681.1329797272,42559.45725717627,170442.42
2014-03-13,94206.33057517372,42346.032132167195,169587.69
2014-03-14,95080.96872413914,42739.1846404326,171162.17
2014-03-17,98829.22922738102,44424.03913737489,177909.7
2014-03-18,99528.94890380521,44694.14122106241,176650.08
2014-03-19,102215.54354926945,45855.88040211206,181418.44
2014-03-20,102646.44020243603,46003.33313904126,180653.64
2014-03-21,101777.40869949386,45613.8569364635,182183.1
2014-03-24,101375.34425746053,45388.04876948819,181463.39
2014-03-25,102757.5406390417,45961.501497396006,178989.25
2014-03-26,103868.01976277222,46458.19777477631,177054.94
2014-03-27,101387.43638625629,45348.67981760135,181283.38
2014-03-28,103123.3263988917,46079.761859255734,184387.19
2014-03-31,102041.49641105087,45550.27577263267,186321.52
2014-04-01,101869.04621631117,45427.7455014296,186006.62
2014-04-02,102706.66462454465,45755.84747167466,184477.19
2014-04-03,105561.67797050353,47027.75670623928,179349.14
2014-04-04,105747.03693872459,47110.33417780291,179034.2
2014-04-07,105800.18122465456,47086.89963769254,179124.19
2014-04-08,107527.23071546628,47855.53164854423,182048.16
2014-04-09,104577.95988642116,46542.94392020431,177054.9
2014-04-10,104179.39600242561,46365.56107087763,176380.12
2014-04-11,104259.0577419336,46354.6493652705,176245.25
2014-04-14,105775.87230131222,46982.68606927974,178809.36
2014-04-15,107505.50416426956,47750.94020006358,181733.22
2014-04-16,108543.31248372768,48164.15470890557,179978.84
2014-04-17,108353.42206896214,48031.73007692519,179663.98
2014-04-21,108217.8321429909,47923.5930119078,179888.8
2014-04-22,109029.64758255713,48283.10042354351,178539.33
2014-04-23,108562.61402051801,48076.27751915848,179304.12
2014-04-24,108698.8255742371,48088.52167991356,179529.1
2014-04-25,111313.41713192133,49245.2208635671,183847.42
2014-04-28,110332.92812155813,48811.45107090668,182228.02
2014-04-29,110632.50883524612,48895.17457197498,181733.23
2014-04-30,109537.10821616913,48362.155833182114,179933.84
2014-05-01,110386.02053593454,48688.600266328634,178539.36
2014-05-02,109662.96536669793,48320.98954227759,177369.88
2014-05-05,108633.8911918755,47867.5467389251,175705.44
2014-05-06,109635.09344276134,48308.70828633526,177324.8
2014-05-07,110246.96612124659,48578.318844461464,178314.45
2014-05-08,109968.86994613358,48455.780826959846,177864.66
2014-05-09,111164.78147480234,48982.737473418005,179798.94
2014-05-12,113209.40741264034,49883.66467550278,183105.95
2014-05-13,112705.23165876359,49661.50880684572,182290.48
2014-05-14,110912.71285950612,48871.668026381485,179391.23
2014-05-15,111556.92261052219,49155.52732690094,180433.19
2014-05-16,111780.96679841964,49205.09279279359,180070.81
2014-05-19,111584.05609906463,49069.2091758194,179753.61
2014-05-20,113468.1249629746,49897.730493441784,182788.72
2014-05-21,112765.18814288046,49588.61326766212,181656.34
2014-05-22,112821.38630347457,49613.32646947512,181746.88
2014-05-23,113018.23313281665,49699.8900752649,182063.97
2014-05-27,112512.09205489536,49477.313989637165,181248.61
2014-05-28,113440.07695633627,49885.396352231866,182743.53
2014-05-29,111752.86759958742,49093.55881913164,185461.5
2014-05-30,111343.43772563513,48864.60079659953,184782.02
2014-06-02,109978.60949355154,48265.62713385858,182516.98
2014-06-03,109896.73343782495,48181.429072271436,182652.86
2014-06-04,107470.95738444969,47117.909227734475,186684.61
2014-06-05,108175.11856447377,47379.512887287245,187907.78
2014-06-06,108722.77449740986,47572.00065327778,186956.45
2014-06-09,108301.28351845616,47340.003915315996,186231.67
2014-06-10,107642.68742972855,47052.12236482944,185099.17
2014-06-11,108380.37442377486,47327.52353250783,183830.67
2014-06-12,110116.3536729677,48038.263133258086,186775.16
2014-06-13,110837.52216327906,48352.87291232759,187998.38
2014-06-16,111318.25264745261,48562.59160282739,188813.78
2014-06-17,111238.1672957483,48527.65436535113,188677.94
2014-06-18,110864.23347711994,48364.52572392298,188043.69
2014-06-19,111318.25263451158,48562.59159718186,188813.8
2014-06-20,110490.33601878013,48152.8503530748,190218.06
2014-06-23,109858.84989611348,47829.48920975715,189130.92
2014-06-24,109122.0842349712,47460.89243349635,190399.31
2014-06-25,108317.24793295783,47063.38095850454,188995.02
2014-06-26,109693.2594955885,47661.252097323326,191395.92
2014-06-27,108265.30360452025,47040.81136996214,188904.39
2014-06-30,108706.67115800892,47232.58368424229,189674.52
2014-07-01,108628.7723640488,47151.50440775227,189810.42
2014-07-02,108888.01603071869,47264.031951106095,189357.44
2014-07-03,109382.91905172417,47431.585977653755,190218.08
2014-07-07,109929.9638765528,47621.36879285899,189266.77
2014-07-08,109640.51042117509,47448.35695489078,188768.4
2014-07-09,109587.85644787073,47378.12190612972,188859.06
2014-07-10,110639.33990749565,47785.331666012185,190671.16
2014-07-11,110770.72907825516,47842.07888727466,190897.6
2014-07-14,109955.80580501659,47442.26996796141,192302.02
2014-07-15,114177.88283973011,49216.513392895344,199686.0
2014-07-16,115343.47813404033,49718.94464303194,201724.53
2014-07-17,114929.00920368459,49490.56836866397,202449.39
2014-07-18,114543.26357061093,49324.45912645592,203128.89
2014-07-21,114568.76535396597,49335.44066855222,203083.66
2014-07-22,114466.61993316887,49291.45495105121,203264.72
2014-07-23,115665.57104217607,49807.74559204895,201135.66
2014-07-24,115405.07664673835,49695.571861705415,201588.62
2014-07-25,114030.58800991133,49053.99592539819,199187.69
2014-07-28,113823.12669192578,48964.7496378472,198825.28
2014-07-29,113019.18318879558,48618.906982687244,197420.97
2014-07-30,111929.99068587144,48150.3551183772,195518.38
2014-07-31,111151.93711441928,47815.64986612999,194159.27
2014-08-01,112474.56331357484,48384.62088799793,196469.61
2014-08-04,113226.6208980707,48659.758493289446,195155.94
2014-08-05,112332.98320352638,48227.053056738056,193615.66
2014-08-06,111045.15888975855,47625.93432630718,195835.34
2014-08-07,110968.20437710968,47545.30352619319,195699.62
2014-08-08,110968.20437710968,47497.758222667,195699.62
2014-08-11,110146.2868318378,47145.952576505304,197149.14
2014-08-12,111563.59839167085,47705.45897243726,199685.97
2014-08-13,111082.7389969849,47452.13431100628,200546.64
2014-08-14,109777.93998475993,46894.75250231098,202902.3
2014-08-15,110562.27802788699,47182.90993256684,204352.0
2014-08-18,109329.14250435728,46609.48133215859,206631.2
2014-08-19,108412.625989385,46172.14017200151,204899.0
2014-08-20,109063.80786457084,46449.473744029296,206129.72
2014-08-21,109232.61263950137,46474.91698258393,205810.69
2014-08-22,109184.23629745646,46454.33442554231,205901.84
2014-08-25,108797.48092529857,46243.32828392959,205172.48
2014-08-26,108459.03722406516,46099.47602697788,204534.25
2014-08-27,108483.25853214138,46109.77106222418,204579.9
2014-08-28,109812.69196467432,46674.83402259238,207086.97
2014-08-29,110634.54714767846,46977.480870526786,205537.11
2014-09-02,110315.57483557855,46795.061829346,204944.52
2014-09-03,109579.4721578324,46436.01738324594,206312.06
2014-09-04,111153.16884503205,47056.45998175442,209274.95
2014-09-05,109797.31532472068,46435.405788891076,211827.7
2014-09-08,110482.49853261303,46678.747598547925,213149.62
2014-09-09,110671.52194489278,46758.60980540613,213514.3
2014-09-10,111049.59010611086,46918.34323383992,214243.7
2014-09-11,110340.76295766578,46618.86445672393,212876.17
2014-09-12,109253.89965673226,46159.66577483112,210779.33
2014-09-15,110482.4985446027,46678.74760361355,213149.62
2014-09-16,109915.4389830421,46439.165493333734,212055.61
2014-09-17,110293.46447236654,46598.88089293419,212784.9
2014-09-18,112278.19966711401,47437.42957201049,216613.98
2014-09-19,111191.35776343764,46978.23993043791,214517.19
2014-09-22,110009.961483602,46479.10115739475,212237.98
2014-09-23,108781.36262038414,45913.540237870606,214608.28
2014-09-24,106378.40125424527,44853.40458534609,209867.62
2014-09-25,107233.32839878468,45213.87619098127,211554.23
2014-09-26,107164.03647817667,45139.44605930156,211690.95
2014-09-29,106979.44805133848,45016.554602304044,211326.31
2014-09-30,108040.9408395588,45418.21027242607,209229.45
2014-10-01,107711.44171016975,45234.27734146645,208591.34
2014-10-02,108488.15997167114,45560.46635814932,210095.5
2014-10-03,108488.15997167114,45560.46635814932,210095.5
2014-10-06,107170.02530803146,45006.90521365256,207542.83
2014-10-07,110112.30291877214,46242.53811714627,213240.77
2014-10-08,107923.22085234936,45323.21567801074,209001.45
2014-10-09,103639.2542029765,43524.12978274668,200705.22
2014-10-10,102744.83720223446,43148.512243624384,198973.11
2014-10-13,102933.125451603,43227.5853927425,199337.75
2014-10-14,101732.66826162681,42723.44384003674,197012.97
2014-10-15,102862.51462012343,43155.2083681524,194824.95
2014-10-16,100720.5213019534,42256.55089015668,198881.95
2014-10-17,101759.33219953688,42650.119779718596,200933.17
2014-10-20,103606.16152698483,43424.176471383005,204579.9
2014-10-21,102451.88659959068,42940.38827379978,202300.67
2014-10-22,100974.44596162162,42278.21209835273,205218.03
2014-10-23,103464.0348107821,43278.32995389417,210277.8
2014-10-24,103957.47587035873,43441.45479609776,209274.94
2014-10-27,102644.10773447408,42892.6282492045,211918.86
2014-10-28,102357.08463857247,42772.68785298331,212511.44
2014-10-29,103608.54891899518,43295.64619255199,209913.19
2014-10-30,101583.6769161288,42449.49843026792,214015.62
2014-10-31,100523.43459078914,42006.44737825325,216249.34
2014-11-03,100247.96095184551,41891.33323630728,216841.95
2014-11-04,99636.80752334722,41635.94617717266,218163.89
2014-11-05,97888.10277023888,40905.20240095197,221992.84
2014-11-06,97928.31290799138,40922.005299126395,221901.66
2014-11-07,98350.80280746393,41057.63217322324,222859.0
2014-11-10,98310.55054289458,41040.82841945965,222767.81
2014-11-11,98129.49253458134,40965.24374810833,222357.53
2014-11-12,96459.79080912021,40227.243021923096,226141.03
2014-11-13,96518.15326176693,40251.58228853648,226004.19
2014-11-14,96751.72755544737,40348.99126897011,225457.27
2014-11-17,97558.81178789744,40685.57476438923,223576.55
2014-11-18,98599.65361993651,41119.643685476505,221191.23
2014-11-19,97618.1659564923,40710.32761264239,223393.03
2014-11-20,99061.39436732122,41312.206380277756,220090.3
2014-11-21,99866.58378203715,41647.9996677477,218301.38
2014-11-24,99614.75021841907,41501.32790761184,217750.89
2014-11-25,99027.16993763584,41215.029881912356,219035.3
2014-11-26,98902.72524614881,41163.2360996452,219310.55
2014-11-28,97227.14309071263,40465.86013051074,223026.03
2014-12-01,97547.07358036618,40599.01494751208,222292.16
2014-12-02,98312.00226587654,40917.37766201453,220549.03
2014-12-03,99866.01504878717,41523.23917669965,224035.23
2014-12-04,100724.82774355609,41838.80122740315,222108.62
2014-12-05,99227.06680831927,41174.826618556544,218805.9
2014-12-08,98998.26775755559,41079.88517214773,218301.39
2014-12-09,100433.65270439626,41634.426302673055,215136.22
2014-12-10,99855.50042527393,41394.75525807122,216374.69
2014-12-11,100321.16143973508,41587.793434683925,215365.64
2014-12-12,100919.44318900317,41835.809082102925,214081.28
2014-12-15,97654.16797912386,40440.36463266003,207154.62
2014-12-16,96399.97842397173,39880.54159365275,209815.14
2014-12-17,100151.4874519259,41392.65529805663,217980.34
2014-12-18,100446.51662636895,41514.59098998984,218622.47
2014-12-19,99772.09673988154,41194.338353287574,220090.34
2014-12-22,98794.75129370153,40790.80770380198,222246.3
2014-12-23,99426.86875604832,41051.799117972856,220824.3
2014-12-24,99963.86993218848,41273.51850514484,219631.62
2014-12-26,99066.1151141353,40861.57606274613,217659.16
2014-12-29,99963.87001822042,41191.00941807051,215686.7
2014-12-30,101175.68144958495,41690.34718953898,213072.03
2014-12-31,100500.46684121851,41412.118952803336,214494.02
2015-01-02,101424.62085499566,41792.92490477682,212521.62
2015-01-05,102913.27235646857,42406.337110668996,209402.38
2015-01-06,101605.72682333206,41867.55124373362,212062.9
2015-01-07,98616.66523028164,40635.88159941021,218301.42
2015-01-08,97787.77599731149,40253.694473390315,216466.56
2015-01-09,96565.1602079109,39750.41272939987,213760.14
2015-01-12,96067.84337290596,39545.695526982745,212659.27
2015-01-13,96896.74191517995,39847.36046161728,210824.39
2015-01-14,97908.72664987486,40263.52430477664,208622.55
2015-01-15,96272.60342807023,39590.69268536119,212108.8
2015-01-16,95960.29666955725,39462.26112269874,212796.9
2015-01-20,96932.51150787118,39862.070180699266,210640.98
2015-01-21,99486.68814561938,40872.57569930795,216191.36
2015-01-22,99381.13559084169,40788.33847989779,216420.75
2015-01-23,99023.01006103608,40600.56706217293,215640.86
2015-01-26,108185.90844588849,44316.85966699849,195686.95
2015-01-27,111913.87039160318,45843.967668081496,188943.8
2015-01-28,109685.90617742593,44931.31297172449,192705.27
2015-01-29,105482.24361301938,43164.40948483144,185319.92
2015-01-30,107779.96272126278,44104.65956932148,189356.75
2015-02-02,108615.42991814359,44446.5412639279,190824.56
2015-02-03,107988.82073385485,44145.67985613133,191925.44
2015-02-04,106414.41189493448,43502.063710558854,194723.6
2015-02-05,106314.15896890282,43417.57838999672,194540.14
2015-02-06,106188.82031678343,43366.39140976314,194310.8
2015-02-09,106790.41658204484,43612.076963403815,195411.62
2015-02-10,106238.95800970429,43386.86711341163,194402.55
2015-02-11,104459.1312822995,42616.61783016122,197659.39
2015-02-12,102568.27420420383,41845.19715607112,201237.3
2015-02-13,102521.1772552965,41825.98282173852,201329.7
2015-02-17,102403.54820352855,41736.16723491202,201098.7
2015-02-18,102333.02525167362,41707.42450319859,200960.2
2015-02-19,101486.16310369562,41320.56516889361,202623.25
2015-02-20,102157.19585786042,41552.458722782496,203963.02
2015-02-23,102296.03981840814,41567.381071253854,203685.81
2015-02-24,102528.05562464271,41661.65929990696,203223.83
2015-02-25,102691.20404461911,41686.29202068639,203547.19
2015-02-26,102201.76916183883,41487.61166009948,202577.06
2015-02-27,102271.67063575948,41515.987345063375,202715.61
2015-03-02,100873.27779026076,40948.326141171274,199943.81
2015-03-03,100360.46627034203,40740.15630842088,198927.36
2015-03-04,100477.00679435547,40787.464569741474,199158.36
2015-03-05,98729.00274048693,40077.88278889833,195693.6
2015-03-06,99871.03130389853,40541.47591387187,197957.23
2015-03-09,97959.87892981172,39765.665982501356,194169.1
2015-03-10,97843.30726877057,39718.34508146892,193938.03
2015-03-11,95605.79572119018,38810.05346448129,189502.98
2015-03-12,96444.90410659609,39150.679689643075,191166.22
2015-03-13,96864.3960167456,39320.96751935056,191997.72
2015-03-16,97190.71363241476,39453.43233505541,192644.53
2015-03-17,99055.2788328063,40210.330748685454,196340.34
2015-03-18,98565.84396502917,40011.65039418889,195370.22
2015-03-19,99940.9535702036,40569.86003926078,198095.88
2015-03-20,99894.35604828649,40550.94432078081,198003.5
2015-03-23,99801.16100405884,40472.56193934039,198188.23
2015-03-24,96451.19155465603,39073.569650057,191535.77
2015-03-25,97032.76648639535,39270.09927240242,190380.84
2015-03-26,96467.68876160996,39002.13675146174,189272.16
2015-03-27,96444.14604017259,38992.6183681275,189225.97
2015-03-30,97150.56398818908,39239.232358209505,187839.97
2015-03-31,97007.18052786315,39181.31960212157,188117.19
2015-04-01,95982.815207504,38728.395868938074,186130.73
2015-04-02,98984.48363656721,39939.54812506575,191951.61
2015-04-06,98936.84416787988,39920.32593202713,191859.22
2015-04-07,98674.78464040563,39814.58674215957,191351.03
2015-04-08,98531.85561924595,39717.10129318374,191628.2
2015-04-09,97961.76165337484,39487.30272045988,192736.95
2015-04-10,97867.81999353728,39449.43587632131,192921.78
2015-04-13,98125.63063171759,39553.356493331055,192413.56
2015-04-14,99562.77891456289,40093.10171560054,195231.67
2015-04-15,99327.1837452385,39998.22950341035,194769.69
2015-04-16,100599.40597350337,40470.54456767753,192275.02
2015-04-17,103717.44016782634,41684.440692612116,198234.48
2015-04-20,103064.83864161996,41422.157613015865,196987.17
2015-04-21,102218.84221723468,41040.72621759879,198604.12
2015-04-22,101386.68473347201,40706.61611891025,200220.94
2015-04-23,90789.47796317481,36451.852004024564,221148.6
2015-04-24,90486.02358597521,36330.01548402454,221887.75
2015-04-27,88357.15839444175,35475.27900311016,227108.12
2015-04-28,88177.4490165075,35367.65065312176,226646.2
2015-04-29,87422.56563297489,35064.869702998905,224705.9
2015-04-30,87458.49149746954,35079.279435181335,224798.25
2015-05-01,88213.36694094661,35346.97792114192,222857.97
2015-05-04,89383.70511786666,35815.9308602986,219901.28
2015-05-05,91862.4267442775,36809.15129434068,213803.14
2015-05-06,91028.72047181727,36475.086308190715,215743.55
2015-05-07,88982.04624941995,35654.98668996303,220594.28
2015-05-08,89690.15381832406,35938.72444390914,218838.83
2015-05-11,89728.04186159291,35953.90613207433,218746.4
2015-05-12,89197.43101440545,35741.29107666204,220039.97
2015-05-13,87156.18283212831,34923.36566543925,225075.48
2015-05-14,87907.53036944187,35224.42961678242,223135.19
2015-05-15,88435.3648903004,35435.93220195518,221795.39
2015-05-18,88657.82927586015,35525.07338313109,221237.44
2015-05-19,88657.82927586015,35525.07338313109,221237.44
2015-05-20,88955.96928927489,35644.53768697787,220493.45
2015-05-21,89931.4403298435,36035.40762573414,218075.58
2015-05-22,89337.02633766238,35761.19132799785,216634.17
2015-05-26,91292.86939559919,36544.10610219297,221376.92
2015-05-27,90986.08711772124,36421.30259971499,220633.0
2015-05-28,92117.43796609722,36837.75571891378,217889.6
2015-05-29,91390.0760543401,36546.88375138889,219610.08
2015-06-01,91989.9361427391,36786.767750443454,218168.61
2015-06-02,92127.15620865716,36841.64204329866,217843.17
2015-06-03,91163.59791612353,36419.473520862186,215564.75
2015-06-04,91596.23155311178,36555.88936370329,214541.75
2015-06-05,90782.31459224343,36194.50069608831,212635.34
2015-06-08,90623.50173983295,36131.182725810315,212263.38
2015-06-09,92529.28236877319,36891.00889471329,216727.2
2015-06-10,92191.76003527123,36756.44025775186,215936.64
2015-06-11,93124.75805423493,37091.66593315738,213751.31
2015-06-12,94117.38654992783,37487.03066029611,211472.92
2015-06-15,93393.07387564574,37198.536340343344,213100.36
2015-06-16,93107.79395925625,37084.90912050138,213751.3
2015-06-17,91588.77150536678,36479.88125700004,217238.56
2015-06-18,92804.16448280764,36963.973256149045,214355.8
2015-06-19,92542.4668032648,36859.73886018496,214960.27
2015-06-22,93183.03994898705,37114.87965865064,213472.31
2015-06-23,93731.05386178769,37333.15404029775,212216.88
2015-06-24,93710.5249829325,37324.97737136041,212263.34
2015-06-25,92909.94046822397,36968.77893873095,210449.94
2015-06-26,91082.95275576807,36241.82222640092,206311.62
2015-06-29,91534.58105933717,36385.28288630914,205288.66
2015-06-30,92156.56981647976,36596.14008401131,206683.61
2015-07-01,92260.18262309824,36600.68945089505,206451.22
2015-07-02,92281.04562055344,36608.9660450786,206404.55
2015-07-06,92093.98482300993,36498.14788103859,205986.14
2015-07-07,91969.24695567605,36448.71250111593,205707.14
2015-07-08,92551.32939852949,36679.400000620386,207009.08
2015-07-09,92738.42698804248,36753.54941986155,207427.55
2015-07-10,94671.78109471571,37519.7649791881,211751.89
2015-07-13,94505.51913138489,37416.35324812337,212123.78
2015-07-14,94215.45710683739,37301.51272585454,212774.84
2015-07-15,92362.45997916392,36567.87943402107,216959.62
2015-07-16,92441.64269323692,36599.229226373216,216773.62
2015-07-17,91846.77074755187,36363.70923704639,218168.6
2015-07-20,91142.09287761555,36084.71520209467,219842.45
2015-07-21,94496.26321473077,37412.68867223035,211751.9
2015-07-22,95679.00250001566,37843.54271872234,214402.25
2015-07-23,95326.25213836631,37704.020743876084,213611.8
2015-07-24,94102.01980689533,37219.80490421309,210868.48
2015-07-27,94081.25952452287,37211.593670689675,210821.97
2015-07-28,92109.99666186716,36394.69616471309,215239.28
2015-07-29,90935.99595341948,35930.82252852176,217982.66
2015-07-30,91285.15152890641,36068.781615967084,217145.7
2015-07-31,91070.0973346299,35983.808949119935,217657.25
2015-08-03,89649.91139152483,35422.66208374279,221051.5
2015-08-04,89574.47684039007,35392.85622478755,221237.5
2015-08-05,91381.78695781648,36106.964410467,216773.66
2015-08-06,91146.55936207384,36014.02078668166,217331.64
2015-08-07,89995.98833435134,35559.40473535769,220075.08
2015-08-10,88246.61928895417,34832.6309435357,215797.19
2015-08-11,87619.13535276757,34550.11838390712,217331.62
2015-08-12,87600.41332024004,34508.18576354337,217285.19
2015-08-13,87094.28801304461,34274.30105136458,218540.6
2015-08-14,86501.30348774708,34040.94326634193,220028.55
2015-08-17,86022.91021664366,33852.68069058852,221245.4
2015-08-18,84821.85116161678,33346.17405552731,218156.36
2015-08-19,83093.04583243692,32666.525561354363,213709.97
2015-08-20,78379.72072475952,30813.567187203476,201587.61
2015-08-21,75850.14001688437,29819.108360649603,195081.69
2015-08-24,78052.12417638008,30654.95943095732,189418.31
2015-08-25,82372.25269842001,32321.034265585353,199902.47
2015-08-26,80077.1632927984,31388.171351115725,205472.25
2015-08-27,80131.90656992872,31378.24112472958,205612.73
2015-08-28,79384.02372767405,31085.383395994075,203693.72
2015-08-31,76283.1021573382,29871.11720780646,195736.98
2015-09-01,79092.18514652783,30971.104555508555,202944.9
2015-09-02,78836.81541874007,30840.13517014978,203600.17
2015-09-03,80449.81227748592,31471.12262047396,199434.52
2015-09-04,82866.50422933363,32385.03603759835,205425.5
2015-09-08,81318.35829846711,31780.005546341967,201587.66
2015-09-09,80903.02556851848,31585.909469277078,202617.27
2015-09-10,80547.95999868834,31447.285865703518,203506.52
2015-09-11,79732.88150229673,31097.618149681268,201447.2
2015-09-14,81474.23252774135,31776.784238169774,205846.78
2015-09-15,82067.05315620167,32007.997624513802,207344.56
2015-09-16,82159.71216968771,32012.128727411226,207110.45
2015-09-17,83589.37106546963,32569.17090050862,203506.52
2015-09-18,82378.2130061095,32097.263846776474,206455.2
2015-09-21,82770.39470862095,32250.070749500315,205472.33
2015-09-22,82713.81025346048,32195.77351214407,205331.88
2015-09-23,82789.25895697811,32225.14139355099,205519.17
2015-09-24,82845.83512414614,32247.163271865455,205659.62
2015-09-25,81620.29721000443,31770.131189878863,202617.31
2015-09-28,81903.10345032721,31880.21154566652,203319.36
2015-09-29,83449.15123154961,32481.999857082228,207157.33
2015-09-30,82789.25068082189,32192.656172257855,208795.5
2015-10-01,81007.6135194503,31499.865355961225,213288.81
2015-10-02,82891.90999762241,32201.075451736044,218250.06
2015-10-05,83105.20786869446,32283.935417687888,218811.67
2015-10-06,83194.12951221087,32318.478867733207,219045.81
2015-10-07,84349.59517392109,32767.34338244506,222088.1
2015-10-08,84953.97949212647,32969.3616174494,220496.78
2015-10-09,84755.60589016938,32859.4064447213,219981.9
2015-10-12,84954.0032836541,32903.46490726729,219466.97
2015-10-13,84573.50562730822,32723.19120906952,218484.0
2015-10-14,83975.59214577875,32459.1232599786,220028.61
2015-10-15,84868.75153537258,32771.897435786115,222368.84
2015-10-16,85065.26560826182,32847.78094915122,222883.72
2015-10-19,85333.2314744869,32951.255428572076,223585.84
2015-10-20,84315.02553719385,32558.077257080193,220917.98
2015-10-21,85797.65642099467,33130.592186073794,224802.7
2015-10-22,77151.76806117149,29758.86922103671,247456.23
2015-10-23,75137.97467663628,28982.111727662657,253915.27
2015-10-26,74362.33158150797,28653.949674759537,251294.11
2015-10-27,74764.0015880475,28808.724705456752,252651.48
2015-10-28,73905.28591128827,28477.83680477526,249749.6
2015-10-29,72908.0488111018,28093.57260709843,246379.61
2015-10-30,72077.00575000017,27745.254190219697,249188.0
2015-11-02,70845.05893932546,27271.02975407211,253447.16
2015-11-03,70517.97538479681,27145.122521003712,254617.28
2015-11-04,70543.89198888275,27155.098833984935,254523.7
2015-11-05,69843.3953009968,26885.450303741953,257051.11
2015-11-06,70809.91647704974,27257.50204799492,253493.92
2015-11-09,71659.71132106517,27584.62126877007,250451.73
2015-11-10,71472.2563143189,27512.46251637345,251106.9
2015-11-11,71911.86073208947,27681.683423752605,249562.4
2015-11-12,72559.23863416146,27930.884458995642,247315.73
2015-11-13,71282.1706325226,27439.291114419644,251668.58
2015-11-16,70694.94194658917,27185.804570239197,249595.31
2015-11-17,71869.38773886483,27637.438773592366,253741.81
2015-11-18,71749.23210937253,27563.595377625123,254166.06
2015-11-19,71416.7155041386,27435.853896726232,255343.97
2015-11-20,71416.7155041386,27435.853896726232,255343.97
2015-11-23,71337.64642175067,27405.478265799644,255626.66
2015-11-24,70601.27186991152,27095.182927997314,252987.98
2015-11-25,70285.68934315688,26946.974257099126,254118.8
2015-11-27,70833.07908167761,27129.8921547721,256097.89
2015-11-30,69699.22069560697,26668.481328741655,260197.36
2015-12-01,69711.85859023052,26673.316869992173,260150.17
2015-12-02,70987.15000116936,27161.271897923645,255391.05
2015-12-03,73226.77696175501,27991.042011852383,263448.56
2015-12-04,73095.78911622819,27940.971717360273,262977.28
2015-12-07,73121.95923542618,27923.03431177432,262883.12
2015-12-08,74183.59833327454,28328.44173337386,259066.42
2015-12-09,74574.90305739826,28449.54056837533,260432.94
2015-12-10,76207.52906069317,29043.920663642675,254731.42
2015-12-11,74685.09764074066,28463.697450504224,259820.3
2015-12-14,74603.8345842752,28432.72678666091,260102.98
2015-12-15,73346.91850697318,27953.69576072457,264485.16
2015-12-16,73908.82090811456,28167.845844851603,262459.0
2015-12-17,75992.03936640047,28961.794059329266,255061.25
2015-12-18,76974.7470978182,29307.35806001279,258359.62
2015-12-21,77704.76502821918,29585.305019023937,260809.84
2015-12-22,78364.56857551372,29836.51856033321,263024.44
2015-12-23,78153.9865974059,29756.34159754892,262317.62
2015-12-24,78547.06847793874,29906.0035562305,263636.97
2015-12-28,77704.7405656257,29555.389701582142,266464.16
2015-12-29,77374.96032964074,29400.400737050164,265333.28
2015-12-30,76234.48457975863,28967.050672189747,261422.38
2015-12-31,75300.10424197499,28612.01131249736,258218.19
2016-01-04,74956.58391820877,28452.870831289427,259396.2
2016-01-05,76318.20291931946,28969.72962520547,254684.16
2016-01-06,73663.66310672523,27933.119546245845,245825.6
2016-01-07,73437.745085147,27819.51874689316,246579.53
2016-01-08,73395.64065684505,27775.749324849057,246438.14
2016-01-11,74069.25638231199,28030.671570426606,248699.92
2016-01-12,72469.42290098197,27425.23270047134,243328.22
2016-01-13,74532.3744276936,28205.933351933167,250254.92
2016-01-14,71557.23789916493,27080.026613003338,240265.39
2016-01-15,70953.8166912565,26851.66868795266,238239.31
2016-01-19,71276.56418938482,26973.808824928197,239322.97
2016-01-20,70841.51166351784,26809.1681215638,237862.2
2016-01-21,73381.62635848967,27770.44577228654,246391.06
2016-01-22,74083.33821576303,28008.230235109244,244034.94
2016-01-25,73539.74634917482,27802.717814637672,245825.55
2016-01-26,72200.61391014271,27268.637564370612,241349.16
2016-01-27,71016.53029144456,26794.16570656254,245307.23
2016-01-28,75149.84248024208,28326.848626670988,259584.64
2016-01-29,75668.21677803223,28493.916868450786,257794.06
2016-02-01,78033.29365045638,29384.51937845884,249736.47
2016-02-02,79270.05290226151,29850.238233848246,245778.38
2016-02-03,79513.2249893021,29941.80805705669,245024.42
2016-02-04,82326.72029803637,31001.26875073229,236354.47
2016-02-05,81095.73036726561,30506.721144472725,232820.39
2016-02-08,81309.11323028071,30556.48512894407,232207.78
2016-02-09,80599.62196034034,30289.853768967878,234234.0
2016-02-10,80632.04800283005,30302.03968326165,234139.75
2016-02-11,81946.41648857453,30765.685732458136,237956.42
2016-02-12,80393.75150768216,30151.992752319973,242465.06
2016-02-16,78300.92019166914,29367.068134562553,248776.95
2016-02-17,78644.4681952031,29495.917164721817,247685.44
2016-02-18,79202.00799645609,29705.024660407027,245929.5
2016-02-19,77933.45649013692,29229.249427790528,249868.47
2016-02-22,80109.34003443901,30045.323110474932,242892.19
2016-02-23,79827.63213616704,29939.66745505802,243746.33
2016-02-24,80977.80589320562,30341.10497968265,247258.28
2016-02-25,79734.37861461028,29875.21241593232,243461.58
2016-02-26,79081.58384932169,29630.62052701489,241468.33
2016-02-29,76439.30008758575,28610.96791074907,249536.3
2016-03-01,75901.40675035515,28409.636279071692,251292.28
2016-03-02,76761.48195195997,28731.55947781567,248444.75
2016-03-03,77230.69291592574,28907.18353269338,246926.11
2016-03-04,75746.32862599244,28322.683885356313,242180.23
2016-03-07,76666.62682554814,28666.797130962972,245122.64
2016-03-08,74900.25513483149,27977.657569967352,250770.19
2016-03-09,76020.07650174643,28395.94691606745,247020.95
2016-03-10,77509.83397427478,28924.023365055353,251861.81
2016-03-11,77363.81209519974,28840.60896252657,252336.28
2016-03-14,76752.68282467304,28612.78486958857,254329.6
2016-03-15,75664.18182009908,28207.00042104557,257936.48
2016-03-16,75232.60987734413,28046.11386048057,259407.69
2016-03-17,76842.98857296666,28646.4501286169,253854.97
2016-03-18,76311.4288145715,28448.288911932996,255610.98
2016-03-21,76013.90374586638,28337.373951427762,256607.58
2016-03-22,75873.3119693603,28256.625090248057,256132.98
2016-03-23,75535.9148613456,28102.715540035013,257271.98
2016-03-24,76469.48551926117,28450.04529282987,254092.27
2016-03-28,78140.56919243082,29043.312601419464,259644.94
2016-03-29,78626.17677505298,29223.803388336855,261258.5
2016-03-30,78369.0969674524,29099.028077033727,262112.73
2016-03-31,77886.64229442734,28919.889071743382,263726.34
2016-04-01,78082.87734327995,28992.75260363571,263061.9
2016-04-04,79308.41806922457,29447.804982363785,258933.05
2016-04-05,78494.3911541406,29145.55073963176,261590.75
2016-04-06,77554.49709215363,28767.415539176567,258458.45
2016-04-07,77611.45775129089,28759.77663342374,258268.62
2016-04-08,77768.33909637423,28817.910735955433,257746.55
2016-04-11,77281.46654829475,28637.494774995354,259360.17
2016-04-12,78271.35204024467,28975.670202770747,262682.28
2016-04-13,78257.20827987143,28941.458581925504,262729.75
2016-04-14,78667.13719820752,29064.1190150074,264105.97
2016-04-15,79812.17172297588,29487.15995547419,267950.16
2016-04-18,79911.1422732823,29494.238151212787,267617.9
2016-04-19,81044.82183304857,29912.665594141334,263821.28
2016-04-20,81321.81102787425,29984.98629732526,264722.94
2016-04-21,87153.43125434367,32105.236904305057,245739.56
2016-04-22,86597.96308221688,31900.615732169124,247305.75
2016-04-25,87711.39183561769,32310.77622028205,244126.03
2016-04-26,88563.96065297895,32624.842155089897,241753.1
2016-04-27,90372.09096277835,33290.91405971237,236817.45
2016-04-28,90317.76477113504,33237.610677667006,236675.1
2016-04-29,91657.96258317392,33730.81346252873,240187.05
2016-05-02,90154.79401312197,33177.636223910216,236248.05
2016-05-03,90317.76472718256,33237.61066149216,236675.1
2016-05-04,90444.48395530583,33284.24428202527,237007.17
2016-05-05,91259.51023367667,33584.18002779137,239142.92
2016-05-06,90679.96543508898,33370.90322189901,237624.23
2016-05-09,92400.4857709531,34004.0675305084,242132.83
2016-05-10,92454.80410592766,34024.057082675885,242275.17
2016-05-11,93287.88941170789,34330.63868514329,244458.22
2016-05-12,94066.61711672979,34582.88564665694,242417.6
2016-05-13,95447.75711446174,35056.06851327835,245976.9
2016-05-16,93667.51643991638,34402.22141468024,241389.06
2016-05-17,94223.8446162716,34606.54972218346,242822.77
2016-05-18,93315.15364538289,34272.80554740237,240481.0
2016-05-19,93871.47384438076,34477.13092498042,241914.67
2016-05-20,92777.36413310323,34075.28612360292,239095.06
2016-05-23,95670.27708723255,35137.79568683227,246550.34
2016-05-24,96653.15471104518,35498.78714815309,249083.3
2016-05-25,97079.72008348239,35619.95736375184,247984.0
2016-05-26,96275.20719730628,35324.769916986035,250039.1
2016-05-27,95023.9259047016,34865.65666187661,253288.84
2016-05-31,95292.84887073388,34964.32839863034,252572.03
2016-06-01,95960.01021263724,35209.119571626165,250803.73
2016-06-02,97221.6800490318,35672.04453412977,247506.19
2016-06-03,96583.3746802501,35437.84103620552,249131.17
2016-06-06,96638.98776587844,35458.246283946704,248987.72
2016-06-07,96750.26224248824,35499.074503363765,248701.03
2016-06-08,95969.4090107385,35177.06905246834,246693.8
2016-06-09,95709.12726626726,35081.66418342995,246024.73
2016-06-10,93217.84093890639,34168.496622324754,239620.75
2016-06-13,92641.51997277033,33957.24928183227,238139.3
2016-06-14,92381.21421455301,33861.83561068482,237470.17
2016-06-15,93682.63087490239,34338.86286550536,240815.52
2016-06-16,93199.2470671547,34161.68113896079,239572.95
2016-06-17,93087.73206034546,34120.80591491438,239286.3
2016-06-20,95169.94592295638,34884.03017129044,244638.73
2016-06-21,95541.75869883255,34985.43210793304,243682.95
2016-06-22,93817.93253511805,34354.20232906097,248079.66
2016-06-23,97577.14414369084,35730.74850428523,238139.3
2016-06-24,100318.65611057567,36734.63394764275,231448.58
2016-06-27,102410.81628302667,37464.00545062453,236275.48
2016-06-28,100132.24997550625,36592.99452442055,241532.42
2016-06-29,98884.07861670351,36136.85449251894,244543.17
2016-06-30,98864.73493920191,36093.64855603664,244495.34
2016-07-01,98845.39126200008,36050.49289606537,244543.17
2016-07-05,99251.05869041129,36162.39579340214,245546.77
2016-07-06,99251.05869041129,36162.39579340214,245546.77
2016-07-07,97473.88320044203,35478.71462742548,249943.5
2016-07-08,98014.35664530715,35639.95838331501,251329.38
2016-07-11,96858.84260721802,35184.150669529656,254292.34
2016-07-12,96312.76660638448,34985.787569443324,255726.03
2016-07-13,95898.77593205968,34835.40470434663,256825.25
2016-07-14,95827.43328071131,34774.65395183678,256634.19
2016-07-15,96291.38331247635,34943.01598818926,257876.7
2016-07-18,94738.83944380577,34379.61598956974,253718.86
2016-07-19,99771.13915915672,36205.77865710809,267195.8
2016-07-20,99574.85082905041,36134.54791951506,266670.12
2016-07-21,98200.778738503,35599.77869238327,270350.03
2016-07-22,97923.04227754341,35499.09357896583,271114.62
2016-07-25,97871.25206757883,35480.318574970384,271258.03
2016-07-26,98854.09957281208,35836.62077668547,268534.0
2016-07-27,98818.90952112753,35823.86366754401,268629.56
2016-07-28,97992.62262479911,35524.31786939878,270875.75
2016-07-29,98165.51679722784,35586.995521803714,270397.84
2016-08-01,98165.51679722784,35586.995521803714,270397.84
2016-08-02,97488.89972958426,35341.70807931058,272261.56
2016-08-03,96770.17331183713,35081.155141331335,274268.78
2016-08-04,97731.29568292525,35394.500385110405,276992.84
2016-08-05,97899.90626340655,35455.56462470814,277470.72
2016-08-08,98135.99447142956,35541.06665465054,278139.84
2016-08-09,97832.47219836785,35431.14261101946,277279.56
2016-08-10,97360.34663180141,35224.72582424107,278617.66
2016-08-11,96759.15453985456,34971.99132838061,276897.22
2016-08-12,97059.74699339557,35080.63548436363,277757.44
2016-08-15,97597.48161122545,35239.91010633422,276218.6
2016-08-16,97393.57428721405,35166.28447942707,276795.7
2016-08-17,97325.91273257346,35141.85365330507,276987.97
2016-08-18,97292.10723995003,35129.647369889935,277084.22
2016-08-19,97207.69554589165,35099.16850443734,277324.6
2016-08-22,96836.845793595,34965.26431225799,278382.62
2016-08-23,96736.4802335288,34929.024921075805,278671.12
2016-08-24,96369.24713173101,34796.42660724866,279729.0
2016-08-25,96601.16430678351,34880.165862258546,279055.84
2016-08-26,96484.63913661224,34838.09165650888,279392.47
2016-08-29,96833.37942114468,34964.01269539731,278382.6
2016-08-30,97552.63898116793,35223.718599892956,276314.8
2016-08-31,97331.94200083731,35144.030665130755,276939.94
2016-09-01,97196.75327194612,35095.217534147596,277324.6
2016-09-02,97297.85454027055,35131.722570431026,277036.12
2016-09-06,97213.43044063219,35101.23922564642,277276.53
2016-09-07,97601.20316834011,35241.25386373462,276170.5
2016-09-08,99674.55811053512,35989.888363060396,270303.75
2016-09-09,98185.04544714786,35452.06411295212,274343.1
2016-09-12,99079.97884377858,35775.2012669829,271842.53
2016-09-13,99553.20701945758,35946.07164289222,270544.16
2016-09-14,97907.50983713838,35351.85322854631,275016.47
2016-09-15,97804.81455197446,35314.77263427506,275304.94
2016-09-16,98351.49680137358,35512.16536416429,273766.12
2016-09-19,98558.83501391896,35587.029795613584,273188.97
2016-09-20,96910.66889196924,34991.919911434634,277757.44
2016-09-21,96810.00075226066,34955.57126661987,278045.97
2016-09-22,97463.00353766611,35191.35357449273,276170.5
2016-09-23,98362.43973820363,35516.11657380437,273621.88
2016-09-26,96547.31218941172,34860.721264468855,278671.16
2016-09-27,96414.02494626545,34812.59471049171,279055.84
2016-09-28,97460.72700680648,35190.53157845838,276026.34
2016-09-29,97800.27704687894,35277.943727719794,276988.03
2016-09-30,98105.90041240546,35352.908456267454,276122.44
2016-10-03,98413.41797158838,35463.72381062217,275256.9
2016-10-04,97725.7259376162,35215.91085114753,277180.38
2016-10-05,97556.15089849096,35154.80371274442,277661.3
2016-10-06,97454.77715658718,35118.27322270939,277949.84
2016-10-07,97050.1240514441,34972.4546315489,279103.94
2016-10-10,98471.40992084367,35484.621473908526,275016.5
2016-10-11,98333.65249360101,35399.495335522704,274631.75
2016-10-12,98660.81809826187,35481.873396521616,273718.06
2016-10-13,99527.4706038256,35758.07000982247,276122.44
2016-10-14,99874.12269623349,35846.85654758947,275160.7
2016-10-17,99106.1450717536,35571.21373848846,277276.53
2016-10-18,98882.68174171998,35455.436984825224,276651.34
2016-10-19,98401.45531919257,35282.88813401716,275304.97
2016-10-20,102543.76336509465,36768.1567301585,286894.2
2016-10-21,100240.56009049334,35905.55054873593,293338.03
2016-10-24,100257.01978434948,35911.44630958598,293289.88
2016-10-25,100848.77870944912,36123.41070781609,291558.78
2016-10-26,101730.36116144306,36439.18810634989,289010.06
2016-10-27,102119.647728437,36578.62815433572,287904.12
2016-10-28,102034.39923796593,36548.0926706847,288144.47
2016-10-31,101830.06694385104,36438.35401015946,287567.44
2016-11-01,101200.0137979277,36212.898992153554,285788.16
2016-11-02,100825.39608578107,36078.84769253885,284730.25
2016-11-03,99973.96897025888,35774.17733750164,282325.8
2016-11-04,102885.80442508053,36816.13374886912,290548.8
2016-11-07,102970.99813701915,36846.6190340921,290789.4
2016-11-08,103481.89080037661,36992.58765114028,289346.66
2016-11-09,106010.02463686948,37896.34203576673,282277.72
2016-11-10,105432.10837651465,37689.749193764685,283816.56
2016-11-11,107039.85172165582,38264.48344103895,279488.62
2016-11-14,109153.57706441908,38981.83106912614,285007.75
2016-11-15,107707.31993780694,38426.34989366226,288784.03
2016-11-16,105919.75662444028,37788.607413613885,293576.8
2016-11-17,105413.2013833921,37570.09693006199,292172.78
2016-11-18,104522.3536482915,37215.02166946721,294641.94
2016-11-21,104968.88097224999,37336.79200793459,295900.7
2016-11-22,106205.43113767025,37739.28858278782,292414.94
2016-11-23,105976.84833142253,37658.0634288796,293044.3
2016-11-25,105836.77417295978,37608.289146786956,293431.62
2016-11-28,104998.57769903682,37310.442433303455,295755.53
2016-11-29,106425.18612204639,37817.37683763541,291737.12
2016-11-30,104553.12989828787,37114.33858353354,286605.38
2016-12-01,104641.47338317033,37145.69881170431,286847.53
2016-12-02,106354.56387507891,37753.81279741453,291543.53
2016-12-05,106831.40099957734,37885.326939627645,290236.4
2016-12-06,104300.96048217395,36987.9637542147,297111.03
2016-12-07,103689.14737098757,36734.010183659746,295368.22
2016-12-08,102057.60477889447,36119.26869909124,300015.8
2016-12-09,101728.2308481597,36002.69977184217,300984.06
2016-12-12,100402.84861472769,35533.63294314238,304905.5
2016-12-13,99924.61673775385,35328.84797706918,303453.2
2016-12-14,100084.05221451054,35349.88833924651,302969.0
2016-12-15,100531.84672720777,35508.05026087661,301613.47
2016-12-16,102661.8698272291,36224.87064936027,308003.94
2016-12-19,102532.79518280891,36179.32586914049,307616.66
2016-12-20,102532.79518280891,36143.14654327135,307616.66
2016-12-21,102548.93894364033,36112.69412536226,307665.12
2016-12-22,102048.6880873401,35936.5303703238,306164.25
2016-12-23,102113.25626893574,35959.26810916552,306358.0
2016-12-27,101645.27238323007,35794.4671946541,304953.97
2016-12-28,101790.49078823956,35809.81150954244,304518.28
2016-12-29,100560.56998276412,35341.316563354005,300838.8
2016-12-30,101272.62539100011,35591.56351001937,302969.03
2017-01-03,100819.51298264822,35432.320289092,301613.5
2017-01-04,100819.51298264822,35432.320289092,301613.5
2017-01-05,101693.37857515752,35739.434305490155,304227.75
2017-01-06,101369.71703269382,35625.68569573631,303259.5
2017-01-09,101402.06943308075,35601.430037317215,303162.72
2017-01-10,102325.06628669974,35889.885188102126,305922.2
2017-01-11,101385.869121849,35560.46758165718,303114.28
2017-01-12,101531.62358397825,35611.59005927978,303550.06
2017-01-13,101256.32871449612,35515.0320836328,302727.0
2017-01-17,101207.7553654853,35497.99528138617,302581.78
2017-01-18,100883.88716324283,35384.40050919231,301613.5
2017-01-19,101596.39036182917,35634.30660670483,303743.66
2017-01-20,101240.13532918463,35473.71804711508,304808.75
2017-01-23,102140.60829684352,35753.76271572279,307519.84
2017-01-24,102397.89897619929,35843.825914405905,308294.5
2017-01-25,103346.61951562476,36175.92036357514,311150.88
2017-01-26,105774.6948117712,37025.85487485229,318461.2
2017-01-27,104729.50648068095,36659.99240148187,315314.38
2017-01-30,105501.35804290613,36893.514837672905,312990.53
2017-01-31,107247.47260883167,37504.12596952253,307810.34
2017-02-01,107939.07979491759,37745.97896985381,305825.38
2017-02-02,108810.54469209237,38012.98170417875,308294.5
2017-02-03,108742.17385742468,37989.09634183012,308100.78
2017-02-06,108383.3486116319,37863.740683130716,307084.12
2017-02-07,108229.57052127202,37810.01828194345,306648.4
2017-02-08,109459.83889863464,38239.81274214261,310134.16
2017-02-09,109357.30806164081,38203.99357735679,309843.66
2017-02-10,110587.59819560673,38633.795638228905,313329.44
2017-02-13,111000.14702023257,38777.9196380394,314498.34
2017-02-14,110931.4058308472,38753.90489220916,314303.56
2017-02-15,110914.20237769232,38747.8948630169,314254.8
2017-02-16,111086.11345674355,38807.95202678915,314741.9
2017-02-17,110862.65739543582,38729.88761497855,314108.78
2017-02-21,110639.15048460924,38651.805438880176,313475.5
2017-02-22,110192.18747903038,38457.00703384847,314741.9
2017-02-23,110192.18747903038,38457.00703384847,314741.9
2017-02-24,109527.15616962199,38186.454500545886,312842.4
2017-02-27,109100.84056476847,38037.8202986097,311624.72
2017-02-28,110737.878958453,38608.57091719847,316300.6
2017-03-01,109152.01403176869,38055.66183980896,311770.9
2017-03-02,108742.78504642296,37874.92919651802,312939.75
2017-03-03,108708.91712980306,37863.133058103274,313037.25
2017-03-06,108489.0378131117,37786.549461794704,313670.4
2017-03-07,109482.95086574636,38094.941157445566,316544.1
2017-03-08,109044.96754969118,37942.543468845404,315277.78
2017-03-09,109381.87722402682,38059.77226216619,316251.88
2017-03-10,109011.24311729787,37930.80894527408,315180.25
2017-03-13,108505.89639533979,37754.97194522183,313719.16
2017-03-14,109078.67061725607,37954.27055845668,315375.2
2017-03-15,108893.35357330665,37889.78890328662,314839.38
2017-03-16,109280.83208602913,38024.61328484753,315959.66
2017-03-17,109381.8772395457,38059.77226756603,316251.8
2017-03-20,108168.96534729749,37637.7357148518,312744.94
2017-03-21,109550.34981621816,38118.39283674352,316738.9
2017-03-22,109280.83204438761,38024.61327035824,315959.66
2017-03-23,109466.12774418827,38089.0874987638,316495.4
2017-03-24,109668.25363289277,38159.41784495657,317079.8
2017-03-27,109348.15279903267,38009.878323324476,318005.3
2017-03-28,109649.60870440448,38076.65578698844,318882.0
2017-03-29,110051.56407523576,38216.23782907427,320050.97
2017-03-30,109800.33312076936,38090.77974251191,320781.6
2017-03-31,110317.17624857214,38270.077538638936,319271.62
2017-04-03,110014.23383198971,38164.98393339446,320148.4
2017-04-04,109729.70040524997,38028.11159785946,319320.4
2017-04-05,110014.23383101451,38126.71998581946,320148.4
2017-04-06,110097.91181312039,38117.59284962958,319904.88
2017-04-07,109846.46028966078,37992.41886638336,319174.28
2017-04-10,109930.25857874077,37983.40962722635,318930.78
2017-04-11,109510.535154416,37800.4022090833,317713.06
2017-04-12,109980.63275965318,37924.86819092974,316349.22
2017-04-13,109083.13930440204,37615.38351041327,318930.78
2017-04-17,109233.09731722415,37667.09386820763,318492.3
2017-04-18,109817.77178270114,37868.70847508368,316787.56
2017-04-19,110594.48696367673,38098.67620399997,319028.16
2017-04-20,112114.1086029518,38622.170406801844,323411.78
2017-04-21,114022.08776601845,39279.44982762441,328915.66
2017-04-24,114680.5866637594,39506.2960020993,330815.22
2017-04-25,114832.54740821247,39519.13863738289,330376.88
2017-04-26,115577.39671249888,39735.95625678514,332519.8
2017-04-27,115255.74812696315,39585.63627208983,333445.2
2017-04-28,116855.16402718655,40095.38459184999,338072.47
2017-05-01,117040.35701154622,40118.8326885705,337536.66
2017-05-02,117411.9188286852,40246.19582002258,336465.1
2017-05-03,117870.84278628293,40403.504751247245,335149.97
2017-05-04,117545.34251397333,40291.93049345867,336075.47
2017-05-05,117443.08917191673,40216.588390302015,335783.1
2017-05-08,117613.44903920102,40274.92551945203,336270.16
2017-05-09,118073.42715751682,40432.43798598613,337585.28
2017-05-10,119521.48244702925,40887.86991903584,333445.16
2017-05-11,119381.8868739239,40799.226904873714,333055.7
2017-05-12,119469.15623279997,40829.05154969933,333299.12
2017-05-15,121874.68709512561,41651.15113321779,340010.16
2017-05-16,118485.8732745889,40493.010751767266,330555.94
2017-05-17,118889.7180827218,40631.02629493563,331682.62
2017-05-18,118854.62743565145,40619.03392901187,331584.72
2017-05-19,120189.01592491708,41075.0664158354,335307.44
2017-05-22,119785.11213466621,40895.95564888161,336434.28
2017-05-23,119942.05751278029,40908.64257267634,336875.1
2017-05-24,121424.57005794189,41414.28318846336,341038.9
2017-05-25,122017.55455675245,41616.53243627532,342704.4
2017-05-26,121232.73246532418,41307.23660028901,344908.7
2017-05-30,120251.31511508256,40931.53420599767,342116.53
2017-05-31,119803.60819244187,40738.2107316221,343390.3
2017-06-01,116966.61394074472,39773.514664335125,351521.9
2017-06-02,117814.15644840275,40021.94086086412,354069.03
2017-06-05,118205.35306332409,40154.831917926596,355244.72
2017-06-06,118417.21814900886,40186.648504260695,354608.0
2017-06-07,119137.03786835476,40430.93005807485,352452.44
2017-06-08,121836.00945736741,41346.86630675581,344467.84
2017-06-09,120900.37717975114,40987.99867735789,341822.53
2017-06-12,122407.79685466386,41499.048494429044,346084.5
2017-06-13,121749.33639001996,41275.81530621666,344222.84
2017-06-14,122390.30211830197,41451.8415625491,342410.62
2017-06-15,122565.35069188694,41469.67616453975,342900.34
2017-06-16,124088.66017316762,41985.08407167238,347162.1
2017-06-19,125769.56634867293,42511.82933730953,342459.44
2017-06-20,126417.1753217531,42688.21817639442,344222.8
2017-06-21,126399.22900326127,42682.158110922355,344173.94
2017-06-22,128108.27778125611,43259.26519248354,348827.53
2017-06-23,129331.55930570477,43629.08040450437,345496.66
2017-06-26,126911.0069429023,42768.89522420473,339030.38
2017-06-27,127992.92078913125,43133.49921755104,341920.62
2017-06-28,125590.76092271338,42323.973502536915,335503.47
2017-06-29,124783.87165618068,42009.728571749736,337659.03
2017-06-30,126159.77031065333,42472.938506250655,333935.9
2017-07-03,127843.89357988266,42997.442377188425,338393.66
2017-07-05,126900.04115030424,42679.998662694474,335895.34
2017-07-06,128547.13255185328,43233.96112147875,340255.06
2017-07-07,129509.4930976168,43557.629628075745,342802.38
2017-07-10,129528.01677491008,43563.85965381048,342851.44
2017-07-11,131674.84319842627,44285.896841932285,348533.94
2017-07-12,130527.49462186848,43855.72584001675,351570.9
2017-07-13,132364.34475704128,44429.03047698538,356518.38
2017-07-14,131327.64563172666,44036.62603728009,359310.7
2017-07-17,131417.21163809038,44066.659201347866,359065.66
2017-07-18,132421.23815154308,44359.26148867144,361808.9
2017-07-19,133066.66226928172,44575.46953512618,363572.38
2017-07-20,133837.58970789806,44789.14396806696,361466.0
2017-07-21,133492.95463581238,44629.02168119203,360535.22
2017-07-24,134563.10757891263,44986.792464152895,363425.47
2017-07-25,134309.2060371474,44901.90875292454,362739.75
2017-07-26,132694.98709218032,44362.2472217998,358380.1
2017-07-27,132477.2875525638,44289.46647093517,357792.12
2017-07-28,131860.58902298144,44083.29340268167,356126.56
2017-07-31,131642.9656629103,44010.53811996698,355538.8
2017-08-01,132223.41649957438,44160.58241451604,353971.16
2017-08-02,132022.12684222095,44049.19419014466,353432.3
2017-08-03,132991.99096421388,44372.789439437816,356028.7
2017-08-04,133504.36882070385,44499.371566716465,354657.03
2017-08-07,132785.19641558782,44259.658661749534,356567.5
2017-08-08,132201.42892164385,44020.81895412721,354999.94
2017-08-09,130267.75071378982,43376.937121700605,349807.44
2017-08-10,132256.16758458086,44039.04599441411,355146.9
2017-08-11,130267.76598401368,43332.903160430054,360486.34
2017-08-14,130232.1661712162,43321.061065581576,360584.84
2017-08-15,129467.36672134782,43066.654457408345,362702.4
2017-08-16,127270.00078308601,42292.64531160268,356546.47
2017-08-17,127428.24285457042,42345.23017654717,356989.78
2017-08-18,128025.95807910475,42501.50958558675,355315.3
2017-08-21,126233.71873270992,41906.529638524764,360289.34
2017-08-22,125474.50562941551,41612.58279244328,358122.44
2017-08-23,125526.29440626819,41588.14552947928,357974.62
2017-08-24,125750.80638155,41620.94049822316,358614.9
2017-08-25,125733.490720493,41573.58842868268,358664.28
2017-08-28,126113.24845017791,41657.581158870154,359747.56
2017-08-29,124455.84582913476,41068.45227673766,364475.44
2017-08-30,125733.75868026535,41449.0747670667,368217.88
2017-08-31,127129.46520087036,41867.730794800795,364130.47
2017-09-01,127696.84480200738,42054.58674012656,362505.38
2017-09-05,128061.1233849215,42174.55513313176,361471.25
2017-09-06,129701.1111275901,42672.48011517778,366100.34
2017-09-07,130329.19089835901,42836.44982413774,364327.5
2017-09-08,128955.05353361585,42384.799922296486,368168.84
2017-09-11,128817.10277715058,42297.0736250719,367774.97
2017-09-12,127902.94661116095,41954.613530977666,370384.88
2017-09-13,128651.27424277851,42200.07931117203,368217.84
2017-09-14,127722.0681077078,41895.28192127278,370877.38
2017-09-15,127467.66418100364,41769.93728412996,370138.62
2017-09-18,126992.8391833949,41572.57172580353,371517.4
2017-09-19,126151.20483799283,41255.48043651761,369055.2
2017-09-20,124922.31520972088,40853.59420734587,365460.06
2017-09-21,125259.002696597,40963.70178852892,366445.03
2017-09-22,123323.14801173039,40330.61536512122,360781.7
2017-09-25,123323.14801173039,40330.61536512122,360781.7
2017-09-26,122329.9648990487,39965.48209307328,363687.25
2017-09-27,122363.11505529236,39936.346843596,363785.78
2017-09-28,121336.12452222226,39561.225746713615,366839.03
2017-09-29,121531.59202370034,39585.396027000825,367430.0
2017-10-02,120961.46829869003,39399.694736800324,365706.3
2017-10-03,121661.90367572747,39627.84127326585,367823.97
2017-10-04,123746.87678747944,40306.9608746799,374127.53
2017-10-05,123697.99970513629,40250.733619921295,374275.28
2017-10-06,124170.05067786833,40364.086000367526,375703.56
2017-10-09,124170.05067786833,40323.72191436716,375703.56
2017-10-10,124381.56171692147,40352.085547205716,376343.53
2017-10-11,125520.9224102541,40721.718952124014,379790.9
2017-10-12,126123.10057184854,40917.0786529985,381612.94
2017-10-13,125862.65585428316,40791.66763988732,382401.0
2017-10-16,125959.916705767,40823.189557974714,382105.47
2017-10-17,125927.44175577008,40812.66453482226,382203.97
2017-10-18,125440.67706046542,40654.90571799984,383681.4
2017-10-19,123991.62894798344,40185.274050072825,388113.53
2017-10-20,123960.16947006443,40175.078138039295,388212.0
2017-10-23,123912.99761969155,40159.78989841565,388359.72
2017-10-24,124274.3689570337,40276.90914548214,387227.12
2017-10-25,124479.7976156146,40303.210980505566,387867.25
2017-10-26,116498.28350221658,37678.708136991176,412736.9
2017-10-27,116609.49771301099,37676.9991244002,413130.9
2017-10-30,117596.39462011824,37958.1924971941,409634.44
2017-10-31,117596.39462011824,37958.1924971941,409634.44
2017-11-01,116366.42487715936,37561.17838447597,413918.94
2017-11-02,116241.8638038214,37520.97210761949,414361.97
2017-11-03,115785.93186592279,37373.80473637243,415987.16
2017-11-06,115511.7499046473,37247.929479708284,415002.1
2017-11-07,115909.28972529675,37376.12020677414,416430.38
2017-11-08,115265.03427020326,37168.37353357381,414115.75
2017-11-09,114963.50052313512,37071.14093380956,413032.44
2017-11-10,115045.72762864054,37097.65589380033,413327.84
2017-11-13,115210.23910211987,37150.704278642734,413918.88
2017-11-14,116105.72304335744,37402.311408272435,410701.66
2017-11-15,116413.5281467709,37464.065469428395,411790.47
2017-11-16,115294.161836579,37103.83231270773,407830.9
2017-11-17,115476.09477858043,37162.38175931151,408474.44
2017-11-20,117141.14358253941,37698.22581793901,414364.25
2017-11-21,116287.62107389528,37423.546202498095,411345.1
2017-11-22,116497.52043383033,37491.095769011394,412087.53
2017-11-24,117351.00805609656,37765.76415735897,415106.6
2017-11-27,118764.24277175408,38220.56970061431,420105.6
2017-11-28,116609.3978068597,37527.10001434649,412483.25
2017-11-29,117770.79520154942,37900.85956552015,416591.47
2017-11-30,117896.73715040494,37941.3900561975,417036.97
2017-12-01,113447.31960880951,36509.48370705746,401298.0
2017-12-04,114160.83551591236,36739.10656174387,403821.9
2017-12-05,115825.91919900247,37274.96184513256,409711.78
2017-12-06,115420.15021860301,37144.37774645304,408276.47
2017-12-07,117756.7886755009,37896.35200168942,416541.88
2017-12-08,119253.88777910186,38378.14668418384,421837.53
2017-12-11,119743.66070060412,38535.76483293696,423570.0
2017-12-12,119421.8491275824,38432.199808902085,422431.66
2017-12-13,120345.29930140385,38690.95126395316,419165.12
2017-12-14,123414.6141173816,39639.04343299459,429855.62
2017-12-15,122746.79384916827,39424.54892757107,427529.56
2017-12-18,123528.3650750512,39636.154096560764,424807.34
2017-12-19,123082.2000880766,39453.35840039894,423273.0
2017-12-20,123053.421812338,39444.13367394744,423174.0
2017-12-21,123067.76906956811,39448.732612552354,423223.34
2017-12-22,122909.50649575682,39398.002368524554,422679.1
2017-12-26,122463.34150403208,39215.58850105424,424213.47
2017-12-27,122477.63249404969,39180.94921740425,424262.94
2017-12-28,122734.82279473676,39224.04418996317,423372.06
2017-12-29,122146.54553745531,39036.04038949207,425401.3
2018-01-02,122714.97250885947,39178.66432251054,427381.0
2018-01-03,121634.86909669392,38794.645838289296,431142.66
2018-01-04,120126.86957122652,38313.679254041905,436487.88
2018-01-05,120249.52066828017,38314.484339885494,436933.53
2018-01-08,120331.25409890123,38302.21215683856,436636.53
2018-01-09,119785.62713395413,38090.233372236806,434656.66
2018-01-10,120140.24551957312,38202.99729383157,435943.47
2018-01-11,122213.51013859198,38862.267817936416,443466.56
2018-01-12,120508.5746988652,38320.12106512802,437280.0
2018-01-16,118067.0832485502,37505.439193960585,446139.25
2018-01-17,118119.45393084674,37522.07537558187,445941.34
2018-01-18,118250.56768807692,37563.725248806375,445446.34
2018-01-19,116135.16208163857,36891.74103305493,453415.0
2018-01-22,115767.56713192578,36774.970044434536,454850.2
2018-01-23,115666.7907108589,36706.18222348777,454454.22
2018-01-24,115024.33319853105,36465.59589231725,456978.47
2018-01-25,112869.09533154334,35782.3314827445,465540.97
2018-01-26,113037.09501925192,35835.5915934677,464848.03
2018-01-29,114457.25683768526,36285.81847618568,459007.84
2018-01-30,111655.69174544195,35397.65214060312,470242.97
2018-01-31,110774.28035866709,35082.8249925354,466530.84
2018-02-01,107859.78360046053,34159.78780936969,454256.34
2018-02-02,112302.04534050931,35532.516792966126,435547.6
2018-02-05,116551.68833662356,36841.57698297288,452029.22
2018-02-06,118746.73409596988,37498.58161687054,443516.06
2018-02-07,124842.38175698003,39423.50311525332,420748.94
2018-02-08,129497.70852370166,40854.16762798218,436438.5
2018-02-09,128102.58673489708,40373.17795470669,441140.4
2018-02-12,127096.47179677722,40056.08789060312,444605.12
2018-02-13,125106.39281249847,39428.888900917766,451566.75
2018-02-14,127655.08279957499,40192.71244447994,460766.12
2018-02-15,128564.35937185047,40438.809090833274,457484.1
2018-02-16,129570.53511774757,40714.854174315464,461064.47
2018-02-20,131289.4074543436,41214.25931320265,454948.03
2018-02-21,131633.83733734337,41281.16819031312,456141.56
2018-02-22,134977.4341045951,42329.74037586581,467727.9
2018-02-23,133025.83096428367,41675.37607731267,474490.7
2018-02-26,131325.01459471785,41100.85560396147,468424.03
2018-02-27,131924.48699954548,41247.37192719749,466285.75
2018-02-28,130630.09096272688,40801.420046152656,461710.75
2018-03-01,130348.63219149744,40672.7068940854,462705.53
2018-03-02,129522.18018359157,40414.828927017814,465639.22
2018-03-05,129964.7788468501,40552.933066660655,464048.06
2018-03-06,130716.82566015083,40747.04143455092,466733.25
2018-03-07,131510.63880002388,40994.48882120787,469567.62
2018-03-08,128572.03884964247,40037.47412356467,480060.1
2018-03-09,128878.30489715868,40092.80823304566,481203.6
2018-03-12,132021.3203889548,41030.477488696284,469468.25
2018-03-13,132804.42868813447,41273.85717423525,466683.53
2018-03-14,133271.38544710667,41377.70729196717,468324.44
2018-03-15,133865.69086263585,41562.22548725191,470412.88
2018-03-16,136285.4205092441,42271.933796749756,461909.78
2018-03-19,136637.50770520998,42338.8694845969,463103.1
2018-03-20,135683.8891123557,42043.37863571484,459871.0
2018-03-21,131737.1952729441,40820.44535649389,446494.53
2018-03-22,127907.8841646418,39633.88460935179,433515.94
2018-03-23,137591.19904409247,42634.38287476098,466335.44
2018-03-26,143914.72111910707,44551.172227824296,444903.22
2018-03-27,143786.0025778666,44466.77411113432,444505.3
2018-03-28,146810.08969173822,45401.99309054853,453854.1
2018-03-29,142386.6575478099,44034.0173876739,440179.3
2018-04-02,144300.77022486404,44625.96941713332,446096.66
2018-04-03,140086.42913460854,43278.03053875497,459125.0
2018-04-04,140010.56774380218,43254.59406736861,459373.66
2018-04-05,143269.08904350034,44261.27533685841,448682.44
2018-04-06,142411.66528461696,43996.38449874623,451367.66
2018-04-09,139101.2104580438,42973.65898588492,461860.03
2018-04-10,140628.8385140896,43445.60144362208,456787.8
2018-04-11,137995.67033983232,42632.11555949206,465340.8
2018-04-12,137258.34836479274,42361.6966186863,462854.44
2018-04-13,138865.6762520554,42857.762155960685,468274.6
2018-04-16,141667.51432382045,43722.4863478572,477722.78
2018-04-17,142213.08937729654,43890.86579561693,479562.53
2018-04-18,142699.72356022947,43997.16360590024,477921.53
2018-04-19,141051.6848947731,43445.04333606892,472402.0
2018-04-20,140532.02377194786,43241.53852444256,474142.4
2018-04-23,137245.3128616353,42186.979902221814,463053.38
2018-04-24,136051.490292323,41820.01823563891,459025.53
2018-04-25,138925.5509052193,42703.45778476406,468722.34
2018-04-26,136626.38028730184,41954.026624389924,476479.56
2018-04-27,139905.88653303706,42961.06854454549,465042.44
2018-04-30,137691.77220936597,42281.177800976,472402.1
2018-05-01,135532.18121125136,41575.74842264326,464992.8
2018-05-02,134720.52193003794,41285.18869285877,467777.53
2018-05-03,136281.56368417802,41722.28573171231,473197.78
2018-05-04,134763.5543378248,41215.82839319875,478468.66
2018-05-07,134189.3254411629,40998.99149440915,476429.9
2018-05-08,132606.6609284787,40474.43951775205,482049.0
2018-05-09,133933.56569975178,40838.96529869589,486872.53
2018-05-10,134220.83514741546,40885.72040993221,485828.25
2018-05-11,133767.4954653211,40747.62620516527,487469.16
2018-05-14,134736.33207029698,41042.74866145491,483938.56
2018-05-15,134388.70494962466,40936.85612064999,485187.16
2018-05-16,133046.8760486219,40487.17764685046,480342.72
2018-05-17,132797.87545268316,40370.91769150787,481241.66
2018-05-18,131088.95420125744,39851.40095264891,487434.56
2018-05-21,131223.27278165385,39892.23416880647,486935.12
2018-05-22,132784.47351809742,40326.95123253522,492728.38
2018-05-23,132313.4440168458,40183.89848530669,490980.53
2018-05-24,132246.14141619805,40123.27463158989,491230.3
2018-05-25,131775.55762800714,39940.37696393209,489482.3
2018-05-29,133039.39161740258,40323.437425711956,494176.88
2018-05-30,132891.45208134153,40278.59784434718,493627.34
2018-05-31,135513.29669278782,41073.26313741792,503366.28
2018-06-01,136696.46961353664,41431.87571564449,507761.2
2018-06-04,135997.3295436902,41178.53870028918,510358.16
2018-06-05,135598.08482703246,41057.651664705925,511856.38
2018-06-06,137728.19889059238,41702.6274498676,503815.6
2018-06-07,136704.24064983893,41392.58383220377,507561.25
2018-06-08,137484.38213891335,41628.80234184172,504664.72
2018-06-11,137130.64560651634,41521.69469834687,505963.12
2018-06-12,136507.9862540753,41291.638402802906,503665.72
2018-06-13,135736.44588589907,41016.967262071186,506512.4
2018-06-14,134009.98549381725,40454.24686490783,500069.94
2018-06-15,134986.97652317103,40749.17590426737,503715.72
2018-06-18,134986.97652317103,40708.4267283631,503715.72
2018-06-19,133635.22330472906,40300.77446245486,508759.88
2018-06-20,132677.57293462247,39971.67219819697,505114.03
2018-06-21,131719.96583181608,39683.17462953173,501468.38
2018-06-22,129070.08955957256,38884.84840621372,491380.06
2018-06-25,128164.95983738039,38573.27580996833,494825.97
2018-06-26,130157.05643489042,39172.82885155905,487134.78
2018-06-27,128702.50052464438,38735.057198697534,492578.7
2018-06-28,128676.39484404665,38688.46522320244,492478.8
2018-06-29,126849.54558837251,38100.50745352101,499470.62
2018-07-02,125631.910511624,37696.6782861646,494676.16
2018-07-03,126532.4442121593,37966.889326151824,498222.03
2018-07-05,128308.17852619718,38499.710047299704,505213.97
2018-07-06,127433.00917086839,38198.6100353117,508659.94
2018-07-09,127770.80383518353,38261.66687500749,510008.25
2018-07-10,127945.95890517755,38275.85635298264,509309.1
2018-07-11,130718.66040101445,39067.05197874975,520346.3
2018-07-12,129162.91242474764,38563.028455612286,526539.25
2018-07-13,129799.98238120647,38753.232798313606,523942.2
2018-07-16,131086.73304060817,39098.65332996719,529136.2
2018-07-17,132113.6563194314,39365.85048814963,524991.0
2018-07-18,131208.79324639833,39056.86296918579,521395.25
2018-07-19,128858.6448297715,38318.23847515799,530734.25
2018-07-20,130920.03953929979,38892.90987486724,539224.56
2018-07-23,130544.14600944555,38781.24176637436,537676.4
2018-07-24,126700.35679096889,37600.57156568109,553507.9
2018-07-25,128083.61391128336,38011.0775789509,547464.94
2018-07-26,130350.37296107679,38683.77841447048,537776.2
2018-07-27,133146.70869451156,39513.64049639147,526239.56
2018-07-30,132249.5736003337,39247.399791415635,529785.4
2018-07-31,132000.25368186153,39173.40969640169,530784.06
2018-08-01,130398.04828036332,38697.92690860383,537226.7
2018-08-02,129828.27976477981,38528.83802528352,539574.1
2018-08-03,129936.40219912854,38522.39643178978,540023.5
2018-08-06,130837.6700320778,38789.59635547925,543769.2
2018-08-07,131570.69458911565,39006.91699929063,546815.7
2018-08-08,131786.9988716068,39071.04498174199,547714.7
2018-08-09,130981.85309655104,38832.34247646139,544368.44
2018-08-10,130032.58369189237,38550.91147092386,540423.2
2018-08-13,131654.7964552008,39031.85077744019,547165.25
2018-08-14,129869.5188085083,38502.56743510703,539745.5
2018-08-15,129845.35958305867,38495.40492141183,539645.1
2018-08-16,129772.99082430665,38473.94967125298,539344.3
2018-08-17,128916.50667471233,38220.02681830487,535784.75
2018-08-20,129990.07724893681,38500.089509476566,531322.94
2018-08-21,131314.73386042277,38853.92242869255,536737.4
2018-08-22,131928.0227917941,39035.38478150975,539244.1
2018-08-23,130897.7532934255,38691.50918578275,543455.25
2018-08-24,132346.8378703584,39081.146412642534,549471.5
2018-08-27,133143.8091102647,39316.48675181976,552780.3
2018-08-28,135269.0921318862,39944.068780017915,561604.0
2018-08-29,135184.5759894705,39919.1117218129,561253.1
2018-08-30,135643.43313761576,40054.60920462182,563158.1
2018-08-31,134894.75116618624,39833.52836723449,560049.75
2018-09-04,138783.02904111755,40941.87759388012,543906.56
2018-09-05,139102.81536393907,40995.27471850875,545159.9
2018-09-06,138424.8444550095,40795.46852774254,542502.8
2018-09-07,139921.51712995692,41236.555987493986,548368.44
2018-09-10,137542.16654987502,40494.09616419233,557693.4
2018-09-11,138123.3079884783,40624.697215720655,560049.75
2018-09-12,139607.04442729714,41061.092379236245,566065.8
2018-09-13,140175.78399858458,41228.36952611778,568371.94
2018-09-14,141696.59402342257,41634.44036829915,562205.44
2018-09-17,143048.61561608792,41990.06785765072,567569.8
2018-09-18,144956.61930732732,42508.14755434647,559999.5
2018-09-19,142529.8492261857,41796.50360747065,569374.7
2018-09-20,143395.798955311,42008.644585547016,572834.0
2018-09-21,143910.34803219547,42159.384770755634,574889.5
2018-09-24,144186.45808640373,42198.11345396339,573786.56
2018-09-25,143594.36106939308,41982.63015526273,571430.3
2018-09-26,144136.08864568773,42141.01484607587,573586.06
2018-09-27,144085.69850773344,42126.28230010781,573385.56
2018-09-28,145647.8650692726,42583.01235904323,579602.2
2018-10-01,146227.37748025954,42709.86117561995,577296.06
2018-10-02,146252.74778722913,42674.5614335843,577396.2
2018-10-03,149275.06616058378,43513.7582424118,565464.25
2018-10-04,148401.55757003164,43215.616282624556,562155.3
2018-10-05,150095.58416522155,43665.71357025632,555738.25
2018-10-08,152004.79021050583,44177.472886567135,562807.25
2018-10-09,160264.43510354366,46533.81343557665,532225.4
2018-10-10,159887.02112710697,46377.695037413105,530972.0
2018-10-11,154361.7070913621,44728.61483701099,549321.1
2018-10-12,151586.36956601977,43879.6906379656,539444.6
2018-10-15,156376.27216700753,45266.2232458713,556490.25
2018-10-16,155967.67686206408,45147.947205430624,555036.2
2018-10-17,159081.07250052964,46004.03356999464,543956.7
2018-10-18,159315.6736446114,46025.87292431645,544758.9
2018-10-19,157893.51696997357,45568.989783629746,549621.75
2018-10-22,155689.9634136482,44887.46238704866,541951.25
2018-10-23,147365.41062949912,42487.38442573072,512973.78
2018-10-24,155978.00790339263,44970.509398658825,542953.94
2018-10-25,154048.11199849145,44414.09504835154,536236.06
2018-10-26,158527.2597691953,45661.0781164544,520644.28
2018-10-29,158344.08927940342,45562.657897385194,520042.72
2018-10-30,163045.6782206376,46915.514764215186,535483.9
2018-10-31,164404.25212085652,47259.5215637962,531022.0
2018-11-01,164031.70385159997,47152.42912100743,532225.25
2018-11-02,166117.59332128824,47704.88489605842,538993.25
2018-11-05,166442.08951216761,47798.07221671247,540046.1
2018-11-06,172993.4736517642,49679.46852182777,561303.06
2018-11-07,173317.9318064848,49722.965450911215,560250.3
2018-11-08,169936.87133889922,48703.25426170913,549321.06
2018-11-09,174124.45571815793,49854.69659773942,535784.75
2018-11-12,174238.50475028798,49837.496015525896,536135.6
2018-11-13,171767.60722530156,49130.74439519509,528532.6
2018-11-14,167987.5799331175,48000.411218634916,540163.8
2018-11-15,169569.08752060152,48404.30739747876,545249.1
2018-11-16,163822.33783197397,46763.87020145447,526770.44
2018-11-19,159265.61902222186,45463.13301393899,512118.34
2018-11-20,161457.81263770108,46088.90517082197,519167.3
2018-11-21,161395.16866274743,46071.02314842866,518965.9
2018-11-23,166719.164369404,47590.78319747978,536085.25
2018-11-26,167768.34533697265,47890.27692485864,539458.9
2018-11-27,174000.55675594087,49669.291494676174,559498.56
2018-11-28,175456.85324959844,50035.32900547416,554815.8
2018-11-29,174342.26709227814,49717.480576908456,558340.25
2018-11-30,172455.60782220605,49179.458746749486,564382.44
2018-12-03,177948.17420494914,50745.78323596168,546407.3
2018-12-04,179046.81214214003,51008.33790025536,549780.8
2018-12-06,171880.99983954703,48966.881976592806,527777.5
2018-12-07,176423.181977002,50260.89642175298,541724.7
2018-12-10,174783.44684323517,49743.494207541655,546759.6
2018-12-11,173994.72123493135,49519.02233428017,549226.9
2018-12-12,174584.90719445125,49637.47065890572,551089.9
2018-12-13,169129.6634565416,48086.45170011295,533870.0
2018-12-14,164120.95685301977,46662.390874543,518059.62
2018-12-17,165843.71009240774,47152.19904150793,523497.62
2018-12-18,165397.0162919471,47025.196365445074,522087.62
2018-12-19,161919.70111997615,46036.536276814215,511111.22
2018-12-20,156687.78458408956,44549.013055516145,494596.28
2018-12-21,150147.80394074594,42689.5848694805,473952.38
2018-12-24,160404.34449388055,45605.69450890686,506327.9
2018-12-26,159415.3997745196,45278.914941584975,509449.56
2018-12-27,160660.07273033034,45632.44064221338,505471.94
2018-12-28,162548.49405828936,46123.17839418414,511413.34
2018-12-31,163268.629411441,46281.39381365763,509147.66
2019-01-02,169274.97670027224,47983.99966793643,490417.06
2019-01-03,161402.10981739068,45752.29567211902,513226.03
2019-01-04,161607.92710857728,45764.885944406255,513880.5
2019-01-07,162779.75529898657,46096.72971246901,517606.62
2019-01-08,165107.48092467332,46755.905903113766,525008.4
2019-01-09,164046.4814096384,46455.447115841394,521634.6
2019-01-10,162779.75525186796,46096.729699125746,517606.62
2019-01-11,161592.17765508557,45760.425940768866,513830.38
2019-01-14,166279.16665310963,47087.70932813107,528734.06
2019-01-15,165693.21376541897,46874.688749334586,530597.3
2019-01-16,164529.7567708088,46545.54621382436,534323.0
2019-01-17,162064.5874667138,45848.148648662376,542328.9
2019-01-18,165118.98612118082,46712.239476469156,532107.75
2019-01-22,163509.70262286806,46256.97241164146,537293.75
2019-01-23,164291.14736748303,46478.04350047006,534725.9
2019-01-24,162790.5481098515,46053.523258871355,539610.0
2019-01-25,159615.87461834258,45109.353099369764,529086.75
2019-01-28,156365.20044595175,44190.67374241983,518311.6
2019-01-29,161590.51423101584,45667.40984494765,535632.2
2019-01-30,158628.47396813368,44830.30187913667,525813.75
2019-01-31,161134.80816783462,45493.791565289255,517505.94
2019-02-01,165775.36300514013,46758.482934311854,532409.7
2019-02-04,168095.69817219125,47412.955048525095,539861.75
2019-02-05,166230.09458383216,46886.744205326555,533870.1
2019-02-06,165038.56731241144,46550.66285658739,530043.4
2019-02-07,165665.64578783792,46727.53617274351,532057.3
2019-02-08,166324.06470673985,46866.52181629187,529942.7
2019-02-11,163732.4616989251,46136.26417667084,538200.06
2019-02-12,163609.9267462598,46055.600214758604,537797.25
2019-02-13,163747.82238514518,46094.4173363243,538250.56
2019-02-14,165769.76173168584,46663.58591951906,544896.8
2019-02-15,165846.3523350935,46638.48231031307,544645.06
2019-02-19,164984.0805806535,46349.36007481848,541813.4
2019-02-20,168463.94223996092,47326.96567464451,553241.4
2019-02-21,170865.9078863893,48001.755449766046,561129.5
2019-02-22,169911.27410285381,47685.56621333661,564264.5
2019-02-25,171083.7200346284,47966.92737110553,568158.1
2019-02-26,171372.9933196919,48000.06430710748,567197.44
2019-02-27,171586.93146733998,48059.9864958137,566489.44
2019-02-28,170821.06336721414,47845.47359419084,569017.9
2019-03-01,171230.9405929965,47960.27659094349,567652.56
2019-03-04,172085.14940874904,48199.53294804831,564820.75
2019-03-05,172008.09450107696,48177.95054785917,565073.7
2019-03-06,174101.40786084428,48764.26916164633,558196.8
2019-03-07,173912.171201572,48711.26564202298,558803.56
2019-03-08,170261.11347692515,47688.636567410955,570534.9
2019-03-11,169069.02979630095,47354.744439946786,574529.5
2019-03-12,167759.55527211167,46987.97217232145,578979.4
2019-03-13,167891.36819052434,46977.90383630506,579434.3
2019-03-14,165957.34903815287,46389.76549797533,586109.06
2019-03-15,163580.57950876598,45725.391297314636,594503.06
2019-03-18,163469.24270976923,45694.26951797379,594907.7
2019-03-19,163649.88920689415,45744.76531516642,594250.25
2019-03-20,159890.07543451796,44693.79119303525,607903.0
2019-03-21,164106.07862249203,45872.2831390826,591873.75
2019-03-22,163250.8601997274,45633.225439549955,594958.2
2019-03-25,162903.99136707647,45536.265805653085,596222.4
2019-03-26,164479.0711146333,45976.54507350867,590457.6
2019-03-27,164253.68631225155,45913.54365663925,591266.75
2019-03-28,162834.91144336722,45516.95601623994,596373.9
2019-03-29,161343.80878705953,45100.150716803524,601835.0
2019-04-01,161574.2870173717,45119.47573989516,602694.7
2019-04-02,160516.8914629544,44779.07949737693,606638.94
2019-04-03,161333.09949882765,45006.77543760887,603554.3
2019-04-04,162049.4792081704,45161.61569174305,606234.3
2019-04-05,161995.40451702414,45101.383984915374,606436.56
2019-04-08,162873.40011920547,45345.82805978964,603149.8
2019-04-09,164115.99960876873,45646.43622274175,607751.4
2019-04-10,164307.1627884431,45699.60543177649,608459.3
2019-04-11,165153.75686045457,45935.073042531956,611594.3
2019-04-12,165290.31467849747,45973.05457843871,612100.0
2019-04-15,164907.9550145554,45866.70689718954,610684.06
2019-04-16,163542.47680132953,45441.05263562284,615740.7
2019-04-17,161393.6018517594,44843.97754173509,623831.25
2019-04-18,161903.82051399874,44940.900238759874,625803.4
2019-04-22,164101.60934938828,45550.95754613862,634298.44
2019-04-23,163539.07529445487,45394.81060183917,632124.06
2019-04-24,158123.13467725107,43846.071112871585,653058.1
2019-04-25,159029.1594524644,44053.45726533632,656800.1
2019-04-26,159176.083464649,44050.10395837242,656193.3
2019-04-29,158157.97125111695,43768.35340972711,660390.44
2019-04-30,161451.93306755892,44679.9184972134,646636.44
2019-05-01,163560.38130434154,45263.4066821187,638191.8
2019-05-02,160074.30884022606,44298.67723842178,651794.0
2019-05-03,161005.65233708205,44556.41556797788,648001.75
2019-05-06,164309.94892964512,45470.84068287916,634702.94
2019-05-07,164296.85649988925,45421.74666665847,634652.3
2019-05-08,164309.94893002236,45379.94447216966,634601.75
2019-05-09,166444.0247858254,45923.96428386798,642844.0
2019-05-10,171393.01694801523,47243.52844443571,623729.9
2019-05-13,169475.48057810572,46714.97024732702,630708.1
2019-05-14,167088.89345700046,46057.120828787076,639589.9
2019-05-15,163230.51068416183,44993.57915407922,654359.1
2019-05-16,164319.3221201008,45293.70394889518,649994.3
2019-05-17,161945.68416000786,44594.13019036006,640605.0
2019-05-20,161073.23535644598,44309.29442772199,644056.1
2019-05-21,160095.85044806363,44040.42768782638,647964.25
2019-05-22,161964.29828042057,44554.415036149854,640402.0
2019-05-23,162041.29211232692,44531.040690909336,640706.44
2019-05-24,161938.64407658187,44502.831684445504,640300.56
2019-05-28,160372.66578283717,44072.48061645052,634108.75
2019-05-29,161386.6780938952,44351.144300849606,638118.1
2019-05-30,158755.29572891197,43628.00642876215,627713.7
2019-05-31,153826.30627665482,42273.45644337094,608224.6
2019-06-03,158087.8283926931,43444.57778090608,625074.56
2019-06-04,161515.0425451266,44386.42051055232,638625.7
2019-06-05,158960.6747685292,43640.06082189258,648725.56
2019-06-06,163412.8753993342,44818.69983482602,666895.2
2019-06-07,161920.57385343028,44364.59260808979,672985.4
2019-06-10,162531.03897069106,44531.85384972323,670448.1
2019-06-11,161780.45250528306,44281.66892806068,667351.94
2019-06-12,160759.19370087812,43957.85383240389,671564.6
2019-06-13,160601.31802490752,43914.68444514682,672224.1
2019-06-14,160116.27225107138,43782.053951440896,674254.4
2019-06-17,162900.3261499841,44499.54116945191,685978.1
2019-06-18,163539.1949170363,44674.06118223041,688668.44
2019-06-19,165057.73587148622,45088.881565449454,695063.0
2019-06-20,165081.89243521122,45095.480422722474,695164.75
2019-06-21,164105.6623342966,44783.707811607506,699275.75
2019-06-24,158924.49098528107,43325.00540948836,677198.06
2019-06-25,158328.98124918502,43119.33624693978,679735.6
2019-06-26,158589.03386250522,43147.03967470723,680852.06
2019-06-27,158364.46518814826,43085.9416702224,679887.94
2019-06-28,156331.17415705766,42489.661811848244,688617.25
2019-07-01,157368.18034631707,42729.02279509175,693185.06
2019-07-02,156354.2490367929,42410.98847269941,697651.3
2019-07-03,156809.2293504516,42534.401587192675,695621.2
2019-07-05,156923.64298164396,42565.43621032259,695113.6
2019-07-08,156350.81376069403,42367.491220079064,692576.2
2019-07-09,157943.40573876753,42799.047187235534,699630.75
2019-07-10,157313.22109314564,42585.4825277805,702422.25
2019-07-11,157881.51582382276,42696.737295650695,704959.75
2019-07-12,157881.51582382276,42696.737295650695,704959.75
2019-07-15,155812.7844880215,42137.27928741526,695722.6
2019-07-16,154892.14405471281,41888.30560281623,691611.9
2019-07-17,155062.5661100648,41934.39374485604,692372.9
2019-07-18,154835.17081160672,41830.963632186336,693388.25
2019-07-19,152783.85558896975,41276.771118776815,702574.44
2019-07-22,153733.00870329753,41491.921806604885,706939.06
2019-07-23,155311.2734968316,41917.889137601574,714196.75
2019-07-24,154726.35047839626,41760.02076340848,711507.0
2019-07-25,155995.5986605329,42102.585751699495,717343.56
2019-07-26,155653.48975356304,42010.25193128536,715770.4
2019-07-29,154902.9799540087,41807.692349703895,712319.2
2019-07-30,150399.90312677098,40592.32999401433,691611.9
2019-07-31,152375.49033690503,41125.53304999052,700696.56
2019-08-01,151095.23512913604,40779.99730967484,694809.3
2019-08-02,145918.90246872956,39382.92590775442,671006.06
2019-08-05,148656.08686657358,40121.680986859086,683593.0
2019-08-06,149307.2392659616,40297.42440505846,686587.3
2019-08-07,153291.55097844318,41372.77413913206,704909.1
2019-08-08,151989.2282960613,41021.28247601991,698920.4
2019-08-09,149870.0948954745,40449.33687958257,689175.6
2019-08-12,146768.6981291802,39571.83300767665,703437.3
2019-08-13,142348.81688191358,38340.57108774967,682253.6
2019-08-14,142030.1103353131,38254.72990358159,680726.1
2019-08-15,144633.1754789094,38955.84570046868,693202.2
2019-08-16,147055.53418846754,39608.28959384426,704812.1
2019-08-19,145833.71697510715,39279.2024208617,698956.2
2019-08-20,144208.14182268167,38802.08691565126,706747.3
2019-08-21,145257.57572961444,39084.45811296623,701604.2
2019-08-22,149885.81508645465,40329.77854717146,679249.44
2019-08-23,147571.07791008425,39706.95217988596,689739.3
2019-08-26,147887.04408090477,39752.26225009902,691216.1
2019-08-27,147690.93868587998,39699.54882181913,690299.56
2019-08-28,150480.012691194,40449.25615408227,703335.56
2019-08-29,150196.7630400839,40373.1182172998,702011.7
2019-08-30,148213.87468501306,39840.11481329424,692743.75
2019-09-03,149946.1771343675,40305.760344930895,700840.5
2019-09-04,152582.74437790547,41014.47362780512,713163.6
2019-09-05,153617.75188582417,41251.670745607174,708326.06
2019-09-06,155362.66769096593,41720.240890586334,700280.3
2019-09-09,153735.8166732803,41241.654976882084,692947.5
2019-09-10,153781.0262514165,41253.78304087843,693151.3
2019-09-11,155362.6677356235,41678.07917303749,700280.4
2019-09-12,155588.60607677558,41697.01202574409,699261.94
2019-09-13,154466.86758737313,41354.69439334159,694220.5
2019-09-16,155667.9533365821,41676.25548197207,699618.5
2019-09-17,156948.23983295812,42019.02061743779,705372.5
2019-09-18,159837.5003837607,42792.54887606964,718357.75
2019-09-19,157990.57624720602,42298.080486648185,710057.1
2019-09-20,158330.47093270617,42346.78082585067,708529.5
2019-09-23,160333.18799708216,42882.42390252266,699567.4
2019-09-24,158022.34456863705,42264.36990690982,709650.06
2019-09-25,157818.20577596792,42209.77131536715,710566.8
2019-09-26,159865.33036487314,42757.29154807349,701349.8
2019-09-27,158356.39785121466,42353.715192489646,707969.7
2019-09-30,160588.87298281892,42950.80894545012,697988.9
2019-10-01,163424.12099853446,43709.11924163728,685665.6
2019-10-02,165402.47579617723,44194.53731135699,693966.1
2019-10-03,167635.65127899245,44791.22824190693,703335.6
2019-10-04,166421.93525474524,44466.93068915999,698243.3
2019-10-07,164662.07254430855,43996.70605772761,690859.6
2019-10-08,167781.22119488593,44830.1236396233,703946.4
2019-10-09,168825.10249262833,45109.042384579414,708326.06
2019-10-10,168121.1456678125,44875.84035259384,711279.56
2019-10-11,168277.64522667028,44917.61409372948,710617.5
2019-10-14,165841.79808697972,44267.424095738024,720903.8
2019-10-15,167200.70261332963,44630.15052337842,714996.75
2019-10-16,168058.05151290924,44858.99890643683,711330.5
2019-10-17,170801.10222141712,45591.18940624042,699720.1
2019-10-18,169533.22711733807,45252.76106320438,704914.3
2019-10-21,172056.09305574748,45926.17860763842,694424.3
2019-10-22,173153.74998432817,46173.245180735175,698854.44
2019-10-23,176560.301609355,47081.6375396499,712603.44
2019-10-24,175563.56248600344,46768.76506634777,716626.25
2019-10-25,171247.11038220912,45618.895859412565,734245.44
2019-10-28,172862.32749960662,46049.17711381995,727320.0
2019-10-29,170708.09038719337,45475.30513274931,736383.94
2019-10-30,172171.84801022208,45865.238758019426,730069.75
2019-10-31,171751.48810436318,45753.25815451581,731852.25
2019-11-01,170759.6719725486,45489.04606516756,736078.5
2019-11-04,170865.94169411264,45517.355490945425,735620.4
2019-11-05,171339.07344733752,45643.394103392515,733583.5
2019-11-06,171101.2514865907,45580.0401861429,734601.8
2019-11-07,169084.88959068907,45042.89708843618,743258.7
2019-11-08,168911.14234349586,44996.61217561122,744022.44
2019-11-11,167801.33074164885,44700.9670124594,748910.94
2019-11-12,167527.47233306346,44628.01326629926,750133.25
2019-11-13,166674.58921096154,44400.81184818143,753952.1
2019-11-14,164524.409478445,43828.020721500434,763678.44
2019-11-15,164118.46598438945,43719.88053776947,765562.75
2019-11-18,164063.9479368254,43705.35735469952,765817.1
2019-11-19,164348.5406038697,43781.170623672464,764488.7
2019-11-20,164502.38070502103,43822.152427907065,763773.1
2019-11-21,164381.27604107102,43789.89108907049,764335.44
2019-11-22,166183.4560018632,44226.18789706677,772715.2
2019-11-25,165304.4025910389,43948.02036353878,776802.56
2019-11-26,165619.7900897243,43987.92162968773,778284.7
2019-11-27,164597.65292759848,43716.44628632433,773481.44
2019-11-29,166587.37187410754,44201.19084724451,764131.4
2019-12-02,166319.97701485959,44086.0408739522,762904.8
2019-12-03,166921.51227588952,44245.48839541573,765663.94
2019-12-04,166832.42850127627,44177.62968268434,766072.6
2019-12-05,164807.21329423314,43641.34780842145,775372.1
2019-12-06,164383.68346585316,43485.55473995641,773379.5
2019-12-09,164633.47002996024,43508.14695569688,772204.3
2019-12-10,165254.33628322644,43628.716867607494,775116.44
2019-12-11,166931.99476578014,44071.63466681386,782985.4
2019-12-12,168337.24342868463,44442.633682158106,789576.6
2019-12-13,169426.60196421377,44730.234698765955,794686.2
2019-12-16,168511.55067656396,44488.65245380876,790394.2
2019-12-17,168162.93630878566,44396.614944295485,788759.06
2019-12-18,169622.63178035006,44781.98843508645,795605.7
2019-12-19,171474.57985171,45270.920343780184,804292.1
2019-12-20,171474.57985171,45270.920343780184,804292.1
2019-12-23,171441.87312719398,45262.285457364065,804138.7
2019-12-24,172847.1392535081,45633.28908321459,810730.0
2019-12-26,172531.2315968617,45504.25316750067,812211.8
2019-12-27,174018.17098144526,45896.42602556569,805211.8
2019-12-30,174139.63475629882,45882.56506529586,805773.8
2019-12-31,177363.98288839753,46732.12101602023,820693.4
2020-01-02,175155.52638868857,46150.23367495868,810474.5
2020-01-03,175608.26307266063,46269.52139707241,812569.44
2020-01-06,174007.05432879686,45847.63258079997,805160.3
2020-01-07,176778.77258581837,46577.9289515741,817985.56
2020-01-08,174570.2983645678,45949.45901226334,828204.56
2020-01-09,173762.57954620043,45690.906131674186,824372.56
2020-01-10,175851.93467480724,46240.3024936885,834285.0
2020-01-13,177090.53172063534,46519.751539866425,828408.7
2020-01-14,175943.58434568252,46218.460971738954,833774.0
2020-01-15,172719.7076912555,45371.58373046606,849051.5
2020-01-16,173686.38667985643,45580.14817556556,853803.44
2020-01-17,174310.11804801645,45698.252520607566,850737.3
2020-01-21,173472.65589655857,45432.99984805477,846649.94
2020-01-22,172404.8127802518,45107.89558883636,851861.7
2020-01-23,174142.12574463565,45562.44514890256,843277.56
2020-01-24,177054.3008606671,46324.3849634122,829175.5
2020-01-27,180523.8218535336,47185.82404610197,845423.9
2020-01-28,183338.70202293337,47921.585337993536,858606.44
2020-01-29,178167.14288756257,46521.90708752353,882825.75
2020-01-30,175537.56914406162,45788.767079071804,869796.06
2020-01-31,179817.0191719626,46905.05655208638,891000.94
2020-02-03,173898.074060615,45314.20167112445,920329.56
2020-02-04,174110.49986839617,45369.55539453941,919205.4
2020-02-05,170500.49843604615,44428.86451097312,938264.2
2020-02-06,170259.09905462994,44365.96088014299,939592.6
2020-02-07,165805.66682639156,43205.48956837483,964169.44
2020-02-10,169548.84778068567,44180.8842504072,942402.56
2020-02-11,169300.59560579644,44116.194924898606,943782.44
2020-02-12,170217.1484712506,44355.02943535419,938673.0
2020-02-13,168697.63001572186,43959.07470089966,947052.56
2020-02-14,166986.53440401243,43513.19896566553,956658.44
2020-02-18,167487.3117829768,43600.17787976847,959527.4
2020-02-19,164929.62496108265,42934.36266542063,944874.5
2020-02-20,170143.49046908907,44248.69806349284,915004.44
2020-02-21,162807.64656020736,42296.63883873751,875553.44
2020-02-24,160120.9998682332,41598.66102738393,861105.06
2020-02-25,162121.71786213072,42118.4378818129,871864.6
2020-02-26,150698.78361905267,39150.81483482384,810433.9
2020-02-27,154347.59112237798,40098.75736959388,830056.56
2020-02-28,164617.78712305255,42766.90459867955,885288.06
2020-03-02,172506.18743527544,44773.50592752002,842865.44
2020-03-03,178839.79274271443,46372.60223861916,873811.5
2020-03-04,183327.80747630156,47489.95790339498,851883.1
2020-03-05,188510.06468834248,48832.39023939617,827802.4
2020-03-06,175734.30701912596,45474.07522212269,771700.3
2020-03-09,187751.73088952265,48583.77671597542,824472.3
2020-03-10,179246.27333797765,46382.852929048415,787122.4
2020-03-11,196245.79448792842,50735.36928154767,712472.56
2020-03-12,224145.90353301002,57897.64114684783,813764.2
2020-03-13,191109.05372439895,49364.111670322825,693823.5
2020-03-16,175373.8856522186,45250.30069583367,750950.25
2020-03-17,167991.34979950363,43300.194572443696,719338.25
2020-03-18,170755.2982995804,44012.60927703637,731173.44
2020-03-19,164341.98229501466,42359.56088386795,703711.7
2020-03-20,162702.74505366082,41937.043345996324,696692.5
2020-03-23,177491.74636646424,45748.945775143926,760019.0
2020-03-24,179190.81625796214,46141.136383886595,752743.56
2020-03-25,167982.2596596828,43254.96426040458,799828.4
2020-03-26,161084.74463823793,41435.6183783137,766986.6
2020-03-27,149753.89606389674,38479.56338686402,820937.2
2020-03-30,152109.10771178195,39084.73973470082,808026.1
2020-03-31,157510.25617615753,40472.57564521447,779334.4
2020-04-01,160772.10182832414,41270.24083980235,795473.5
2020-04-02,159291.33195612737,40890.12682400662,788146.9
2020-04-03,147445.2230115015,37808.33741428778,846759.44
2020-04-06,149033.22461790664,38215.53745321147,837639.7
2020-04-07,147538.22948601228,37832.18640782039,846042.4
2020-04-08,147529.31678549305,37829.90098695953,846093.44
2020-04-09,147198.76873733592,37745.140884996894,847989.2
2020-04-13,139914.8666279165,35877.381299295776,889950.56
2020-04-14,141380.86373985978,36253.296587188146,880625.8
2020-04-15,137136.4755840342,35164.93810235515,907063.0
2020-04-16,135928.06101248832,34855.072886485905,915055.75
2020-04-17,138622.30494724007,35545.93883440168,896918.3
2020-04-20,144355.37673223956,37016.02995054916,859824.0
2020-04-21,139452.30294396248,35758.76936001874,889028.2
2020-04-22,137764.5953994082,35290.24366204707,878268.8
2020-04-23,135249.1324019532,34610.583928200096,894305.25
2020-04-24,135636.5355980247,34709.72135402725,891743.7
2020-04-27,132332.3197964473,33829.45472383106,870020.0
2020-04-28,138270.55217460255,35347.505368491366,909060.94
2020-04-29,136883.41066024645,34957.54879160023,918180.75
2020-04-30,133339.2847099834,34017.48553838247,894407.6
2020-05-01,130077.76271673049,33151.38936365722,916285.1
2020-05-04,131474.27112965612,33474.14964727752,926122.4
2020-05-05,132768.89843163686,33803.76963810612,935242.0
2020-05-06,133539.90074547296,34000.07151991154,940673.0
2020-05-07,134325.42579550462,34200.070978744916,946206.4
2020-05-08,135823.75698414273,34581.555218959445,956760.9
2020-05-11,138900.38210683898,35330.30114584643,935088.75
2020-05-12,141000.90316973213,35864.583633695365,920947.8
2020-05-13,140389.0672605967,35708.958813995654,924944.0
2020-05-14,138343.84414354825,35188.74175238823,938418.75
2020-05-15,137022.02619315407,34852.527945492504,947385.0
2020-05-18,137970.5443532343,35093.79029286432,940826.9
2020-05-19,139884.27571464944,35545.46769992527,953876.7
2020-05-20,141564.45414446612,35936.86605991466,942419.44
2020-05-21,141502.68983618903,35921.186872033424,942830.7
2020-05-22,142998.63682655577,36300.94072302967,932863.25
2020-05-26,143187.6612553423,36312.62460745506,934096.44
2020-05-27,143510.5784942063,36358.20432169399,931989.9
2020-05-28,142046.940549449,35987.3936956981,941495.06
2020-05-29,141721.35255896422,35868.91904003924,939337.06
2020-06-01,140109.03330752527,35424.98071118674,950023.6
2020-06-02,139768.06055221736,35338.76961548022,952335.6
2020-06-03,141607.9370537735,35803.96153094746,939799.3
2020-06-04,144921.30631103294,36605.905423759556,961788.9
2020-06-05,144023.27332421715,36342.46392445672,967748.8
2020-06-08,142922.2503738649,36064.63461305717,975147.06
2020-06-09,137621.0027194679,34726.93135727277,1.01131706e+06
2020-06-10,145011.01730349087,36591.70871041951,957011.06
2020-06-11,146155.41218056716,36843.89067401588,964563.56
2020-06-12,147089.6016075837,37079.38775622653,970728.75
2020-06-15,143485.132481,36133.668281480954,994516.75
2020-06-16,143981.74228141026,36222.59519252976,997958.75
2020-06-17,142439.90445086735,35798.480586146485,1.00864544e+06
2020-06-18,141591.0225511563,35549.338223283165,1.0026343e+06
2020-06-19,137658.5601827386,34526.463331035404,1.0304809e+06
2020-06-22,138578.24643027395,34722.60551235265,1.03736544e+06
2020-06-23,135784.84159474142,34022.68112566836,1.0164547e+06
2020-06-24,137500.67086742952,34452.60475723973,1.02929906e+06
2020-06-25,134748.5056336747,33763.01349614261,1.00869694e+06
2020-06-26,136196.65605834016,34125.86666547828,1.01953744e+06
2020-06-29,139676.41471259148,34997.766044653625,1.0455861e+06
2020-06-30,140493.1280829206,35202.40434038261,1.0516999e+06
2020-07-01,139422.4568345708,34898.931147895295,1.0597146e+06
2020-07-02,136421.17871689153,34147.67915619604,1.0825265e+06
2020-07-06,138007.49384793366,34544.7507886576,1.0699388e+06
2020-07-07,134972.30376741706,33785.01027019574,1.0934698e+06
2020-07-08,134027.41207115838,33548.49377924711,1.1011249e+06
2020-07-09,134433.8848888443,33650.23827005567,1.0977855e+06
2020-07-10,138586.3839620376,34689.65317162365,1.0638762e+06
2020-07-13,137729.68074780912,34475.21120032045,1.0704528e+06
2020-07-14,137934.63571386112,34526.513618962774,1.0688599e+06
2020-07-15,140666.26663738134,35210.27003586846,1.0476924e+06
2020-07-16,141383.68650106553,35389.847895815044,1.04234906e+06
2020-07-17,135306.8381056824,33868.74779069849,1.0871506e+06
2020-07-20,137129.27625197163,34324.9235376523,1.0725079e+06
2020-07-21,135158.5599743207,33831.63218956351,1.0879211e+06
2020-07-22,129279.88732812653,32326.30596045995,1.0406024e+06
2020-07-23,128488.42236652256,32128.400941863703,1.03423175e+06
2020-07-24,130116.05477526222,32535.388790658275,1.04733294e+06
2020-07-27,131284.137093441,32794.93121215077,1.03793075e+06
2020-07-28,132609.825121242,33093.29470299201,1.0484116e+06
2020-07-29,132505.8504074442,33067.347411060786,1.0475897e+06
2020-07-30,133227.19837517405,33247.3625860877,1.0532926e+06
2020-07-31,140720.06076415806,35117.23537251891,1.1125311e+06
2020-08-03,138608.01460795596,34590.16608629058,1.0958334e+06
2020-08-04,138380.59854538404,34533.41352838616,1.0940354e+06
2020-08-05,140596.5881316439,35086.42229956741,1.111555e+06
2020-08-06,138081.66599060333,34458.81375327423,1.091672e+06
2020-08-07,135332.74855938493,33772.810777383645,1.0699391e+06
2020-08-10,132167.9428971093,32983.02128506186,1.04491825e+06
2020-08-11,135943.62604213922,33925.25761566072,1.0747688e+06
2020-08-12,135625.1748661938,33845.78689315248,1.072251e+06
2020-08-13,135755.16407597298,33878.22620316212,1.0732788e+06
2020-08-14,136651.95118590788,34102.02289460475,1.0803686e+06
2020-08-17,137438.29901637783,34298.25903675341,1.0865854e+06
2020-08-18,136604.4609389597,34090.17151981908,1.0799931e+06
2020-08-19,139783.43474923124,34883.496728265935,1.105126e+06
2020-08-20,138767.20371877216,34629.89234452921,1.0970916e+06
2020-08-21,139203.66223917325,34738.81225621795,1.1005422e+06
2020-08-24,141014.63147159253,35190.74663175693,1.1148598e+06
2020-08-25,144063.30368406803,35951.55457255643,1.1389625e+06
2020-08-26,147600.5676628827,36834.292478184216,1.1669281e+06
2020-08-27,149118.39238824934,37213.07150830602,1.178928e+06
2020-08-28,146916.56030945922,36663.59579786539,1.1615202e+06
2020-08-31,148050.03872044262,36946.45971884453,1.1704816e+06
2020-09-01,145196.76162627965,36197.46692575558,1.1930395e+06
2020-09-02,154191.259364539,38439.78990009593,1.1191344e+06
2020-09-03,152027.04653539797,37861.813129992624,1.1034262e+06
2020-09-04,143803.02394994607,35813.648586884716,1.0437355e+06
2020-09-08,137679.3746157518,34252.76113038903,1.0881815e+06
2020-09-09,133821.82317557305,33258.8018889133,1.0576924e+06
2020-09-10,132948.6681712228,33041.79625695522,1.0507912e+06
2020-09-11,133847.8971548447,33265.28206748563,1.0578985e+06
2020-09-14,136043.84759439554,33811.04268330889,1.0752548e+06
2020-09-15,133613.3251373548,33206.9837714884,1.0560445e+06
2020-09-16,132218.8678709668,32860.41863835232,1.04502306e+06
2020-09-17,130576.81203908655,32452.317714997032,1.0320447e+06
2020-09-18,131977.78779873034,32800.50289238794,1.0431176e+06
2020-09-21,135157.6451913429,33590.79437509435,1.0682504e+06
2020-09-22,130707.16100596094,32484.71340624398,1.03307494e+06
2020-09-23,132401.34394895507,32905.76950552229,1.0464653e+06
2020-09-24,135418.29113381184,33655.57283617054,1.0703105e+06
2020-09-25,136473.91183481374,33917.926755220025,1.0786538e+06
2020-09-28,137894.44315364468,34237.05415835849,1.0674262e+06
2020-09-29,135851.90197566172,33729.922824187466,1.0832374e+06
2020-09-30,137227.69981378032,34037.78219254404,1.0942075e+06
2020-10-01,133177.88357041279,33033.27097943888,1.0619156e+06
2020-10-02,130471.53779578822,32328.959182772658,1.083495e+06
2020-10-05,127699.36292297856,31609.725402625445,1.0604736e+06
2020-10-06,130130.42955760821,32211.493077868094,1.0806622e+06
2020-10-07,130595.55736956895,32326.6272655153,1.0845249e+06
2020-10-08,127352.07053134224,31491.432668068795,1.1114602e+06
2020-10-09,130650.77342769096,32275.63963526902,1.1402495e+06
2020-10-12,129789.18113995346,32030.518396162934,1.1477691e+06
2020-10-13,128624.39091388973,31711.030676512262,1.1374684e+06
2020-10-14,127925.56146057275,31538.74140793472,1.1312884e+06
2020-10-15,127925.56146057275,31538.74140793472,1.1312884e+06
2020-10-16,131093.71849642918,32288.2794454972,1.1032714e+06
2020-10-19,131356.8580079017,32320.802220135945,1.1054859e+06
2020-10-20,131448.66541422787,32343.391745092704,1.1062586e+06
2020-10-21,131503.74203250825,32356.943534572074,1.1067221e+06
2020-10-22,132323.77928057735,32558.716491918476,1.1136235e+06
2020-10-23,128560.20379291842,31632.675927139902,1.0819498e+06
2020-10-26,130500.1291214177,32110.001160212138,1.098276e+06
2020-10-27,124031.70663959156,30518.423781748897,1.0438384e+06
2020-10-28,125280.09368438262,30825.593665231077,1.0543448e+06
2020-10-29,123903.23682779593,30486.813347080504,1.0427573e+06
2020-10-30,123817.53166441213,30465.725299779577,1.04203606e+06
2020-11-02,126326.54933245093,31083.077640916046,1.0631516e+06
2020-11-03,132421.66897956133,32582.80258569563,1.1144475e+06
2020-11-04,128199.16407642486,31511.25807286852,1.1499838e+06
2020-11-05,127952.28736497353,31450.575962943945,1.1521982e+06
2020-11-06,124903.9188494138,30669.83869945045,1.124748e+06
2020-11-09,120683.05252197282,29633.415738289183,1.0867395e+06
2020-11-10,123851.56970246973,30411.437050490258,1.1152716e+06
2020-11-11,123216.72565625943,30255.552714146495,1.109555e+06
2020-11-12,123828.665944137,30405.8130910489,1.1150654e+06
2020-11-13,124240.45867027705,30506.92774465355,1.1187735e+06
2020-11-16,122656.22287688273,30117.922686262405,1.1045076e+06
2020-11-17,121039.16689500895,29720.858714299742,1.0899461e+06
2020-11-18,121807.55846054414,29909.535303393754,1.0968655e+06
2020-11-19,122971.62966555108,30165.460483454903,1.086383e+06
2020-11-20,123135.26430590962,30205.600752319235,1.0849375e+06
2020-11-23,125332.94304521296,30714.49503457315,1.1043011e+06
2020-11-24,125327.06769823383,30682.340708068627,1.1043528e+06
2020-11-25,126123.9945370953,30846.760520777472,1.111375e+06
2020-11-27,126803.75236699983,30982.165448273296,1.1053852e+06
2020-11-30,128071.3739310427,31260.9033052208,1.1164355e+06
2020-12-01,128568.93989771772,31351.09312969938,1.1120981e+06
2020-12-02,127894.39055910092,31155.255503878532,1.1062635e+06
2020-12-03,127965.99868974596,31172.69934638522,1.1068829e+06
2020-12-04,127924.20032262852,31162.51720468615,1.1065214e+06
2020-12-07,128950.9957409936,31412.646029488624,1.1154029e+06
2020-12-08,126437.79393396528,30800.42649360058,1.0936641e+06
2020-12-09,125673.64407159068,30614.278499920332,1.0870545e+06
2020-12-10,127309.35597430631,31012.74024665575,1.101203e+06
2020-12-11,126748.22262850482,30845.034625010885,1.1060568e+06
2020-12-14,126706.80054021784,30804.109245896965,1.1056952e+06
2020-12-15,129754.2004750934,31544.972720545673,1.1322881e+06
2020-12-16,129671.36572950706,31493.28951892566,1.133011e+06
2020-12-17,130161.88127960755,31612.42104920563,1.128725e+06
2020-12-18,127780.03369605375,31033.94163613854,1.1493798e+06
2020-12-21,127005.03977823352,30845.718833887564,1.1563508e+06
2020-12-22,128661.10939565681,31247.92852475951,1.1412725e+06
2020-12-23,127653.9901328241,31003.329431150516,1.150206e+06
2020-12-24,126387.49787955976,30695.736409505847,1.1616176e+06
2020-12-28,126842.57052165327,30806.259919372238,1.157435e+06
2020-12-29,128240.29367740186,31145.724995286684,1.1446809e+06
2020-12-30,127812.21344918989,31041.75713400473,1.148502e+06
2020-12-31,130530.26969102182,31701.89155667517,1.124078e+06
2021-01-04,130404.37579747928,31671.315701969743,1.1251622e+06
2021-01-05,133785.65712023264,32492.527625229188,1.0959876e+06
2021-01-06,137592.79866918162,33384.675710171345,1.1271762e+06
2021-01-07,136754.45938564494,33147.88151458317,1.134044e+06
2021-01-08,138080.7945335146,33469.37158172774,1.1230452e+06
2021-01-11,136455.4975844789,33041.94686174511,1.1098264e+06
2021-01-12,137350.6823930342,33258.710930612426,1.1171072e+06
2021-01-13,139458.48770708343,33735.84566233957,1.0999639e+06
2021-01-14,139700.7142519911,33794.441718188755,1.0980534e+06
2021-01-15,142190.5690479282,34362.95810386027,1.1176238e+06
2021-01-19,147380.45905895834,35617.190182730126,1.1584165e+06
2021-01-20,147794.34936394033,35717.21436369319,1.1616696e+06
2021-01-21,147150.53045935175,35525.90650648318,1.16673e+06
2021-01-22,144819.05106810987,34963.027673382865,1.185216e+06
2021-01-25,143052.44008369814,34536.52253969683,1.1996741e+06
2021-01-26,142701.4789497196,34451.79153401028,1.2026174e+06
2021-01-27,139006.8071273469,33559.8031373391,1.2337542e+06
2021-01-28,143061.84684001398,34538.79357157394,1.1977638e+06
2021-01-29,138319.04036806597,33393.75862827611,1.2374721e+06
2021-02-01,138399.84645951827,33413.26728815744,1.2367492e+06
2021-02-02,140416.50283085956,33866.726514501,1.2547701e+06
2021-02-03,140988.53538001553,33970.82697495593,1.2496585e+06
2021-02-04,140877.83559131098,33944.15414401894,1.2506396e+06
2021-02-05,140720.81660141042,33906.32082003046,1.2520336e+06
2021-02-08,139966.33018604395,33724.52924809672,1.2587464e+06
2021-02-09,140511.79398004926,33855.957354058046,1.2538409e+06
2021-02-10,139545.4282907312,33623.11401301706,1.2624641e+06
2021-02-11,139260.05305270856,33554.35357935716,1.2650459e+06
2021-02-12,139993.31952459906,33731.0322601874,1.2583849e+06
2021-02-16,139382.99921928742,33583.97714371881,1.2638709e+06
2021-02-17,139617.0243754459,33640.36490649838,1.2617489e+06
2021-02-18,141232.01484706966,34029.49272976329,1.2471539e+06
2021-02-19,145018.2202047865,34941.7692262314,1.2137196e+06
2021-02-22,145785.01904990192,35126.52744662003,1.207302e+06
2021-02-23,146584.9642744399,35284.14567490108,1.2139268e+06
2021-02-24,150059.74174853644,36085.267603960725,1.1851508e+06
2021-02-25,152281.23134152204,36583.389882686104,1.2026956e+06
2021-02-26,149292.97813645258,35828.9213594473,1.2262965e+06
2021-03-01,147358.62013775934,35328.86457230803,1.2104076e+06
2021-03-02,143382.75479538357,34375.660693856844,1.1777499e+06
2021-03-03,142859.77334850453,34250.27718596742,1.173454e+06
2021-03-04,145928.29665338973,34985.94805594377,1.198659e+06
2021-03-05,143275.62551478873,34349.976713901524,1.1768698e+06
2021-03-08,147301.8692437508,35315.2586858868,1.2099415e+06
2021-03-09,146444.9355519445,35109.81095356568,1.2029026e+06
2021-03-10,149412.6920800788,35821.32323814069,1.2272799e+06
2021-03-11,148543.1537548318,35612.85357613948,1.2201374e+06
2021-03-12,149135.4305648906,35719.237622319364,1.2152724e+06
2021-03-15,150977.31917241355,36124.66678650039,1.2302815e+06
2021-03-16,151402.8738337521,36190.365495731996,1.2268138e+06
2021-03-17,147366.14087268693,35189.260544598794,1.1941042e+06
2021-03-18,147129.8510537765,35132.837380143006,1.1921896e+06
2021-03-19,150732.23466922352,35993.04322440864,1.2213796e+06
2021-03-22,151747.7608775181,36235.53865871889,1.2296084e+06
2021-03-23,153101.8263156935,36522.63764735539,1.2186364e+06
2021-03-24,155130.51218343154,37006.58327119744,1.2024888e+06
2021-03-25,157894.71927364852,37628.98184570716,1.2239155e+06
2021-03-26,158722.6595339833,37788.66502964373,1.2174978e+06
2021-03-29,161009.95554524657,38333.224092899356,1.1999528e+06
2021-03-30,163732.22928589967,38943.00935930157,1.220241e+06
2021-03-31,168301.74903351784,40029.85005691573,1.254296e+06
2021-04-01,163635.0162691212,38879.857809633286,1.2890756e+06
2021-04-05,164429.94934424883,39068.73477272966,1.2828132e+06
2021-04-06,165783.26307753427,39351.21485263989,1.2933712e+06
2021-04-07,168005.6576379738,39878.73448406549,1.3107094e+06
2021-04-08,166280.78787933313,39429.43130464608,1.3241661e+06
2021-04-09,166319.76064709452,39399.2433142126,1.3244764e+06
2021-04-12,167996.5197889755,39796.44831951847,1.3378292e+06
2021-04-13,169881.2576425293,40203.124647414865,1.3228201e+06
2021-04-14,167282.42546333763,39588.09992080489,1.3430566e+06
2021-04-15,166483.04143601068,39398.92227909351,1.3494745e+06
2021-04-16,167760.0819857116,39701.139375387094,1.3391231e+06
2021-04-19,168071.27911208855,39774.785503484265,1.336639e+06
2021-04-20,166561.52233032978,39417.49511767815,1.3486458e+06
2021-04-21,168741.13593940032,39933.30998051048,1.3309975e+06
2021-04-22,166129.66424826,39315.29405945442,1.3515962e+06
2021-04-23,165875.22871537475,39255.08080470655,1.3536664e+06
2021-04-26,165608.85418416068,39192.042135050426,1.3558402e+06
2021-04-27,170293.21329487892,40300.61571070491,1.3174894e+06
2021-04-28,171664.5856662124,40625.15683518112,1.3068796e+06
2021-04-29,171440.24388436406,40531.440238216324,1.3051718e+06
2021-04-30,171657.796604257,40542.342025470185,1.3035155e+06
2021-05-03,174431.77095009055,41197.50257700598,1.2824509e+06
2021-05-04,175360.98366395652,41416.9651380152,1.2756191e+06
2021-05-05,177680.4601864549,41923.36488936442,1.2924915e+06
2021-05-06,179622.8064466844,42381.65777606475,1.3066208e+06
2021-05-07,183379.45814485973,43225.650904461494,1.2792939e+06
2021-05-10,182674.6710405161,43016.29497024985,1.274377e+06
2021-05-11,177310.82822047733,41753.215400397115,1.2369578e+06
2021-05-12,180300.6257966993,42457.25397185062,1.2578151e+06
2021-05-13,184099.08641445122,43351.71679713116,1.284314e+06
2021-05-14,181895.69032981936,42832.86032199457,1.2689426e+06
2021-05-17,180337.75233991662,42465.9965431396,1.2580741e+06
2021-05-18,180783.88194474598,42571.05129740295,1.2611864e+06
2021-05-19,183282.35408496278,43159.3923845736,1.2786161e+06
2021-05-20,182308.28002983105,42930.017087824766,1.2718209e+06
2021-05-21,186479.8444396862,43912.33852362976,1.3009226e+06
2021-05-24,187178.8272350281,44076.935234998076,1.3057989e+06
2021-05-25,187007.82424830127,44036.667392302996,1.3046059e+06
2021-05-26,188628.89007769944,44374.35986933115,1.293297e+06
2021-05-27,188908.84025385065,44395.842917926144,1.2952165e+06
2021-05-28,187183.7652489673,43990.429604099605,1.2833888e+06
2021-06-01,187108.11796062323,43972.651584151055,1.2828702e+06
2021-06-02,185905.11956980827,43689.93253554872,1.274622e+06
2021-06-03,189748.65490023122,44593.209431164934,1.3009745e+06
2021-06-04,192033.60625076754,45130.20040044513,1.3166409e+06
2021-06-07,192971.77906905295,45305.552063225354,1.3102085e+06
2021-06-08,193751.06192735495,45443.205077845334,1.3154996e+06
2021-06-09,196539.80828378635,46097.289609433195,1.3344341e+06
2021-06-10,197036.46491210922,46213.777585239026,1.3378062e+06
2021-06-11,195508.42122415904,45809.169887183496,1.3481811e+06
2021-06-14,196659.44419046174,46078.863674680026,1.340244e+06
2021-06-15,195913.4995316447,45858.00407579083,1.3351604e+06
2021-06-16,193234.1418434363,45184.981552271005,1.3534204e+06
2021-06-17,192145.39948931927,44885.21007416778,1.3457948e+06
2021-06-18,194515.41610901474,45438.84650854003,1.3623944e+06
2021-06-21,196648.50751622848,45937.137158093225,1.3773348e+06
2021-06-22,196470.71072961416,45895.60378732866,1.3760894e+06
2021-06-23,197522.50956994973,46141.30424141032,1.3834562e+06
2021-06-24,198759.4257302971,46384.10684032185,1.3747929e+06
2021-06-25,195984.4718262045,45736.52115782419,1.3939868e+06
2021-06-28,194029.88788046432,45280.383642662455,1.4078892e+06
2021-06-29,194387.37786364058,45363.81039595008,1.4052952e+06
2021-06-30,193885.05790980379,45246.584949553355,1.4089266e+06
2021-07-01,189566.17816406858,44238.69624781946,1.4403111e+06
2021-07-02,189559.37565327415,44237.10875889253,1.4403629e+06
2021-07-06,188009.61925723293,43875.44507433353,1.4521388e+06
2021-07-07,189695.37457859048,44268.846567848566,1.4391184e+06
2021-07-08,189339.78601425796,44185.86354503799,1.4418161e+06
2021-07-09,189762.19791736788,44284.44100254715,1.4385995e+06
2021-07-12,187257.75453099314,43699.98384192537,1.4575858e+06
2021-07-13,186238.10714801218,43462.03068333746,1.4655226e+06
2021-07-14,187213.76515727906,43689.71812595898,1.457845e+06
2021-07-15,187400.28584282106,43733.24610142138,1.4563926e+06
2021-07-16,189896.7567781684,44315.842746402814,1.4369911e+06
2021-07-19,188313.14813565355,43946.27902786331,1.4489746e+06
2021-07-20,186910.84814506874,43619.02696247583,1.4597646e+06
2021-07-21,183762.4621607733,42884.29415001395,1.4843532e+06
2021-07-22,181495.40518207438,42355.23540109324,1.5026655e+06
2021-07-23,181883.89996356846,42445.8976848341,1.499449e+06
2021-07-26,183463.33418431258,42814.48722655306,1.4864282e+06
2021-07-27,183668.26272989364,42862.31100908785,1.4847679e+06
2021-07-28,183488.53140373115,42820.36745343184,1.4862209e+06
2021-07-29,184506.8735926233,43058.01602137284,1.4779725e+06
2021-07-30,184448.63898880384,43001.36790729478,1.4775061e+06
2021-08-02,182959.23859982635,42611.1357089579,1.4894368e+06
2021-08-03,183347.91535226605,42701.658373852406,1.4862726e+06
2021-08-04,185274.13088166903,43107.571565191705,1.5018871e+06
2021-08-05,185312.54879244184,43073.40265565203,1.5015756e+06
2021-08-06,184589.11083633424,42862.17585711003,1.4957138e+06
2021-08-09,183379.176001741,42581.225158441994,1.4859098e+06
2021-08-10,183052.71176648984,42462.837904428474,1.488555e+06
2021-08-11,181228.22858650636,42039.61154092165,1.5033915e+06
2021-08-12,179327.1911762949,41598.62685065911,1.5191616e+06
2021-08-13,178255.61557798652,41350.05287164396,1.5282394e+06
2021-08-16,179175.36129527935,41563.40678992143,1.5203541e+06
2021-08-17,178078.97619954223,41267.51433139637,1.5110509e+06
2021-08-18,174379.36762258605,40368.91007115388,1.5424431e+06
2021-08-19,178839.23571902193,41361.00283684642,1.581892e+06
2021-08-20,179009.61893632804,41400.40817598252,1.5833991e+06
2021-08-23,180202.37590308464,41634.862359151346,1.5728488e+06
2021-08-24,180565.68612703797,41718.80337875313,1.5696778e+06
2021-08-25,182311.47086238198,42122.158255737915,1.5545015e+06
2021-08-26,181927.46632728746,42033.435918511095,1.5577758e+06
2021-08-27,184276.53691173944,42534.1435533773,1.5778899e+06
2021-08-30,185314.50010766892,42731.18888271109,1.5690022e+06
2021-08-31,185283.80260518508,42681.37923652416,1.5687424e+06
2021-09-01,184866.3438029537,42585.21477312728,1.5652079e+06
2021-09-02,184860.2587377977,42583.81303714199,1.5651564e+06
2021-09-03,184270.9405773663,42448.05960622855,1.5601669e+06
2021-09-07,184289.35130177168,42452.30064132884,1.5603226e+06
2021-09-08,182472.2497823114,42033.71899537347,1.5449378e+06
2021-09-09,181526.90666655137,41815.95280391436,1.5369338e+06
2021-09-10,182312.67716068192,41996.960360869154,1.5435868e+06
2021-09-13,184031.56235453585,42392.91721080091,1.5581401e+06
2021-09-14,180943.84863488696,41639.24851886426,1.5842829e+06
2021-09-15,181181.28626701667,41652.24900884201,1.5863619e+06
2021-09-16,178005.4874766605,40922.156156852056,1.5585558e+06
2021-09-17,174699.10722709922,40162.0435850179,1.5296061e+06
2021-09-20,174995.89485866373,40230.27288500449,1.5322048e+06
2021-09-21,172752.09988523222,39674.210602734034,1.5518508e+06
2021-09-22,172185.04237023834,39543.98029416657,1.5569448e+06
2021-09-23,172305.75047630104,39571.70209219143,1.5558532e+06
2021-09-24,169324.13655001347,38847.37356846775,1.5289305e+06
2021-09-27,163194.0032535688,37440.961092115635,1.4735778e+06
2021-09-28,163470.30241799695,37504.35132741162,1.4760728e+06
2021-09-29,162273.04860546355,37229.67007369669,1.465262e+06
2021-09-30,166405.86926962357,38177.846934381196,1.5025799e+06
2021-10-01,169853.7482662662,38930.70246361223,1.4714469e+06
2021-10-04,173243.5385692429,39668.71615623108,1.5008126e+06
2021-10-05,175853.3187902684,40266.2947538111,1.5234212e+06
2021-10-06,176897.2650832827,40505.33402489699,1.532465e+06
2021-10-07,176897.2650832827,40464.8286908721,1.532465e+06
2021-10-08,176525.32963512826,40339.28451295247,1.5292429e+06
2021-10-11,175715.33688970958,40154.186273065825,1.5222259e+06
2021-10-12,177773.18968518666,40624.443485297685,1.540053e+06
2021-10-13,181636.89119579966,41507.37034249091,1.5735242e+06
2021-10-14,182512.85380514595,41707.543909616754,1.5811128e+06
2021-10-15,184360.76959878448,42129.82665572261,1.5971212e+06
2021-10-18,184924.7054144106,42258.69636162037,1.6020068e+06
2021-10-19,184432.72462361696,42146.269702308906,1.5977446e+06
2021-10-20,186442.58203910504,42605.55908747206,1.6151561e+06
2021-10-21,185482.63704785993,42386.19400146055,1.6068401e+06
2021-10-22,184864.70170932755,42244.98441140801,1.601487e+06
2021-10-25,186052.59606193425,42516.44011898367,1.6117776e+06
2021-10-26,193888.0928624685,44306.99525002579,1.6796568e+06
2021-10-27,194595.99573290316,44468.76407581994,1.6857895e+06
2021-10-28,198957.6632691624,45465.485328570154,1.7235746e+06
2021-10-29,200307.537135494,45728.490848864996,1.7118806e+06
2021-11-01,198020.91763860354,45206.47525108116,1.7314228e+06
2021-11-02,197503.80395147772,45088.422636348245,1.7359441e+06
2021-11-03,196060.9037482781,44759.020908977356,1.7486265e+06
2021-11-04,196282.35300704383,44809.5758733475,1.7466515e+06
2021-11-05,195739.12189778103,44685.56087538994,1.7514855e+06
2021-11-08,196343.24118561734,44823.47612171819,1.7460799e+06
2021-11-09,193333.35290550595,44091.52099472864,1.7193129e+06
2021-11-10,192380.72258598058,43830.173014347434,1.7277845e+06
2021-11-11,194863.42515181715,44351.97790882354,1.7500819e+06
2021-11-12,195239.58218642653,44393.24132270128,1.7467035e+06
2021-11-15,193241.1304265247,43938.836789278415,1.7645826e+06
2021-11-16,193109.99326361084,43909.01904610147,1.7657802e+06
2021-11-17,191885.70830842867,43630.64323288518,1.7769749e+06
2021-11-18,190851.09218526696,43395.39399337381,1.786556e+06
2021-11-19,192675.55418074527,43810.237032589226,1.7694772e+06
2021-11-22,193894.58638912908,44087.41848524802,1.7582821e+06
2021-11-23,194026.69296834263,44073.369234155194,1.7594799e+06
2021-11-24,189300.96977500117,42999.916195234764,1.716626e+06
2021-11-26,185310.21860619154,42050.412915539535,1.752815e+06
2021-11-29,181985.2759738554,41253.86978407974,1.7213651e+06
2021-11-30,182266.03940245457,41276.26160135238,1.7187094e+06
2021-12-01,181940.24526679306,41161.205473705566,1.7156372e+06
2021-12-02,185518.39486017937,41929.546038513974,1.6818964e+06
2021-12-03,183691.99844384237,41516.756931099066,1.6984542e+06
2021-12-06,188608.24791663972,42586.37585837781,1.743911e+06
2021-12-07,188636.39305677032,42592.73082709964,1.7441714e+06
2021-12-08,189689.44144997952,42787.9087938196,1.7344345e+06
2021-12-09,184313.70615257986,41575.313776160125,1.7835876e+06
2021-12-10,186003.2691629224,41956.42548925994,1.7672379e+06
2021-12-13,179941.99809543515,40547.238965838995,1.7096491e+06
2021-12-14,183400.0895002414,41326.46816213828,1.7425049e+06
2021-12-15,178056.74566354958,40122.425516640484,1.6917371e+06
2021-12-16,177453.92235363266,39986.58829653573,1.6860098e+06
2021-12-17,175322.07327857078,39506.207980653104,1.6657549e+06
2021-12-20,171277.58210825475,38555.33615645286,1.704182e+06
2021-12-21,174370.41763790132,39212.991684872824,1.7349552e+06
2021-12-22,173590.68654797203,38998.43020713152,1.7427134e+06
2021-12-23,177615.49037641013,39863.633691912284,1.7831192e+06
2021-12-27,178237.8629366098,39963.45399967794,1.7768711e+06
2021-12-28,177872.23839665664,39881.4757979489,1.780516e+06
2021-12-29,179240.3148483632,40188.21792021762,1.7668215e+06
2021-12-30,180824.9718838591,40543.52047770974,1.751201e+06
2021-12-31,181669.16737665344,40732.80106707037,1.7430254e+06
2022-01-03,184784.26126960924,41431.24924999148,1.7131376e+06
2022-01-04,191877.76136021473,43021.71246525368,1.6473736e+06
2022-01-05,190361.60027619867,42638.7459580131,1.6343565e+06
2022-01-06,190458.66817924424,42660.488019713746,1.6351899e+06
2022-01-07,190598.08705904245,42691.71619907786,1.6363869e+06
2022-01-10,191028.74798072912,42788.17914962671,1.6400842e+06
2022-01-11,193024.0560002964,43235.10453600125,1.6572151e+06
2022-01-12,184854.7267812202,41405.27145667135,1.587077e+06
2022-01-13,188129.76666053353,42138.84163686416,1.6151951e+06
2022-01-14,183550.83811867418,41113.21582486763,1.5758825e+06
2022-01-18,183963.2472992001,41205.590601365,1.5794234e+06
2022-01-19,182914.0972109909,40970.59339595134,1.5704158e+06
2022-01-20,179535.96947962223,40213.93275671234,1.5414128e+06
2022-01-21,179742.18363990381,40260.122288531966,1.5431831e+06
2022-01-24,174963.08021413596,39189.659671162044,1.502152e+06
2022-01-25,179948.3404446266,40306.29897338509,1.544953e+06
2022-01-26,181846.65730143932,40731.49948697613,1.5612511e+06
2022-01-27,186953.19961482647,41875.304540665755,1.6050934e+06
2022-01-28,188602.83636845663,42244.80365371682,1.6192564e+06
2022-01-31,189949.22935513002,42504.13494752774,1.6076969e+06
2022-02-01,192840.6372240419,43108.628911313244,1.6321691e+06
2022-02-02,200352.21825215893,44744.69933791477,1.5685925e+06
2022-02-03,203471.38691168732,45396.55917369206,1.5930129e+06
2022-02-04,200152.69869490023,44656.1256989952,1.5670304e+06
2022-02-07,202553.597202416,45191.79084985877,1.5858274e+06
2022-02-08,206976.32845019666,46178.54768012678,1.6204536e+06
2022-02-09,201103.79077405293,44868.324124072176,1.5744765e+06
2022-02-10,196222.1436105566,43779.17843294395,1.5362572e+06
2022-02-11,196195.59006937945,43773.25406479757,1.5360494e+06
2022-02-14,199833.48836914686,44584.906592162224,1.564531e+06
2022-02-15,199600.2460867482,44532.86784000435,1.562705e+06
2022-02-16,193755.50225030552,43228.84537545358,1.5169454e+06
2022-02-17,191889.43786659298,42812.50721851216,1.5023356e+06
2022-02-18,191749.50090352833,42781.28584276606,1.5012401e+06
2022-02-22,186784.47197516225,41673.53682229326,1.4623679e+06
2022-02-23,177240.9647448959,39502.608665058986,1.5370858e+06
2022-02-24,178877.43845259253,39827.83539850083,1.5512776e+06
2022-02-25,179767.91403069807,40026.10363768166,1.5590002e+06
2022-02-28,177457.54783637114,39511.69061112046,1.538964e+06
2022-03-01,174304.8590629711,38770.2191282857,1.5663051e+06
2022-03-02,176784.25372960357,39321.70504237669,1.5440252e+06
2022-03-03,180404.49912611023,40126.94769639831,1.5124061e+06
2022-03-04,173589.35851135792,38570.945078657795,1.455272e+06
2022-03-07,171684.89681481046,38147.78038623724,1.4393061e+06
2022-03-08,179557.9888250729,39897.153747203854,1.5053096e+06
2022-03-09,181369.10935777894,40259.68120748196,1.4901262e+06
2022-03-10,177863.55856078,39441.27160844362,1.4613246e+06
2022-03-11,175558.28583810563,38930.07702579691,1.4423845e+06
2022-03-14,182359.848375383,40438.32456995532,1.498266e+06
2022-03-15,186957.75234608827,41457.91048629218,1.5360422e+06
2022-03-16,186430.68861613865,41299.57611220585,1.5403726e+06
2022-03-17,189720.85878244837,41987.1406207262,1.5675575e+06
2022-03-18,190522.8869165048,42122.65039985652,1.5609309e+06
2022-03-21,187402.27410709008,41432.71500924962,1.5864978e+06
2022-03-22,184585.578415792,40768.539852072114,1.5626522e+06
2022-03-23,187426.90871170838,41396.090977117405,1.5867062e+06
2022-03-24,187685.7770924383,41411.86991566756,1.5845148e+06
2022-03-25,192024.44841697748,42327.7628308138,1.6211435e+06
2022-03-28,189113.55021654017,41643.78860229336,1.6457184e+06
2022-03-29,188184.22735417393,41397.50307977329,1.6376312e+06
2022-03-30,191511.9113616969,42088.14253264242,1.6086728e+06
2022-03-31,192201.44858286076,42197.59243617469,1.6144648e+06
2022-04-01,188754.01731675342,41398.51553511974,1.6434228e+06
2022-04-04,191205.06160942384,41936.091352947784,1.6220821e+06
2022-04-05,184205.89623941356,40359.061808102946,1.562705e+06
2022-04-06,183055.82217960863,40066.72432969065,1.5724616e+06
2022-04-07,185728.40877561053,40651.69228708329,1.5495039e+06
2022-04-08,178404.85880582788,39008.08334241179,1.4884046e+06
2022-04-11,176403.5361586554,38570.49570528959,1.4717079e+06
2022-04-12,179880.85805583035,39330.809428140754,1.5007188e+06
2022-04-13,175008.86263120468,38265.55142541735,1.4600724e+06
2022-04-14,175440.39087236678,38359.90473904642,1.4636725e+06
2022-04-18,178429.87606814358,39013.55334732052,1.4886134e+06
2022-04-19,179092.7746101686,39158.49559692045,1.4941438e+06
2022-04-20,175621.72655527433,38399.55364479461,1.4651854e+06
2022-04-21,179861.93709618744,39288.27282141563,1.42981e+06
2022-04-22,184252.9529416321,40208.13928296545,1.4647162e+06
2022-04-25,177361.15054516215,38704.192962193476,1.40993e+06
2022-04-26,185893.79874276873,40566.208749210964,1.4777604e+06
2022-04-27,181686.5486572277,39607.52592557477,1.5112059e+06
2022-04-28,189283.17364278404,41263.5842484721,1.4480198e+06
2022-04-29,194023.42027784567,42255.69073415673,1.4842828e+06
2022-05-02,195858.1150120351,42613.00687433079,1.4702474e+06
2022-05-03,190158.55906019156,41372.949923197484,1.5130321e+06
2022-05-04,198440.82493112923,43174.929138976295,1.4471326e+06
2022-05-05,200315.39911488924,43582.781744798114,1.4334624e+06
2022-05-06,192914.63917876992,41929.00969918878,1.3805024e+06
2022-05-09,189327.2443560223,41107.37878113199,1.4061739e+06
2022-05-10,183039.70384638192,39701.09910392842,1.359475e+06
2022-05-11,179386.68391993133,38908.763326056105,1.3323432e+06
2022-05-12,183440.1605192332,39787.95769100875,1.3624492e+06
2022-05-13,183707.13521145063,39845.86419157247,1.3644322e+06
2022-05-16,187444.4927314162,40656.49269549253,1.3921905e+06
2022-05-17,195978.78510330917,42466.914302894846,1.3288044e+06
2022-05-18,195253.72373837218,42267.33283747925,1.3238882e+06
2022-05-19,194806.38364054408,42170.49538698439,1.320855e+06
2022-05-20,201046.3857793585,43521.292914724545,1.3631644e+06
2022-05-23,201840.81676852977,43649.745187244625,1.3577778e+06
2022-05-24,199586.2229215341,43162.170629740984,1.3729444e+06
2022-05-25,197016.5696298774,42606.4618628219,1.390621e+06
2022-05-26,202455.12707104874,43739.98840663138,1.4290085e+06
2022-05-27,203470.20134671894,43915.55300039078,1.4218438e+06
2022-05-31,203058.5532184619,43826.70581257491,1.4247202e+06
2022-06-01,204668.56176204677,44130.3718357168,1.4360166e+06
2022-06-02,201269.61579767882,43397.49548203695,1.4121688e+06
2022-06-03,202216.24766511956,43558.20953129851,1.4055269e+06
2022-06-06,205037.82244458408,44122.430107454486,1.4251385e+06
2022-06-07,203465.26565879653,43784.02899665617,1.4142084e+06
2022-06-08,199236.57433995014,42874.049877012396,1.3848162e+06
2022-06-09,190357.8710954265,40963.426955442876,1.3231038e+06
2022-06-10,182284.26170795126,39226.053520304864,1.2669872e+06
2022-06-13,183962.18995145592,39587.12969038255,1.2786498e+06
2022-06-14,189432.39216696308,40764.27160522409,1.316671e+06
2022-06-15,184323.35873686333,39664.850202145404,1.2811601e+06
2022-06-16,186339.8992740371,40098.79291500437,1.2951762e+06
2022-06-17,190922.20504915473,41084.86691775699,1.327026e+06
2022-06-21,190463.21901677188,40986.09694989127,1.3238358e+06
2022-06-22,186151.7956631001,40017.32848909266,1.3538028e+06
2022-06-23,179794.7269743736,38650.73997438986,1.400035e+06
2022-06-24,181682.00996529014,39056.45200703696,1.3853391e+06
2022-06-27,187450.24340758892,40296.45773268679,1.3413558e+06
2022-06-28,184687.5840883756,39702.564748272634,1.3611248e+06
2022-06-29,182253.55588675657,39139.615519429935,1.3431862e+06
2022-06-30,184205.00399709403,39558.69611499419,1.3575682e+06
2022-07-01,186525.50618383393,40057.032418827024,1.3746701e+06
2022-07-05,184141.2056602449,39504.938157164586,1.3922421e+06
2022-07-06,185656.11598268506,39790.43618826174,1.403696e+06
2022-07-07,186167.9873650575,39860.35172900336,1.3998259e+06
2022-07-08,183977.02426662704,39351.385163232015,1.3833516e+06
2022-07-11,176437.38330731218,37738.709251306755,1.3266599e+06
2022-07-12,175776.61370268415,37597.37530311662,1.3216914e+06
2022-07-13,176722.54677051894,37799.70370058575,1.328804e+06
2022-07-14,174886.32767636955,37369.149710821504,1.3426109e+06
2022-07-15,176568.97938274886,37728.693331882714,1.329693e+06
2022-07-18,172902.15304580808,36945.17763817855,1.3573069e+06
2022-07-19,171076.7297579208,36555.12704338928,1.3716366e+06
2022-07-20,169400.37089148504,36196.92805618871,1.3850772e+06
2022-07-21,172265.91400939724,36809.22812102988,1.3616475e+06
2022-07-22,173278.23363772186,37025.53733312604,1.3536458e+06
2022-07-25,168638.83437720517,35997.1798384123,1.3174029e+06
2022-07-26,179912.70970699197,38403.67013005198,1.4054742e+06
2022-07-27,174777.90205598262,37269.204600080084,1.4455872e+06
2022-07-28,172040.00714368947,36685.38270692629,1.4682325e+06
2022-07-29,170367.03331400442,36291.95655083979,1.4539549e+06
2022-08-01,168412.196069681,35875.532862788656,1.4372719e+06
2022-08-02,173100.14847970617,36874.17069704301,1.47728e+06
2022-08-03,172377.0512197006,36683.26077288078,1.4834511e+06
2022-08-04,172826.72123225924,36778.95426697245,1.4795814e+06
2022-08-05,174408.97201308855,37115.67030655291,1.4660355e+06
2022-08-08,173177.0616696204,36853.509606746906,1.4763908e+06
2022-08-09,168968.77848132202,35957.95217314326,1.5122676e+06
2022-08-10,170219.2594859412,36224.06486308314,1.5010759e+06
2022-08-11,167319.26526450797,35606.92213142627,1.5266494e+06
2022-08-12,166425.02981651973,35416.621439432776,1.5348085e+06
2022-08-15,166856.05106408242,35508.34632224704,1.5308335e+06
2022-08-16,167295.89508327254,35601.94876376217,1.5267981e+06
2022-08-17,167956.2809287384,35742.48432814579,1.5207712e+06
2022-08-18,170283.16097388565,36237.66362770671,1.4997024e+06
2022-08-19,175281.86356573532,37301.42884126281,1.4556782e+06
2022-08-22,176108.56148786578,37477.35698972184,1.4488126e+06
2022-08-23,176522.64671286423,37565.47774699977,1.4454061e+06
2022-08-24,174564.0601389094,37148.67434115037,1.4614435e+06
2022-08-25,181299.9934799534,38582.13661208414,1.4050506e+06
2022-08-26,179365.89710036092,38131.96278533432,1.3900616e+06
2022-08-29,177837.53567328825,37807.04360057387,1.378217e+06
2022-08-30,176823.1343645721,37591.38882127256,1.3703555e+06
2022-08-31,176099.54207582778,37437.558050361215,1.3647478e+06
2022-09-01,173164.55250692414,36813.59934457582,1.342002e+06
2022-09-02,171264.215965255,36409.60079491845,1.3272746e+06
2022-09-06,174537.35709135997,37105.44820866593,1.352641e+06
2022-09-07,174828.12360807616,37167.26318115448,1.3548945e+06
2022-09-08,178845.08754999776,38021.24223748355,1.3860254e+06
2022-09-09,177364.00492899108,37668.352961248325,1.3975035e+06
2022-09-12,167612.81563725014,35559.73881418247,1.320671e+06
2022-09-13,167765.81724386252,35592.198725726834,1.3218764e+06
2022-09-14,163216.15019154368,34626.9684033505,1.2860282e+06
2022-09-15,162790.45517551055,34536.65547872664,1.2826741e+06
2022-09-16,162644.10716650577,34505.607154907244,1.281521e+06
2022-09-19,161267.2388438565,34213.49895453615,1.2706722e+06
2022-09-20,158939.17641865695,33719.59106647601,1.2523286e+06
2022-09-21,160289.46156015855,34006.059537123176,1.262968e+06
2022-09-22,158254.06383237292,33574.24165191039,1.2469304e+06
2022-09-23,157941.44876928872,33507.919098050836,1.2444671e+06
2022-09-26,157249.6930523463,33361.16031636598,1.2390166e+06
2022-09-27,160349.33356276964,34018.76162536767,1.2634396e+06
2022-09-28,157974.68543748837,33514.97039204492,1.2447291e+06
2022-09-29,154914.96664861127,32865.838638224915,1.2206208e+06
2022-09-30,160129.81679571123,33972.19025269397,1.2617101e+06
2022-10-03,165544.18125775433,35120.86963847391,1.3043714e+06
2022-10-04,165757.0339979666,35166.02721081738,1.3060485e+06
2022-10-05,164154.01627473673,34825.94049766339,1.2934179e+06
2022-10-06,155806.29957256556,33054.93853402818,1.2276436e+06
2022-10-07,152487.17365533655,32350.772505557645,1.2014914e+06
2022-10-10,149932.9617396191,31808.886085634036,1.181366e+06
2022-10-11,150159.11124013425,31856.864619618456,1.1831479e+06
2022-10-12,155806.29977813704,33054.938577641005,1.2276438e+06
2022-10-13,152028.22123083478,32253.403886807515,1.1978752e+06
2022-10-14,157994.6574232804,33519.20752985365,1.2448866e+06
2022-10-17,158639.8692571169,33656.091837916945,1.2499704e+06
2022-10-18,157296.2376184287,33371.03493488378,1.2393836e+06
2022-10-19,157076.76261273003,33324.47242205196,1.2376542e+06
2022-10-20,161047.73319862052,34166.9299414022,1.2689429e+06
2022-10-21,164459.9889065856,34890.85383278915,1.2958291e+06
2022-10-24,162191.7880215474,34374.75495948955,1.313701e+06
2022-10-25,149677.65319617873,31688.147786357862,1.2123405e+06
2022-10-26,146720.60189069837,31062.11259153095,1.1883892e+06
2022-10-27,140819.44464700896,29781.72074363502,1.2361868e+06
2022-10-28,138586.58403892684,29279.71424416103,1.2165855e+06
2022-10-31,140950.77339075317,29749.92579828611,1.1958315e+06
2022-11-01,135965.55986110168,28667.966444841837,1.1535368e+06
2022-11-02,132351.7618818944,27906.007024293085,1.1228772e+06
2022-11-03,136762.47182765388,28835.993153516803,1.1602979e+06
2022-11-04,132759.5014252432,27963.141798728797,1.1942591e+06
2022-11-07,132176.88585800614,27840.42544663425,1.1995001e+06
2022-11-08,129658.89965598306,27282.22143546669,1.1766495e+06
2022-11-09,140325.69052582048,29526.677861433975,1.2734501e+06
2022-11-10,142710.84290888428,30028.550510706264,1.2950952e+06
2022-11-11,145921.87448249955,30674.172260021354,1.2659552e+06
2022-11-14,145668.10994281128,30620.828529127757,1.2681569e+06
2022-11-15,145402.5114081905,30564.997179428756,1.2704691e+06
2022-11-16,145432.5774191556,30571.317342206174,1.2702064e+06
2022-11-17,145709.3990100584,30629.507885568906,1.2677886e+06
2022-11-18,146210.77401043414,30704.27219326401,1.272151e+06
2022-11-21,148010.8431252559,31082.286826195443,1.287813e+06
2022-11-22,146470.499541375,30727.732285079346,1.3012152e+06
2022-11-23,146417.23987466766,30685.831321424805,1.300742e+06
2022-11-25,143027.3163075595,29975.37794269805,1.2706266e+06
2022-11-28,143873.29172844073,30122.70039586769,1.2631111e+06
2022-11-29,135007.31718057234,28266.434428679604,1.3409484e+06
2022-11-30,135245.43490386225,28316.289052504762,1.3385832e+06
2022-12-01,135070.2048292774,28279.60119353071,1.3403176e+06
2022-12-02,132517.31210156027,27716.823341439016,1.3149849e+06
2022-12-05,129826.72477902932,27154.070201334933,1.2882859e+06
2022-12-06,129429.49018393423,27070.98610520627,1.2843441e+06
2022-12-07,131034.33623096916,27406.64967753849,1.3002692e+06
2022-12-08,129985.61032706584,27187.30210588082,1.2898625e+06
2022-12-09,133740.78985802765,27972.72135431297,1.3271256e+06
2022-12-12,136076.5325268298,28461.25651923267,1.3503035e+06
2022-12-13,136235.4346601614,28494.491892696587,1.3518804e+06
2022-12-14,131887.04509973826,27584.999062253133,1.3087308e+06
2022-12-15,134175.11476563904,28035.978121855722,1.286026e+06
2022-12-16,131850.114422196,27522.131798977083,1.2637416e+06
2022-12-19,132590.40132161023,27676.657820467626,1.270837e+06
2022-12-20,131148.25316691675,27347.950012533543,1.2846596e+06
2022-12-21,134496.3167656549,28046.11162525849,1.2518638e+06
2022-12-22,134191.38599145404,27982.525329835134,1.254702e+06
2022-12-23,135186.32030907195,28189.99598481472,1.2453992e+06
2022-12-27,133799.98653383894,27872.71798445134,1.2326278e+06
2022-12-28,137496.84968228993,28642.834832989476,1.2666849e+06
2022-12-29,138175.73611903508,28755.615108016675,1.2604308e+06
2022-12-30,138037.4420976657,28698.079261574767,1.2591692e+06
2023-01-03,144075.64316036375,29924.727341017217,1.2040891e+06
2023-01-04,139805.56979512228,29007.90196636301,1.1684026e+06
2023-01-05,141453.22642892454,29349.770049141145,1.1821728e+06
2023-01-06,142830.46386395776,29635.52954040029,1.1936828e+06
2023-01-09,141742.50406445152,29380.15600018071,1.2027752e+06
2023-01-10,137456.46086471318,28491.751927859765,1.239145e+06
2023-01-11,139053.89018020994,28794.37272963152,1.2535456e+06
2023-01-12,138634.11466151397,28678.653980083363,1.2573299e+06
2023-01-13,137985.0742445258,28544.389729301078,1.2632162e+06
2023-01-17,140591.49007819814,29083.567968399042,1.2393552e+06
2023-01-18,138278.20398172722,28575.9446724596,1.218963e+06
2023-01-19,143220.76810836516,29597.352493474926,1.2625331e+06
2023-01-20,141813.7244231491,29276.981892973537,1.2749366e+06
2023-01-23,142129.39919163243,29342.15192160475,1.2720985e+06
2023-01-24,142969.11858475648,29515.50925755846,1.2645829e+06
2023-01-25,147360.19747785464,30392.517695590086,1.3034225e+06
2023-01-26,147265.1132468812,30342.51439274428,1.3042636e+06
2023-01-27,150499.3090756262,31008.888331004415,1.2756198e+06
2023-01-30,147336.88460711672,30357.302168904695,1.3024241e+06
2023-01-31,150273.97113085707,30932.10238269088,1.3283874e+06
2023-02-01,157319.48321634292,32382.33690785,1.390668e+06
2023-02-02,153603.5149571088,31617.44921784966,1.3578196e+06
2023-02-03,152664.07671732592,31424.077074979523,1.3495152e+06
2023-02-06,159079.3557061578,32744.58564344795,1.4062249e+06
2023-02-07,158585.89063924598,32643.011752393282,1.4018628e+06
2023-02-08,156736.78841009518,32262.396140536264,1.3855172e+06
2023-02-09,156427.61162867697,32198.75579227628,1.3827841e+06
2023-02-10,161314.89147300945,33204.74398424409,1.4259866e+06
2023-02-13,160809.50917784908,33067.51233008598,1.4304541e+06
2023-02-14,159524.1255828349,32770.12936716886,1.4190201e+06
2023-02-15,163771.05041945836,33609.78073392534,1.3812422e+06
2023-02-16,161215.95732111947,33051.8040484791,1.3596926e+06
2023-02-17,157848.67437558324,32361.45814264569,1.3312931e+06
2023-02-21,157124.00643181783,32212.88982921353,1.3251812e+06
2023-02-22,155087.40874420915,31763.142417275263,1.3423579e+06
2023-02-23,158465.87504703115,32455.079352694,1.3131156e+06
2023-02-24,157868.19539945497,32332.669777863975,1.3180682e+06
2023-02-27,157401.1917348087,32204.69102031109,1.3141691e+06
2023-02-28,159389.02289333288,32579.201726774405,1.2975724e+06
2023-03-01,156256.52727932172,31938.91794396081,1.3230738e+06
2023-03-02,153655.4680875047,31407.260050743167,1.3450978e+06
2023-03-03,152704.49219870218,31212.88006926019,1.3534225e+06
2023-03-06,154321.48132175492,31543.393512869105,1.3390911e+06
2023-03-07,154594.74361135307,31599.248471357034,1.3367199e+06
2023-03-08,155435.64737162442,31771.129650759318,1.329449e+06
2023-03-09,157733.42223611125,32240.796064881983,1.309796e+06
2023-03-10,161115.38300740081,32899.82986351499,1.3378794e+06
2023-03-13,165474.4669734468,33789.95666684514,1.3740765e+06
2023-03-14,162523.93959844398,33153.66776294383,1.3985772e+06
2023-03-15,155935.85140957672,31809.747060883943,1.4552702e+06
2023-03-16,154112.29078423898,31437.754336197293,1.4722888e+06
2023-03-17,158083.25286758086,32247.800892634714,1.4343526e+06
2023-03-20,157183.16104794314,32064.18889542284,1.4425196e+06
2023-03-21,156327.73354298424,31857.623895356068,1.434669e+06
2023-03-22,159410.79878405295,32485.91377501332,1.4629632e+06
2023-03-23,157740.1377316232,32112.968172744888,1.4782954e+06
2023-03-24,155384.49373057685,31601.289750149735,1.4562189e+06
2023-03-27,154737.93866832968,31469.79674611211,1.4501595e+06
2023-03-28,157706.45071686967,32073.51727909772,1.4779796e+06
2023-03-29,159696.64681378528,32478.27300477069,1.496631e+06
2023-03-30,157307.24538238713,31959.850702537628,1.5190238e+06
2023-03-31,157891.06649674723,32078.464664701805,1.5133861e+06
2023-04-03,157918.56026004403,32084.05052673938,1.5131226e+06
2023-04-04,159480.25515653656,32401.33747441613,1.498159e+06
2023-04-05,155408.26124733142,31574.03726276034,1.5364115e+06
2023-04-06,156586.11474699323,31813.339793976535,1.5247669e+06
2023-04-10,160135.66367762402,32534.49573061856,1.490203e+06
2023-04-11,159761.98782174327,32458.576630159703,1.4936804e+06
2023-04-12,156183.43785893536,31731.528602175367,1.5271378e+06
2023-04-13,158177.176843021,32136.593226607092,1.5076434e+06
2023-04-14,156706.76327962463,31837.851755145308,1.5216584e+06
2023-04-17,156940.06548804173,31885.251375750562,1.5193929e+06
2023-04-18,156983.59049289272,31862.209027023597,1.5198142e+06
2023-04-19,158257.08791864954,32088.822503559884,1.507485e+06
2023-04-20,158450.64188255172,32128.068257884075,1.5056412e+06
2023-04-21,156238.1927792027,31647.335406679467,1.4846179e+06
2023-04-24,159759.1746915686,32328.892016859696,1.4511606e+06
2023-04-25,148187.07139790087,29987.159352609306,1.556275e+06
2023-04-26,143440.96059814593,29026.735615809503,1.6061191e+06
2023-04-27,142297.53045893658,28795.35091085789,1.6189222e+06
2023-04-28,143084.8319475728,28954.669365400303,1.6099651e+06
2023-05-01,143155.06538895087,28968.881815775487,1.6091749e+06
2023-05-02,142681.64788291068,28844.112092091244,1.6038532e+06
2023-05-03,142208.23039077508,28719.56325965052,1.6091748e+06
2023-05-04,139768.34212434207,28226.817338955578,1.6367836e+06
2023-05-05,140668.1743084421,28408.542315515067,1.6262459e+06
2023-05-08,141420.17532553273,28560.41215260051,1.617552e+06
2023-05-09,138974.10962103584,28066.41867174135,1.64553e+06
2023-05-10,139953.07050603803,28264.124029499377,1.6339384e+06
2023-05-11,140467.54937267574,28368.025247562164,1.627932e+06
2023-05-12,140244.7922417118,28323.03848767719,1.6305136e+06
2023-05-15,141278.08893078257,28503.394156084392,1.642527e+06
2023-05-16,139942.7911589275,28205.48933531662,1.6580512e+06
2023-05-17,141957.2231219619,28583.29289281789,1.6819184e+06
2023-05-18,142037.41196356705,28570.855739557333,1.6809682e+06
2023-05-19,140770.29790623265,28315.97547641263,1.6959642e+06
2023-05-22,143364.9659030169,28837.89349789267,1.6647044e+06
2023-05-23,144006.15592502654,28966.869007705387,1.657259e+06
2023-05-24,138467.9815399319,27852.864047817515,1.7209936e+06
2023-05-25,135506.7456052996,27257.210807381998,1.7577982e+06
2023-05-26,136190.63111510436,27394.774523679625,1.7489269e+06
2023-05-30,135031.07667089903,27134.13512515469,1.7340362e+06
2023-05-31,136753.98245327867,27480.348452187096,1.7561612e+06
2023-06-01,135594.4279779901,27219.85872105671,1.771052e+06
2023-06-02,135812.72285722173,27236.46039586637,1.7739032e+06
2023-06-05,136726.40578086674,27392.457790448865,1.7619694e+06
2023-06-06,140946.848381145,28238.002549157885,1.7075811e+06
2023-06-07,141766.28002044864,28373.933614489866,1.7175085e+06
2023-06-08,141099.42524167564,28212.091459654635,1.7255875e+06
2023-06-09,138914.68108548212,27775.263302169893,1.752306e+06
2023-06-12,137893.22799758607,27571.02910427638,1.7651909e+06
2023-06-13,136635.1385240614,27319.480699804044,1.781296e+06
2023-06-14,132276.95354895652,26448.084427954203,1.838113e+06
2023-06-15,134469.5467063108,26886.48195213364,1.8076449e+06
2023-06-16,136150.7593330181,27222.6316161493,1.7850446e+06
2023-06-20,134342.40721808936,26833.838445388526,1.7613358e+06
2023-06-21,136819.34674246408,27328.587619624843,1.7938105e+06
2023-06-22,138708.27494658396,27678.55757320231,1.7690451e+06
2023-06-23,141366.33301930194,28208.960055873016,1.735145e+06
2023-06-26,138797.99309612007,27696.460390955992,1.7666691e+06
2023-06-27,138266.9697445128,27590.49727941246,1.7734281e+06
2023-06-28,138596.33750210633,27656.221003860905,1.7692038e+06
2023-06-29,136325.33528747072,27203.0536238263,1.7981934e+06
2023-06-30,137346.16900862174,27406.755997995584,1.784728e+06
2023-07-03,137281.1484453858,27393.781462744093,1.7855729e+06
2023-07-05,136014.516889556,27141.031333340703,1.8020475e+06
2023-07-06,137628.6400216619,27463.121706531747,1.7806621e+06
2023-07-07,139828.46117118807,27902.08525330901,1.7522005e+06
2023-07-10,139558.77614808723,27848.270926504054,1.75558e+06
2023-07-11,137573.29461653734,27452.077801741336,1.7805562e+06
2023-07-12,135345.67574939798,27007.567356427153,1.8093874e+06
2023-07-13,134326.6404709025,26804.223852690095,1.8230105e+06
2023-07-14,134517.33722907063,26815.47223386052,1.8255985e+06
2023-07-17,129163.57684777144,25721.406875413144,1.8982571e+06
2023-07-18,130748.0816648416,26036.94236994305,1.8749704e+06
2023-07-19,133771.20149254496,26638.961120268705,1.8316179e+06
2023-07-20,134966.69071527623,26877.028735485674,1.815249e+06
2023-07-21,134440.62224697927,26772.268388585875,1.8223245e+06
2023-07-24,132153.91352517376,26316.897247010602,1.8533205e+06
2023-07-25,137127.84488836204,27307.39716568138,1.7835662e+06
2023-07-26,139989.97300766743,27877.356311153006,1.7463396e+06
2023-07-27,143228.1115641782,28494.316155573295,1.7867346e+06
2023-07-28,142191.03903312236,28287.99721264061,1.7737974e+06
2023-07-31,142013.23895829968,28224.337028437905,1.7760152e+06
2023-08-01,145745.75620542458,28966.153957057108,1.7293364e+06
2023-08-02,146119.58941724614,29040.45121722997,1.7249006e+06
2023-08-03,146620.58793991234,29110.98142053906,1.7308148e+06
2023-08-04,147662.82663095737,29317.914100301696,1.7431181e+06
2023-08-07,145846.724372012,28957.33363980303,1.7216795e+06
2023-08-08,144138.00278654922,28618.07321924281,1.7015085e+06
2023-08-09,144451.08153730803,28680.233860013403,1.7052044e+06
2023-08-10,143592.27272393918,28509.720511505886,1.6950665e+06
2023-08-11,142236.92733752955,28212.111922161894,1.711066e+06
2023-08-14,143193.84618667283,28401.912856263854,1.6995546e+06
2023-08-15,143541.59453994012,28470.88731772592,1.6954271e+06
2023-08-16,141964.62742259586,28129.63146208199,1.6768009e+06
2023-08-17,142143.8285547782,28137.00970252713,1.6746844e+06
2023-08-18,139718.4772229824,27656.917568745343,1.7032589e+06
2023-08-21,139466.74015038245,27607.086854839246,1.7063276e+06
2023-08-22,137503.13948558283,27218.397092370487,1.7303516e+06
2023-08-23,140459.2429689731,27803.550266022154,1.6931519e+06
2023-08-24,141780.57546490958,28037.301126077236,1.7090798e+06
2023-08-25,141464.49127239632,27946.757747107797,1.7128899e+06
2023-08-28,143522.81272427802,28325.43890329175,1.7378126e+06
2023-08-29,143356.71907469686,28264.33348025817,1.7398238e+06
2023-08-30,143805.8087951049,28352.87639406157,1.7343732e+06
2023-08-31,143410.9314771185,28275.02204393834,1.7391355e+06
2023-09-01,145544.686149866,28667.439920175446,1.7650116e+06
2023-09-05,145837.04024253256,28696.356467748334,1.7614662e+06
2023-09-06,147138.20326575747,28952.38633420078,1.7457504e+06
2023-09-07,149082.7055770993,29306.05369512576,1.7688215e+06
2023-09-08,147445.8703881482,28954.985437345444,1.7882421e+06
2023-09-11,150137.91453870328,29483.641132963206,1.7555928e+06
2023-09-12,148196.5233272479,29102.396449013086,1.7782938e+06
2023-09-13,149360.72640041917,29301.91682064193,1.7922636e+06
2023-09-14,145621.20526944433,28568.2893151416,1.747391e+06
2023-09-15,146132.76547363607,28640.08003527444,1.7412524e+06
2023-09-18,146314.83454010295,28675.76315273724,1.7390829e+06
2023-09-19,142806.64780135851,27959.52941002614,1.697385e+06
2023-09-20,143358.67697036374,28039.649413492363,1.6908235e+06
2023-09-21,142228.07447799336,27790.4742305901,1.6774889e+06
2023-09-22,142465.85659430685,27836.93536563786,1.6802932e+06
2023-09-25,144888.60209873412,28282.487715440973,1.6517185e+06
2023-09-26,145190.31660915999,28313.10038449483,1.655158e+06
2023-09-27,145584.87299739633,28390.04156685723,1.659656e+06
2023-09-28,146564.30450175956,28581.037379459678,1.6708214e+06
2023-09-29,149372.56238618155,29128.66678921725,1.7028352e+06
2023-10-02,153276.31155865497,29860.79579289416,1.6583329e+06
2023-10-03,156000.57374804004,30361.66695493809,1.6878072e+06
2023-10-04,155804.95449458508,30293.232821448728,1.6899236e+06
2023-10-05,151950.77969285444,29543.863746619692,1.7317276e+06
2023-10-06,150762.17647729727,29312.76304729984,1.7452736e+06
2023-10-09,151415.81583741217,29439.850464907675,1.7377068e+06
2023-10-10,149557.63892385425,29078.564226941427,1.7590319e+06
2023-10-11,150124.51617294457,29188.782445248933,1.7523645e+06
2023-10-12,151679.43421284834,29491.105913420233,1.7342144e+06
2023-10-13,149407.00937620414,29049.277250981282,1.7601959e+06
2023-10-16,149667.53695401084,29099.931754212634,1.7571266e+06
2023-10-17,148788.62833250468,28899.94519316968,1.746808e+06
2023-10-18,149334.00651525846,29005.876673066865,1.7532109e+06
2023-10-19,151429.85484763392,29383.957699591057,1.7286051e+06
2023-10-20,150201.45694769712,29145.595244800836,1.7426275e+06
2023-10-23,150753.34872386273,29223.54058365169,1.7490306e+06
2023-10-24,146128.53828871678,28297.79741954216,1.8026875e+06
2023-10-25,151610.44472283026,29359.368824841058,1.7350609e+06
2023-10-26,150722.68344519593,29187.45381709784,1.7452206e+06
2023-10-27,147295.19138042085,28523.719838492907,1.7849075e+06
2023-10-30,147644.54212229842,28562.84790411528,1.7891409e+06
2023-10-31,144168.6115366625,27861.8424774632,1.8312619e+06
2023-11-01,143231.27083985286,27680.693206731794,1.8431681e+06
2023-11-02,145073.45670825095,28009.031011119212,1.8668741e+06
2023-11-03,143539.6512975408,27684.893354731787,1.886612e+06
2023-11-06,141929.24820336138,27374.29041319287,1.9077784e+06
2023-11-07,140878.15038793284,27171.562242527252,1.9219069e+06
2023-11-08,141851.71713686845,27359.336779906647,1.9086252e+06
2023-11-09,138320.08146331046,26678.180346082325,1.9561436e+06
2023-11-10,139438.8662133164,26893.963484823624,1.9403215e+06
2023-11-13,138073.69133485886,26630.658394007205,1.9593184e+06
2023-11-14,138017.63077112698,26619.845836541077,1.9601139e+06
2023-11-15,135590.83315524022,26151.782603963802,1.9945791e+06
2023-11-16,137868.87524752525,26591.154943330643,1.9610684e+06
2023-11-17,135039.54556078019,26045.45422624762,2.0013132e+06
2023-11-20,136603.0531847869,26347.012307507066,1.9781418e+06
2023-11-21,134852.8179300609,26009.439546707064,2.003487e+06
2023-11-22,135002.70838669053,26038.349337619693,2.0012601e+06
2023-11-24,135424.81028298676,26093.722959665287,2.0075174e+06
2023-11-27,136887.75406830135,26375.60372995985,2.029204e+06
2023-11-28,135510.6318687139,26110.259107489637,2.0087896e+06
2023-11-29,135489.16811871773,26080.013201856917,2.009108e+06
2023-11-30,137062.5077007506,26382.861891830922,1.9857776e+06
2023-12-01,139027.80768082413,26761.15818029154,1.9573042e+06
2023-12-04,137754.81380404893,26516.122377259,1.975226e+06
2023-12-05,136379.1734310751,26224.812252628148,1.9555011e+06
2023-12-06,135584.08835394323,26045.697843319947,1.9669016e+06
2023-12-07,134385.2538709581,25815.4017880301,1.984293e+06
2023-12-08,135437.41838374065,26017.52254802562,1.968757e+06
2023-12-11,136560.9040057821,26207.326567653083,1.9850885e+06
2023-12-12,136557.2578326833,26206.62683261678,1.9850355e+06
2023-12-13,133478.64204049815,25615.81140100017,1.940284e+06
2023-12-14,135229.51849450535,25951.821120208224,1.9657352e+06
2023-12-15,134529.19282860868,25791.47019296401,1.9759154e+06
2023-12-18,134308.95602546044,25749.247157023936,1.9791502e+06
2023-12-19,133359.0194154455,25541.37935814395,1.9651521e+06
2023-12-20,134409.70012965536,25742.609352362182,1.9806348e+06
2023-12-21,134783.90202512025,25814.277790016415,1.9861489e+06
2023-12-22,134755.09406502053,25782.946112348487,1.9865734e+06
2023-12-26,134542.89503017737,25716.562724980737,1.9834451e+06
2023-12-27,134978.1124069511,25799.750283612448,1.9898611e+06
2023-12-28,134704.7603204223,25721.7019469011,1.9938908e+06
